Wochendatum	Gruppe	Sterbefallzahl	Erwartete_Sterbefahllzahl	zscore	Hochrechnung
2016-10-09	Brandenburg	572	546.297314465261	0.824742973778349	nein
2016-10-16	Brandenburg	588	552.462173433824	1.13093655949202	nein
2016-10-23	Brandenburg	580	558.923316070232	0.669769924581506	nein
2016-10-30	Brandenburg	546	565.59826982679	-0.626664413446703	nein
2016-11-06	Brandenburg	550	572.398522105461	-0.71254179698736	nein
2016-11-13	Brandenburg	607	579.230520892565	0.865626827500359	nein
2016-11-20	Brandenburg	563	585.996925114227	-0.723162446639942	nein
2016-11-27	Brandenburg	568	592.598100970883	-0.769547037960036	nein
2016-12-04	Brandenburg	613	598.933845865521	0.433006787387631	nein
2016-12-11	Brandenburg	627	604.905305925176	0.675400845005039	nein
2016-12-18	Brandenburg	642	610.417037569505	0.958791285313517	nein
2016-12-25	Brandenburg	634	615.379149306533	0.56501569890702	nein
2017-01-01	Brandenburg	637	619.709448198689	0.523064983712855	nein
2017-01-08	Brandenburg	731	623.33550744503	3.17548352604063	nein
2017-01-15	Brandenburg	733	626.196568272924	3.14425855469884	nein
2017-01-22	Brandenburg	716	628.245191499844	2.59156840236795	nein
2017-01-29	Brandenburg	717	629.448581952957	2.5836820935314	nein
2017-02-05	Brandenburg	799	629.789522160671	4.89952799356688	nein
2017-02-12	Brandenburg	806	629.266869587756	5.11161175297788	nein
2017-02-19	Brandenburg	837	627.895592950102	6.01239777788704	nein
2017-02-26	Brandenburg	807	625.706346248504	5.25379009286168	nein
2017-03-05	Brandenburg	699	622.744602346102	2.27009746382585	nein
2017-03-12	Brandenburg	640	619.069389417403	0.633872487392792	nein
2017-03-19	Brandenburg	641	614.751691828957	0.796708687573668	nein
2017-03-26	Brandenburg	582	609.872590716696	-0.862181503264947	nein
2017-04-02	Brandenburg	614	604.521227894582	0.291527170394739	nein
2017-04-09	Brandenburg	613	598.792679459891	0.438546514193334	nein
2017-04-16	Brandenburg	549	592.785822749797	-1.38135668494231	nein
2017-04-23	Brandenburg	562	586.60127279006	-0.776022545592909	nein
2017-04-30	Brandenburg	611	580.339453035181	0.957344476918831	nein
2017-05-07	Brandenburg	582	574.098851214046	0.249667752497064	nein
2017-05-14	Brandenburg	592	567.974495722211	0.759836800192308	nein
2017-05-21	Brandenburg	587	562.056672445359	0.792865250582096	nein
2017-05-28	Brandenburg	555	556.429887209507	-0.0460411055667663	nein
2017-06-04	Brandenburg	568	551.172066062864	0.541536459192727	nein
2017-06-11	Brandenburg	575	546.353974879041	0.922761777487647	nein
2017-06-18	Brandenburg	560	542.038831653822	0.582767601327604	nein
2017-06-25	Brandenburg	569	538.282079440645	0.996418734827295	nein
2017-07-02	Brandenburg	523	535.13128503832	-0.399934618372541	nein
2017-07-09	Brandenburg	532	532.626128077308	-0.0206180662703054	nein
2017-07-16	Brandenburg	514	530.79844673246	-0.557036587910161	nein
2017-07-23	Brandenburg	566	529.672309567651	1.18631452953752	nein
2017-07-30	Brandenburg	557	529.264087637023	0.908535437565872	nein
2017-08-06	Brandenburg	567	529.582506599137	1.22186705532532	nein
2017-08-13	Brandenburg	526	530.628664951129	-0.152982451747768	nein
2017-08-20	Brandenburg	559	532.396011305577	0.869490220117052	nein
2017-08-27	Brandenburg	545	534.870280688733	0.332000403020921	nein
2017-09-03	Brandenburg	590	538.02939692718	1.67747937959447	nein
2017-09-10	Brandenburg	505	541.843355100671	-1.21776575738127	nein
2017-09-17	Brandenburg	578	546.274104542757	1.02261715304393	nein
2017-09-24	Brandenburg	539	551.275458704406	-0.399140453692425	nein
2017-10-01	Brandenburg	519	556.793063053759	-1.23245628288762	nein
2017-10-08	Brandenburg	600	562.764455721286	1.1811382072255	nein
2017-10-15	Brandenburg	615	569.119257439831	1.44395676242573	nein
2017-10-22	Brandenburg	557	575.779527096581	-0.598621488141636	nein
2017-10-29	Brandenburg	591	582.66031656757	0.262194138880297	nein
2017-11-05	Brandenburg	604	589.670453187093	0.447092929045942	nein
2017-11-12	Brandenburg	555	596.713570094121	-1.3146192859553	nein
2017-11-19	Brandenburg	643	603.689393866733	1.20422221529531	nein
2017-11-26	Brandenburg	584	610.495285611743	-0.82172171280022	nein
2017-12-03	Brandenburg	561	617.02801659233	-1.74282034816171	nein
2017-12-10	Brandenburg	648	623.185743389994	0.751184882618832	nein
2017-12-17	Brandenburg	622	628.870131580548	-0.208771331579335	nein
2017-12-24	Brandenburg	590	633.98856219596	-1.34475419250577	nein
2017-12-31	Brandenburg	658	638.456343147565	0.585384042411181	nein
2018-01-07	Brandenburg	614	642.198839541048	-0.852753276423767	nein
2018-01-14	Brandenburg	601	645.153433455098	-1.33788744148251	nein
2018-01-21	Brandenburg	703	647.271225980166	1.64326754426535	nein
2018-01-28	Brandenburg	632	648.518402368651	-0.495568617816743	nein
2018-02-04	Brandenburg	659	648.877194765973	0.301546652162352	nein
2018-02-11	Brandenburg	684	648.346395381978	1.05579552445154	nein
2018-02-18	Brandenburg	711	646.941394864038	1.88596779957593	nein
2018-02-25	Brandenburg	794	644.693744431586	4.31750542044155	nein
2018-03-04	Brandenburg	844	641.650264217231	5.79746850601256	nein
2018-03-11	Brandenburg	908	637.871742414654	7.65261259343293	nein
2018-03-18	Brandenburg	862	633.431288620863	6.55188863593748	nein
2018-03-25	Brandenburg	772	628.41241888574	4.20886426918101	nein
2018-04-01	Brandenburg	795	622.90695861182	5.03297383021973	nein
2018-04-08	Brandenburg	717	617.012852268697	2.98719224158337	nein
2018-04-15	Brandenburg	708	610.831966102086	2.91914505254481	nein
2018-04-22	Brandenburg	649	604.467962284143	1.36275883865839	nein
2018-04-29	Brandenburg	583	598.024311273944	-0.46981711120536	nein
2018-05-06	Brandenburg	583	591.602494753864	-0.269993222845691	nein
2018-05-13	Brandenburg	613	585.300435673329	0.865216606185067	nein
2018-05-20	Brandenburg	537	579.211175906016	-1.35257165578222	nein
2018-05-27	Brandenburg	571	573.421806893394	-0.0770832525220264	nein
2018-06-03	Brandenburg	623	568.012645262547	1.73012992717712	nein
2018-06-10	Brandenburg	531	563.056634364258	-1.03904663288059	nein
2018-06-17	Brandenburg	538	558.618944310875	-0.668675465606383	nein
2018-06-24	Brandenburg	518	554.75673749832	-1.2022971631502	nein
2018-07-01	Brandenburg	574	551.519063675198	0.724350129682997	nein
2018-07-08	Brandenburg	527	548.9468481366	-0.718415467197705	nein
2018-07-15	Brandenburg	540	547.072938246141	-0.230864967459127	nein
2018-07-22	Brandenburg	552	545.922176863422	0.197800658654207	nein
2018-07-29	Brandenburg	629	545.511476011064	2.65807040031873	nein
2018-08-05	Brandenburg	715	545.849869916238	5.26407649191153	nein
2018-08-12	Brandenburg	669	546.938533104441	3.84131046658563	nein
2018-08-19	Brandenburg	582	548.770756246164	1.07002450438834	nein
2018-08-26	Brandenburg	588	551.33187972878	1.17688943842555	nein
2018-09-02	Brandenburg	511	554.59919223238	-1.4295454733556	nein
2018-09-09	Brandenburg	538	558.541808712767	-0.666269637684844	nein
2018-09-16	Brandenburg	535	563.120548901382	-0.910401686619923	nein
2018-09-23	Brandenburg	531	568.287843448796	-1.20492765238301	nein
2018-09-30	Brandenburg	524	573.987699850937	-1.61329935776316	nein
2018-10-07	Brandenburg	556	580.155763948301	-0.769263782470732	nein
2018-10-14	Brandenburg	613	586.719514692037	0.820285718395923	nein
2018-10-21	Brandenburg	596	593.598629638494	0.0750111359184686	nein
2018-10-28	Brandenburg	575	600.70555591298	-0.804473860188139	nein
2018-11-04	Brandenburg	557	607.946315907929	-1.59613067966785	nein
2018-11-11	Brandenburg	603	615.221568625649	-0.376398898653066	nein
2018-11-18	Brandenburg	574	622.427936414172	-1.49759446847261	nein
2018-11-25	Brandenburg	581	629.459593193204	-1.48981480708032	nein
2018-12-02	Brandenburg	613	636.210094715194	-0.70471254450539	nein
2018-12-09	Brandenburg	645	642.574414817842	0.0727779166568733	nein
2018-12-16	Brandenburg	598	648.451135104062	-1.5279450900748	nein
2018-12-23	Brandenburg	694	653.744720310556	1.1860446972072	nein
2018-12-30	Brandenburg	631	658.367799140604	-0.817284791656288	nein
2019-01-06	Brandenburg	643	662.243361818959	-0.571722620922344	nein
2019-01-13	Brandenburg	670	665.306782145717	0.13826709456165	nein
2019-01-20	Brandenburg	635	667.507574100734	-0.965163554517338	nein
2019-01-27	Brandenburg	629	668.810801337562	-1.18305061042681	nein
2019-02-03	Brandenburg	685	669.198071931458	0.462901292793779	nein
2019-02-10	Brandenburg	674	668.668069695811	0.156661056020882	nein
2019-02-17	Brandenburg	697	667.236595956816	0.870231591609985	nein
2019-02-24	Brandenburg	667	664.936120212831	0.0608636495215501	nein
2019-03-03	Brandenburg	686	661.814862736736	0.711016137481663	nein
2019-03-10	Brandenburg	686	657.935455032872	0.826724432741881	nein
2019-03-17	Brandenburg	682	653.373243445447	0.846120629280487	nein
2019-03-24	Brandenburg	637	648.214315797008	-0.336175309365237	nein
2019-03-31	Brandenburg	616	642.55333985297	-0.802829117820467	nein
2019-04-07	Brandenburg	630	636.491305336605	-0.196167728437361	nein
2019-04-14	Brandenburg	582	630.13325836606	-1.47875424634899	nein
2019-04-21	Brandenburg	646	623.586109226734	0.679212482832655	nein
2019-04-28	Brandenburg	615	616.956582363596	-0.059997067973972	nein
2019-05-05	Brandenburg	592	610.349362635283	-0.568306991569595	nein
2019-05-12	Brandenburg	548	603.865475549118	-1.75863468748598	nein
2019-05-19	Brandenburg	503	597.600922672527	-3.03006576548296	nein
2019-05-26	Brandenburg	610	591.645577809106	0.571597010494767	nein
2019-06-02	Brandenburg	555	586.082335720135	-0.986417828665229	nein
2019-06-09	Brandenburg	608	580.986493778702	0.846854288437184	nein
2019-06-16	Brandenburg	584	576.425338307567	0.239702636740733	nein
2019-06-23	Brandenburg	598	572.457901572884	0.806934612560543	nein
2019-06-30	Brandenburg	617	569.134852384166	1.50707913923346	nein
2019-07-07	Brandenburg	569	566.498482741906	0.0799687501743605	nein
2019-07-14	Brandenburg	583	564.582754643609	0.587030733583454	nein
2019-07-21	Brandenburg	563	563.413374632183	-0.0132621421616598	nein
2019-07-28	Brandenburg	625	563.007868572201	1.95448973180156	nein
2019-08-04	Brandenburg	619	563.375635119495	1.7562170179963	nein
2019-08-11	Brandenburg	559	564.517963097012	-0.177115321609746	nein
2019-08-18	Brandenburg	529	566.428005234551	-1.21092831238328	nein
2019-08-25	Brandenburg	541	569.090708233668	-0.904038208199423	nein
2019-09-01	Brandenburg	632	572.482706660626	1.86235045856617	nein
2019-09-08	Brandenburg	578	576.572195526529	0.0452476878084744	nein
2019-09-15	Brandenburg	549	581.318803340827	-1.03005880433127	nein
2019-09-22	Brandenburg	562	586.673493641877	-0.780906996611374	nein
2019-09-29	Brandenburg	583	592.578528190949	-0.300291539069989	nein
2019-10-06	Brandenburg	563	598.967528795108	-1.12993714684161	nein
2019-10-13	Brandenburg	629	605.765676700897	0.713834976081303	nein
2019-10-20	Brandenburg	666	612.89008827277	1.60957876769668	nein
2019-10-27	Brandenburg	583	620.250402873119	-1.14962382212143	nein
2019-11-03	Brandenburg	596	627.749613218633	-0.972271705322759	nein
2019-11-10	Brandenburg	627	635.285159870713	-0.250567996435219	nein
2019-11-17	Brandenburg	605	642.75029999986	-1.1438043409719	nein
2019-11-24	Brandenburg	610	650.035746471171	-1.20669226949563	nein
2019-12-01	Brandenburg	641	657.031557238054	-0.477498121646855	nein
2019-12-08	Brandenburg	702	663.629237895006	1.12175601045713	nein
2019-12-15	Brandenburg	597	669.724003168623	-2.17689208594354	nein
2019-12-22	Brandenburg	686	675.217127437748	0.314591744506543	nein
2019-12-29	Brandenburg	632	680.018301457078	-1.41660277566598	nein
2020-01-05	Brandenburg	660	684.047903635379	-0.702983455575469	nein
2020-01-12	Brandenburg	703	687.239090594949	0.45519914511041	nein
2020-01-19	Brandenburg	677	689.539614058115	-0.364037098071826	nein
2020-01-26	Brandenburg	663	690.913279636878	-0.812619594810343	nein
2020-02-02	Brandenburg	694	691.34097756247	0.0768123200897491	nein
2020-02-09	Brandenburg	684	690.821234943897	-0.197583772674935	nein
2020-02-16	Brandenburg	723	689.37025691913	0.965848017133715	nein
2020-02-23	Brandenburg	646	687.021449552439	-1.20187833042956	nein
2020-03-01	Brandenburg	652	683.824492545149	-0.932549984042347	nein
2020-03-08	Brandenburg	638	679.843964464049	-1.23306496827328	nein
2020-03-15	Brandenburg	669	675.15759332386	-0.180475327069497	nein
2020-03-22	Brandenburg	633	669.854220480388	-1.09309175588316	nein
2020-03-29	Brandenburg	676	664.031569491524	0.352201639290284	nein
2020-04-05	Brandenburg	715	657.793914664995	1.67295682637377	nein
2020-04-12	Brandenburg	681	651.249741100562	0.880246446554056	nein
2020-04-19	Brandenburg	652	644.509479845392	0.224050235345812	nein
2020-04-26	Brandenburg	701	637.683389382129	1.87759193285067	nein
2020-05-03	Brandenburg	587	630.879639355786	-1.34531339039467	nein
2020-05-10	Brandenburg	584	624.202635595975	-1.23814087698079	nein
2020-05-17	Brandenburg	574	617.751608426256	-1.35608478667251	nein
2020-05-24	Brandenburg	559	611.619470127576	-1.64362464896302	nein
2020-05-31	Brandenburg	556	605.891933151659	-1.56484581320443	nein
2020-06-07	Brandenburg	612	600.646868898476	0.351530861869418	nein
2020-06-14	Brandenburg	612	595.953877936279	0.498161696642148	nein
2020-06-21	Brandenburg	593	591.874036557366	0.035223026014869	nein
2020-06-28	Brandenburg	595	588.459781426083	0.204881427196451	nein
2020-07-05	Brandenburg	591	585.754893536013	0.16475298512342	nein
2020-07-12	Brandenburg	582	583.79454440645	-0.0565771063423408	nein
2020-07-19	Brandenburg	607	582.60537102761	0.764228800230233	nein
2020-07-26	Brandenburg	610	582.205551122417	0.870224236039087	nein
2020-08-02	Brandenburg	609	582.604856468435	0.826461825649638	nein
2020-08-09	Brandenburg	610	583.804668995727	0.819422767689461	nein
2020-08-16	Brandenburg	670	585.797951865426	2.58916392415332	nein
2020-08-23	Brandenburg	599	588.569175493423	0.326403330195912	nein
2020-08-30	Brandenburg	588	592.09420628483	-0.128256224181115	nein
2020-09-06	Brandenburg	577	596.340173456486	-0.606290682483163	nein
2020-09-13	Brandenburg	604	601.265336494248	0.0848438853778875	nein
2020-09-20	Brandenburg	609	606.8189822283	0.0673644763389163	nein
2020-09-27	Brandenburg	585	612.941385876447	-0.865832775755002	nein
2020-10-04	Brandenburg	575	619.563874319713	-1.37975754626934	nein
2020-10-11	Brandenburg	602	626.609031923466	-0.753300423286621	nein
2020-10-18	Brandenburg	646	633.991088983787	0.361874243796535	nein
2020-10-25	Brandenburg	673	641.616529985316	0.935422555919699	nein
2020-11-01	Brandenburg	624	649.38495301687	-0.76310554932205	nein
2020-11-08	Brandenburg	632	657.190202770248	-0.752580007666828	nein
2020-11-15	Brandenburg	678	664.921787622035	0.384650260813709	nein
2020-11-22	Brandenburg	669	672.466576705142	-0.101793593078772	nein
2020-11-29	Brandenburg	772	679.710756245582	2.63547094027141	nein
2020-12-06	Brandenburg	805	686.542006693114	3.34712533179211	nein
2020-12-13	Brandenburg	855	692.851844493452	4.5197827562012	nein
2020-12-20	Brandenburg	976	698.53805610086	7.53260510799704	nein
2020-12-27	Brandenburg	1070	703.507138450843	9.76044388147554	nein
2021-01-03	Brandenburg	1115	707.676650972711	10.7445728036986	nein
2021-01-10	Brandenburg	1051	710.977380465878	9.05526766177893	nein
2021-01-17	Brandenburg	1056	713.355222563898	9.10764414804579	nein
2021-01-24	Brandenburg	933	714.772692343586	5.92914576385565	nein
2021-01-31	Brandenburg	865	715.209991612688	4.12406553545486	nein
2021-02-07	Brandenburg	816	714.665580659737	2.81932419534572	nein
2021-02-14	Brandenburg	788	713.156226387096	2.09646190572463	nein
2021-02-21	Brandenburg	721	710.716524993077	0.292775856162251	nein
2021-02-28	Brandenburg	691	707.397923725595	-0.470951732484017	nein
2021-03-07	Brandenburg	647	703.267290693007	-1.63694375026242	nein
2021-03-14	Brandenburg	674	698.405102478584	-0.706979167012434	nein
2021-03-21	Brandenburg	678	692.903334932793	-0.432494266047117	nein
2021-03-28	Brandenburg	645	686.863152088757	-1.22862292972771	nein
2021-04-04	Brandenburg	658	680.392491311073	-0.657184887811409	nein
2021-04-11	Brandenburg	691	673.603639766475	0.50815913680603	nein
2021-04-18	Brandenburg	731	666.610888817523	1.86961096631345	nein
2021-04-25	Brandenburg	698	659.528340093464	1.12994831252545	nein
2021-05-02	Brandenburg	701	652.467921128915	1.42957534491028	nein
2021-05-09	Brandenburg	630	645.537651008235	-0.467641998222122	nein
2021-05-16	Brandenburg	662	638.840178779933	0.693753947007329	nein
2021-05-23	Brandenburg	633	632.471600707579	0.0160014792776198	nein
2021-05-30	Brandenburg	601	626.520547647395	-0.782011438380254	nein
2021-06-06	Brandenburg	697	621.067521646383	2.27609260898399	nein
2021-06-13	Brandenburg	621	616.184451607287	0.147589304171641	nein
2021-06-20	Brandenburg	650	611.934431675397	1.16042160207245	nein
2021-06-27	Brandenburg	616	608.371602761495	0.235123560840651	nein
2021-07-04	Brandenburg	624	605.541137063822	0.568604148367771	nein
2021-07-11	Brandenburg	647	603.479287232695	1.33395863187093	nein
2021-07-18	Brandenburg	680	602.213465533436	2.36570254787522	nein
2021-07-25	Brandenburg	632	601.762323604969	0.931407536085528	nein
2021-08-01	Brandenburg	606	602.135809807666	0.119847036383839	nein
2021-08-08	Brandenburg	601	603.335188371835	-0.0724775866910431	nein
2021-08-15	Brandenburg	619	605.353012307488	0.421011134951681	nein
2021-08-22	Brandenburg	655	608.17305006109	1.42867935176815	nein
2021-08-29	Brandenburg	621	611.770173968359	0.283585871516699	nein
2021-09-05	Brandenburg	617	616.110226414256	0.027302911366389	nein
2021-09-12	Brandenburg	669	621.149887010129	1.44447370713885	nein
2021-09-19	Brandenburg	609	626.836570733274	-0.545321493727777	nein
2021-09-26	Brandenburg	625	633.108392497452	-0.246006357385339	nein
2021-10-03	Brandenburg	656	639.894237639691	0.48296917020147	nein
2021-10-10	Brandenburg	635	647.113979892774	-0.363859208751806	nein
2021-10-17	Brandenburg	650	654.678888135341	-0.139441305291128	nein
2021-10-24	Brandenburg	711	662.492260184222	1.4183015707002	nein
2021-10-31	Brandenburg	686	670.450315823662	0.455567215623991	nein
2021-11-07	Brandenburg	722	678.44337201763	1.26007926113569	nein
2021-11-14	Brandenburg	704	686.357310906945	0.510566629969057	nein
2021-11-21	Brandenburg	741	694.075336104767	1.34118487178478	nein
2021-11-28	Brandenburg	861	701.479995625329	4.42676835837235	nein
2021-12-05	Brandenburg	910	708.455431467566	5.52028114871851	nein
2021-12-12	Brandenburg	894	714.889797649672	4.9065992418689	nein
2021-12-19	Brandenburg	873	720.677771763391	4.17907982854227	nein
2021-12-26	Brandenburg	896	725.723071371819	4.63958907156404	nein
2022-01-02	Brandenburg	864	729.940877221989	3.66905897526526	nein
2022-01-09	Brandenburg	754	733.260061460811	0.580136141954449	nein
2022-01-16	Brandenburg	749	735.625121620372	0.374131257424393	nein
2022-01-23	Brandenburg	723	736.997730354764	-0.39361916668453	nein
2022-01-30	Brandenburg	755	737.357826457486	0.492454809070082	nein
2022-02-06	Brandenburg	754	736.704193661886	0.483045332851693	nein
2022-02-13	Brandenburg	709	735.054498688989	-0.735721842217717	nein
2022-02-20	Brandenburg	755	732.44478711606	0.631048975287965	nein
2022-02-27	Brandenburg	699	728.928462833575	-0.849545398044059	nein
2022-03-06	Brandenburg	721	724.574802068962	-0.101161976569997	nein
2022-03-13	Brandenburg	731	719.467074319302	0.326401478014994	nein
2022-03-20	Brandenburg	750	713.70035858094	1.02570655323293	nein
2022-03-27	Brandenburg	702	707.379153046188	-0.154154471322803	nein
2022-04-03	Brandenburg	752	700.614879603034	1.46036484914743	nein
2022-04-10	Brandenburg	700	693.523381257877	0.186939045039285	nein
2022-04-17	Brandenburg	707	686.222501755204	0.600848882248747	nein
2022-04-24	Brandenburg	688	678.829823338609	0.267368831959879	nein
2022-05-01	Brandenburg	725	671.46062217486	1.55292012975921	nein
2022-05-08	Brandenburg	626	664.226082921275	-1.14041780021522	nein
2022-05-15	Brandenburg	626	657.231795668837	-0.935086570800846	nein
2022-05-22	Brandenburg	666	650.576541271827	0.458616502030621	nein
2022-05-29	Brandenburg	626	644.35135585245	-0.553109672780917	nein
2022-06-05	Brandenburg	601	638.638852721509	-1.1454899531456	nein
2022-06-12	Brandenburg	607	633.512770459747	-0.807749296226991	nein
2022-06-19	Brandenburg	614	629.037709565917	-0.458364825574983	nein
2022-06-26	Brandenburg	669	625.269016783792	1.31655118890839	nein
2022-07-03	Brandenburg	644	622.252775698071	0.659996004499313	nein
2022-07-10	Brandenburg	589	620.02586406724	-0.956808925309883	nein
2022-07-17	Brandenburg	661	618.616042223695	1.28311119495587	nein
2022-07-24	Brandenburg	685	618.042042301764	2.01535868127029	nein
2022-07-31	Brandenburg	690	618.313634664227	2.15465660899605	nein
2022-08-07	Brandenburg	687	619.431655342861	2.03117266870045	nein
2022-08-14	Brandenburg	697	621.387986288569	2.26496115576481	nein
2022-08-21	Brandenburg	704	624.165488477524	2.3838043412772	nein
2022-08-28	Brandenburg	598	627.737896196533	-0.910935802972662	nein
2022-09-04	Brandenburg	573	632.069688886713	-1.81782542279506	nein
2022-09-11	Brandenburg	661	637.115964490632	0.715930215814944	nein
2022-09-18	Brandenburg	653	642.822345016299	0.304785219164687	nein
2022-09-25	Brandenburg	754	649.124950645442	3.05457895902677	nein
2022-10-02	Brandenburg	771	655.950482770615	3.32639165800288	nein
2022-10-09	Brandenburg	734	663.21645841154	2.05643908828183	nein
2022-10-16	Brandenburg	711	670.831638100031	1.16884285450971	nein
2022-10-23	Brandenburg	711	678.696686141868	0.936285089097714	nein
2022-10-30	Brandenburg	735	686.705095869148	1.38642961355426	nein
2022-11-06	Brandenburg	674	694.744402955752	-0.601838590813527	nein
2022-11-13	Brandenburg	744	702.697697173692	1.17405199248691	nein
2022-11-20	Brandenburg	752	710.445427487627	1.17470135690232	nein
2022-11-27	Brandenburg	753	717.867477794639	0.989427274053196	nein
2022-12-04	Brandenburg	817	724.845471900904	2.55107732576502	nein
2022-12-11	Brandenburg	903	731.265247740244	4.65802452640597	nein
2022-12-18	Brandenburg	961	737.019423826683	5.99262248656801	nein
2022-12-25	Brandenburg	1035	742.009967008959	7.71749290834348	nein
2023-01-01	Brandenburg	1023	746.150661196082	7.2944093686817	nein
2023-01-08	Brandenburg	946	749.369373043471	5.24652019247396	nein
2023-01-15	Brandenburg	869	751.610013423907	3.1760108689637	nein
2023-01-22	Brandenburg	771	752.834103126236	0.501336042611309	nein
2023-01-29	Brandenburg	720	753.02186729627	-0.921663693135064	nein
2023-02-05	Brandenburg	759	752.172804718994	0.188963948629073	nein
2023-02-12	Brandenburg	684	750.305703656029	-1.86852694712345	nein
2023-02-19	Brandenburg	707	747.45810370616	-1.13547152410821	nein
2023-02-26	Brandenburg	660	743.685230938026	-2.37921467408435	nein
2023-03-05	Brandenburg	762	739.058459239722	0.638351746453834	nein
2023-03-12	Brandenburg	775	733.663372542316	1.14975959886927	nein
2023-03-19	Brandenburg	733	727.597518810927	0.152107288885045	nein
2023-03-26	Brandenburg	800	720.96795650607	2.19920898667256	nein
2023-04-02	Brandenburg	713	713.888697254966	-0.0252992792491965	nein
2023-04-09	Brandenburg	725	706.478144993143	0.527660010415522	nein
2023-04-16	Brandenburg	693	698.856622623174	-0.168724858224394	nein
2023-04-23	Brandenburg	677	691.144063472969	-0.41059790923406	nein
2023-04-30	Brandenburg	677	683.457927948717	-0.188180052167721	nein
2023-05-07	Brandenburg	671	675.911387277857	-0.143863521107991	nein
2023-05-14	Brandenburg	698	668.611797567983	0.858283106119017	nein
2023-05-21	Brandenburg	695	661.65946982449	0.977824207148013	nein
2023-05-28	Brandenburg	669	655.146726061425	0.410263534050731	nein
2023-06-04	Brandenburg	623	649.157218888951	-0.78629446188494	nein
2023-06-11	Brandenburg	671	643.765482343325	0.810881638729723	nein
2023-06-18	Brandenburg	656	639.036683965413	0.508243435400848	nein
2023-06-25	Brandenburg	598	635.026544429013	-1.12892635469465	nein
2023-07-02	Brandenburg	613	631.78131378499	-0.571298431277415	nein
2023-07-09	Brandenburg	622	629.337834003582	-0.222960395269239	nein
2023-07-16	Brandenburg	642	627.723642048354	0.431880419799389	nein
2023-07-23	Brandenburg	582	626.957073952124	-1.38286936223153	nein
2023-07-30	Brandenburg	598	627.04734589975	-0.889502104739458	nein
2023-08-06	Brandenburg	633	627.994595927794	0.151765662905703	nein
2023-08-13	Brandenburg	642	629.789877979689	0.368996754302559	nein
2023-08-20	Brandenburg	690	632.415108436838	1.7168096329644	nein
2023-08-27	Brandenburg	640	635.842973631554	0.125296098646577	nein
2023-09-03	Brandenburg	565	640.036814986427	-2.30326630301263	nein
2023-09-10	Brandenburg	612	644.950516044434	-0.995789587838986	nein
2023-09-17	Brandenburg	626	650.528422444613	-0.736374714670504	nein
2023-09-24	Brandenburg	655	656.705331500892	-0.0506522213269795	nein
2023-10-01	Brandenburg	660	663.406592053259	-0.100711143264762	nein
2023-10-08	Brandenburg	682	670.548357246312	0.33549315309741	nein
2023-10-15	Brandenburg	684	678.038032416818	0.173927746333682	nein
2023-10-22	Brandenburg	637	685.774956949804	-1.4342027669895	nein
2023-10-29	Brandenburg	714	693.651352504379	0.584868093159842	nein
2023-11-05	Brandenburg	740	701.553560292731	1.09421539464028	nein
2023-11-12	Brandenburg	752	709.363577222201	1.20566519856783	nein
2023-11-19	Brandenburg	738	716.960885063161	0.594687444357811	nein
2023-11-26	Brandenburg	753	724.224549075714	0.807853851152092	nein
2023-12-03	Brandenburg	795	731.035543715634	1.7737136831888	nein
2023-12-10	Brandenburg	838	737.279244412576	2.7599523800058	nein
2023-12-17	Brandenburg	782	742.848007427057	1.08285678973339	nein
2023-12-24	Brandenburg	813	747.643745968156	1.79183662339393	nein
2023-12-31	Brandenburg	816	751.580401527833	1.76195121549207	nein
2024-01-07	Brandenburg	766	754.586205947391	0.315112208351778	nein
2024-01-14	Brandenburg	766	756.605632858172	0.259129653780866	nein
2024-01-21	Brandenburg	732	757.600947081881	-0.711210155181002	nein
2024-01-28	Brandenburg	765	757.55327698057	0.20537528135965	nein
2024-02-04	Brandenburg	760	756.463156646389	0.097701469834783	nein
2024-02-11	Brandenburg	729	754.350510707804	-0.705835129451247	nein
2024-02-18	Brandenburg	769	751.254082489001	0.490431445543507	nein
2024-02-25	Brandenburg	690	747.230334164537	-1.61325530351903	nein
2024-03-03	Brandenburg	700	742.351873280154	-1.19376728826609	nein
2024-03-10	Brandenburg	647	736.705481665312	-2.56786191593503	nein
2024-03-17	Brandenburg	694	730.389838858987	-1.0329601012406	nein
2024-03-24	Brandenburg	705	723.513041770833	-0.525858544052438	nein
2024-03-31	Brandenburg	685	716.190025080667	-0.893276438460372	nein
2024-04-07	Brandenburg	663	708.539983118907	-1.31610698497797	nein
2024-04-14	Brandenburg	692	700.683884474329	-0.250151962213592	nein
2024-04-21	Brandenburg	687	692.742156547282	-0.166254065498557	nein
2024-04-28	Brandenburg	678	684.832600151494	-0.199034855205566	nein
2024-05-05	Brandenburg	649	677.068575587738	-0.826776981793651	nein
2024-05-12	Brandenburg	605	669.557482817245	-1.9308600924126	nein
2024-05-19	Brandenburg	601	662.39954070878	-1.84517161900612	nein
2024-05-26	Brandenburg	614	655.68685480567	-1.25276448876839	nein
2024-06-02	Brandenburg	614	649.502750333333	-1.07037423480907	nein
2024-06-09	Brandenburg	597	643.921337610963	-1.42534051599094	nein
2024-06-16	Brandenburg	601	639.007270733674	-1.15631964942684	nein
2024-06-23	Brandenburg	671	634.815657219814	1.08326207977258	nein
2024-06-30	Brandenburg	694	631.392075977645	1.86699170017006	nein
2024-07-07	Brandenburg	571	628.77266304248	-1.78225307563483	nein
2024-07-14	Brandenburg	635	626.984228634225	0.24323214065753	nein
2024-07-21	Brandenburg	587	626.044374752111	-1.20091872336981	nein
2024-07-28	Brandenburg	592	625.961589356117	-1.04320735274175	nein
2024-08-04	Brandenburg	607	626.735300827087	-0.603486699835655	nein
2024-08-11	Brandenburg	608	628.355884541891	-0.621768530447242	nein
2024-08-18	Brandenburg	670	630.804621776006	1.1764202629709	nein
2024-08-25	Brandenburg	602	634.053619504769	-0.977732948581182	nein
2024-09-01	Brandenburg	618	638.06570776736	-0.60813904461724	nein
2024-09-08	Brandenburg	632	642.794338814522	-0.325130894979355	nein
2024-09-15	Brandenburg	616	648.183518975005	-0.970762102874286	nein
2024-09-22	Brandenburg	674	654.167809692538	0.587505908910181	nein
2024-09-29	Brandenburg	643	660.67243810653	-0.525896072424725	nein
2024-10-06	Brandenburg	661	667.613559447878	-0.195215348526449	nein
2024-10-13	Brandenburg	687	674.898712969759	0.353606721264601	nein
2024-10-20	Brandenburg	698	682.427509751404	0.452128233273612	nein
2024-10-27	Brandenburg	704	690.092584221211	0.401683137376403	nein
2024-11-03	Brandenburg	742	697.780831529241	1.26116224980033	nein
2024-11-10	Brandenburg	678	705.374940068643	-0.789700111630255	nein
2024-11-17	Brandenburg	707	712.755212887309	-0.164289774646854	nein
2024-11-24	Brandenburg	711	719.801654137868	-0.250174821144431	nein
2024-12-01	Brandenburg	737	726.39627808237	0.298663293880775	nein
2024-12-08	Brandenburg	726	732.425579758844	-0.180923935482118	nein
2024-12-15	Brandenburg	683	737.783089673534	-1.55419601154812	nein
2024-12-22	Brandenburg	752	742.371921310172	0.268267434792674	nein
2024-12-29	Brandenburg	739	746.107211263279	-0.198263968501413	nein
2025-01-05	Brandenburg	750	748.918348572563	0.0300610751623251	nein
2025-01-12	Brandenburg	760	750.750893121518	0.256268208455757	nein
2025-01-19	Brandenburg	803	751.568092997809	1.41137344406345	nein
2025-01-26	Brandenburg	781	751.351927128733	0.817506930928396	nein
2025-02-02	Brandenburg	758	750.103621330774	0.218953242572461	nein
2025-02-09	Brandenburg	823	747.843611641587	2.05728934784095	nein
2025-02-16	Brandenburg	789	744.610956532861	1.22564475988267	nein
2025-02-23	Brandenburg	768	740.462227222408	0.765284624097479	nein
2025-03-02	Brandenburg	854	735.469930714155	3.24216044514406	nein
2025-03-09	Brandenburg	820	729.720541522674	2.49337260899093	nein
2025-03-16	Brandenburg	758	723.312233825358	0.973835127437971	nein
2025-03-23	Brandenburg	747	716.352415116297	0.865357822499259	nein
2025-03-30	Brandenburg	755	708.95516500496	1.30231733300037	nein
2025-04-06	Brandenburg	693	701.238678900379	-0.237270420492204	nein
2025-04-13	Brandenburg	681	693.322806757751	-0.357292869004976	nein
2025-04-20	Brandenburg	656	685.326763041514	-0.858952561118946	nein
2025-04-27	Brandenburg	622	677.367067014162	-1.6423393012325	nein
2025-05-04	Brandenburg	685	669.555753903558	0.452642334603988	nein
2025-05-11	Brandenburg	611	661.998878867352	-1.52903683234392	nein
2025-05-18	Brandenburg	612	654.795318202575	-1.28749251908321	nein
2025-05-25	Brandenburg	639	648.035856911034	-0.270858702657365	nein
2025-06-01	Brandenburg	688	641.802539188846	1.37213550448427	nein
2025-06-08	Brandenburg	648	636.168249017204	0.356027044262721	nein
2025-06-15	Brandenburg	582	631.196481873958	-1.51081556388396	nein
2025-06-22	Brandenburg	653	626.941265522977	0.786901026735566	nein
2025-06-29	Brandenburg	652	623.44718757334	0.864015973757179	nein
2025-07-06	Brandenburg	628	620.749489639322	0.221100355304169	nein
2025-07-13	Brandenburg	593	618.874192040733	-0.797339497899209	nein
2025-07-20	Brandenburg	614	617.838218629945	-0.117659848188863	nein
2025-07-27	Brandenburg	586	617.649498117718	-0.977772246710969	nein
2025-08-03	Brandenburg	549	618.307025842104	-2.16308657447702	nein
2025-08-10	Brandenburg	638	619.800877978583	0.553637553876604	nein
2025-08-17	Brandenburg	627	622.112178458816	0.148930078672411	nein
2025-08-24	Brandenburg	593	625.213027104745	-0.988885017431827	nein
2025-08-31	Brandenburg	663	629.06640544975	1.02030957699686	nein
2025-09-07	Brandenburg	628	633.626084144362	-0.170279704491365	nein
2025-09-14	Brandenburg	623	638.836562429508	-0.478570980422216	nein
2025-09-21	Brandenburg	629	644.633075558351	-0.470179507559923	nein
2025-09-28	Brandenburg	613	650.941709868626	-1.14206207932079	nein
2025-10-05	Brandenburg	638	657.679667032222	-0.586348384527241	nein
2025-10-12	Brandenburg	718	664.755718421219	1.54944862488758	nein
2025-10-19	Brandenburg	620	672.070887158165	-1.546829517067	nein
2025-10-26	Brandenburg	687	679.519388992428	0.217636763537824	nein
2025-11-02	Brandenburg	710	686.98985355454	0.66319544057789	nein
2025-11-09	Brandenburg	685	694.366834899766	-0.270565990666724	nein
2025-11-16	Brandenburg	677	701.532604944156	-0.707419173525278	nein
2025-11-23	Brandenburg	634	708.369206105664	-2.16003831718926	nein
2025-11-30	Brandenburg	688	714.760721171288	-0.764469809455769	nein
2025-12-07	Brandenburg	726	720.595700359217	0.152564404799902	nein
2025-12-14	Brandenburg	721	725.76966915045	-0.13445508475237	nein
2025-12-21	Brandenburg	766	730.187627203891	0.99713868198193	nein
2025-12-28	Brandenburg	702	733.766439930746	-0.895831466020363	nein
2026-01-04	Brandenburg	786	736.437021228141	1.36967760575928	nein
2026-01-11	Brandenburg	828	738.146209199021	2.45892893688156	nein
2026-01-18	Brandenburg	773	738.858246635965	0.944919485411495	nein
2026-01-25	Brandenburg	815	738.55579425184	2.09685057498686	nein
2026-02-01	Brandenburg	834	737.240426138944	2.64497861891648	nein
2026-02-08	Brandenburg	839	734.932582245434	2.84459370242778	nein
2026-02-15	Brandenburg	883	731.670979900794	4.10563455158746	nein
2026-02-22	Brandenburg	730	727.511513527353	0.0698780747791414	nein
2026-03-01	Brandenburg	815	722.525696581904	2.55448902221433	nein
2026-03-08	Brandenburg	735	716.798720646169	0.513049256185268	nein
2026-03-15	Brandenburg	713	710.427222000031	0.073108041395338	nein
2026-03-22	Brandenburg	708	703.516855077595	0.127961332810962	nein
2026-03-29	Brandenburg	687	696.179774629946	-0.264261059929984	nein
2026-04-05	Brandenburg	666	688.532124493011	-0.654408220349024	nein
2026-04-12	Brandenburg	670	680.69162138598	-0.311408266243276	nein
2026-04-19	Brandenburg	691	672.775308330589	0.530158580631887	nein
2026-04-26	Brandenburg	669	664.897535498434	0.12046058300479	nein
2026-05-03	Brandenburg	717	657.168208046098	1.7431305341168	nein
2026-05-10	Brandenburg	659	649.691322193482	0.27613035299712	nein
2026-05-17	Brandenburg	659	642.563793655875	0.489335890213497	nein
2026-05-24	Brandenburg	679	635.874567503734	1.28184145696006	nein
2026-05-31	Brandenburg	655	629.703986241806	0.758879304886599	nein
2026-06-07	Brandenburg	602	624.123383717046	-0.675057080725218	nein
2026-06-14	Brandenburg	648	619.194866459789	0.870427412566192	nein
2026-06-21	Brandenburg	625	614.971241095674	0.30555658417915	nein
2026-06-28	Brandenburg	651	611.496046242158	1.1974809749788	nein
2026-07-05	Brandenburg	754	608.803649434649	4.29648725787997	nein
2026-07-12	Brandenburg	630	606.91937368579	0.705083331305633	nein
2026-07-19	Brandenburg	628	605.859623842713	0.677001394175102	nein
2026-07-26	Brandenburg	589	605.631989579302	-0.514005970267287	nein
2026-08-02	Brandenburg	669	606.235309297479	1.89756747782704	nein
2026-08-09	Brandenburg	594	607.659687114716	-0.420903715309645	nein
2026-08-16	Brandenburg	624	609.886463223527	0.430698248545763	ja
2026-08-23	Brandenburg	616	612.88814598295	0.0949873488427715	ja
2026-08-30	Brandenburg	609	616.628321902855	-0.232750921974037	ja
2026-09-06	Brandenburg	611	621.061566950839	-0.305993786752975	ja
2026-09-13	Brandenburg	597	626.133389054133	-0.886681792737364	ja
2026-09-20	Brandenburg	638	631.780236946587	0.186596792979964	ja
2026-09-27	Brandenburg	600	637.929614242086	-1.1453647016415	ja
2016-10-09	Berlin	648	614.367086168036	1.11595332740818	nein
2016-10-16	Berlin	643	620.52446942675	0.744348287386349	nein
2016-10-23	Berlin	697	626.949005406024	2.2808633162829	nein
2016-10-30	Berlin	646	633.554933572538	0.409087323176067	nein
2016-11-06	Berlin	715	640.251140357304	2.40699452780463	nein
2016-11-13	Berlin	613	646.942279645002	-1.11782928264053	nein
2016-11-20	Berlin	664	653.530119459815	0.339143685730401	nein
2016-11-27	Berlin	661	659.915104188028	0.035057701243046	nein
2016-12-04	Berlin	742	665.998108174962	2.401248826309	nein
2016-12-11	Berlin	670	671.682342639589	-0.0539303346119091	nein
2016-12-18	Berlin	667	676.875364532962	-0.316018170956672	nein
2016-12-25	Berlin	699	681.491124289985	0.554718260043014	nein
2017-01-01	Berlin	780	685.451980454403	2.93473741111619	nein
2017-01-08	Berlin	760	688.690603855349	2.220114849822	nein
2017-01-15	Berlin	772	691.151693125524	2.50768521935864	nein
2017-01-22	Berlin	828	692.793427304604	4.14043723783091	nein
2017-01-29	Berlin	826	693.58859010438	4.05561260043405	nein
2017-02-05	Berlin	848	693.525313736326	4.71049301580329	nein
2017-02-12	Berlin	834	692.607407215104	4.32677773380898	nein
2017-02-19	Berlin	852	690.854253597569	4.91768837981798	nein
2017-02-26	Berlin	882	688.300281292195	5.88313317684809	nein
2017-03-05	Berlin	760	684.994034862984	2.34230428464186	nein
2017-03-12	Berlin	668	680.996889177983	-0.415687375784204	nein
2017-03-19	Berlin	694	676.381466023905	0.561312700163438	nein
2017-03-26	Berlin	649	671.229823439543	-0.718151659386915	nein
2017-04-02	Berlin	709	665.631494416616	1.38461274459865	nein
2017-04-09	Berlin	623	659.681453107793	-1.20048306015098	nein
2017-04-16	Berlin	646	653.478083511336	-0.244096771700312	nein
2017-04-23	Berlin	640	647.121218369461	-0.233615221048332	nein
2017-04-30	Berlin	641	640.710305589483	0.00953450151185822	nein
2017-05-07	Berlin	592	634.342746898872	-1.41699792761357	nein
2017-05-14	Berlin	660	628.112439751762	1.05164293419671	nein
2017-05-21	Berlin	684	622.108539737425	2.03558276580652	nein
2017-05-28	Berlin	593	616.414447790833	-0.791317144316117	nein
2017-06-04	Berlin	608	611.107015075626	-0.104890021989922	nein
2017-06-11	Berlin	597	606.255948992398	-0.314302550673143	nein
2017-06-18	Berlin	605	601.923396639772	0.104504716083892	nein
2017-06-25	Berlin	557	598.163677308913	-1.42061547326334	nein
2017-07-02	Berlin	580	595.023133152746	-0.51600889565734	nein
2017-07-09	Berlin	556	592.540066850038	-1.26575858028669	nein
2017-07-16	Berlin	588	590.744736617114	-0.0943115228354337	nein
2017-07-23	Berlin	566	589.659382003728	-0.818707526084973	nein
2017-07-30	Berlin	583	589.298258233101	-0.216949248208931	nein
2017-08-06	Berlin	634	589.667662110467	1.50554580191077	nein
2017-08-13	Berlin	584	590.765938452861	-0.232849704097959	nein
2017-08-20	Berlin	600	592.583462332836	0.253858288127552	nein
2017-08-27	Berlin	544	595.102598946421	-1.77530396717806	nein
2017-09-03	Berlin	586	598.297649385029	-0.421316337179133	nein
2017-09-10	Berlin	581	602.134796782281	-0.723610828352585	nein
2017-09-17	Berlin	618	606.572072973804	0.386351619639759	nein
2017-09-24	Berlin	643	611.559370681006	1.05306505352586	nein
2017-10-01	Berlin	611	617.038530012769	-0.203397161707847	nein
2017-10-08	Berlin	654	622.943530456444	1.03099885375853	nein
2017-10-15	Berlin	688	629.20082018256	1.92893459465126	nein
2017-10-22	Berlin	677	635.729813119836	1.35301413709332	nein
2017-10-29	Berlin	590	642.443580629325	-1.75292270883	nein
2017-11-05	Berlin	651	649.249758578194	0.0573577636841381	nein
2017-11-12	Berlin	654	656.05168218577	-0.0669510178003714	nein
2017-11-19	Berlin	617	662.749750368535	-1.50217626533367	nein
2017-11-26	Berlin	604	669.243008837268	-2.14255121534151	nein
2017-12-03	Berlin	605	675.430927508616	-2.30505246836799	nein
2017-12-10	Berlin	635	681.215333701339	-1.49632774643122	nein
2017-12-17	Berlin	728	686.502449076286	1.30995271699358	nein
2017-12-24	Berlin	663	691.204966427068	-0.902296586585256	nein
2017-12-31	Berlin	665	695.244093316914	-0.965151950132268	nein
2018-01-07	Berlin	681	698.551484161927	-0.557024070742329	nein
2018-01-14	Berlin	708	701.070981438393	0.21822592193815	nein
2018-01-21	Berlin	757	702.760090678084	1.68778367375566	nein
2018-01-28	Berlin	700	703.591122850379	-0.113186399609283	nein
2018-02-04	Berlin	759	703.551951221724	1.7241091529582	nein
2018-02-11	Berlin	747	702.646347019161	1.38354985055306	nein
2018-02-18	Berlin	789	700.893878035122	2.72522305006129	nein
2018-02-25	Berlin	873	698.329375272585	5.3149574719022	nein
2018-03-04	Berlin	852	695.001993306624	4.8056400257084	nein
2018-03-11	Berlin	969	690.973908732489	8.33260449678634	nein
2018-03-18	Berlin	900	686.318716570975	6.50490066429995	nein
2018-03-25	Berlin	860	681.119595808393	5.50381715713175	nein
2018-04-01	Berlin	784	675.467321755954	3.40354795853532	nein
2018-04-08	Berlin	771	669.458204447972	3.20320775530895	nein
2018-04-15	Berlin	738	663.192029105092	2.38529379326706	nein
2018-04-22	Berlin	664	656.770067374123	0.235470495354452	nein
2018-04-29	Berlin	660	650.293217497158	0.31752922297446	nein
2018-05-06	Berlin	624	643.860318798959	-0.657988137806354	nein
2018-05-13	Berlin	662	637.566672002132	0.804233460536871	nein
2018-05-20	Berlin	630	631.502782920831	-0.0500386319037632	nein
2018-05-27	Berlin	632	625.753333948914	0.208532638538402	nein
2018-06-03	Berlin	646	620.396376161842	0.854064517905735	nein
2018-06-10	Berlin	613	615.502725293049	-0.0844458392498062	nein
2018-06-17	Berlin	592	611.135537609223	-0.65097654330305	nein
2018-06-24	Berlin	614	607.350036884041	0.225333142225146	nein
2018-07-01	Berlin	553	604.193361184806	-1.76800011119169	nein
2018-07-08	Berlin	606	601.704497850411	0.146333764568242	nein
2018-07-15	Berlin	562	599.914276584448	-1.30914499904473	nein
2018-07-22	Berlin	592	598.845393707628	-0.234491316416132	nein
2018-07-29	Berlin	686	598.512444994082	2.92353785575413	nein
2018-08-05	Berlin	803	598.921949853318	6.63115976818617	nein
2018-08-12	Berlin	729	600.072355633667	4.25936713248067	nein
2018-08-19	Berlin	705	601.954017257705	3.42081880670461	nein
2018-08-26	Berlin	609	604.549154018494	0.151273293081285	nein
2018-09-02	Berlin	654	607.831791938261	1.54760443741161	nein
2018-09-09	Berlin	632	611.767706385098	0.680673272550817	nein
2018-09-16	Berlin	633	616.314385408274	0.559808995979	nein
2018-09-23	Berlin	640	621.421039214747	0.62045390768592	nein
2018-09-30	Berlin	589	627.028685067023	-1.28368065398843	nein
2018-10-07	Berlin	637	633.070339314977	0.130513041283829	nein
2018-10-14	Berlin	624	639.471348956283	-0.513837417636857	nein
2018-10-21	Berlin	594	646.14989374965	-1.73984940130265	nein
2018-10-28	Berlin	662	653.017686237506	0.293291285457763	nein
2018-11-04	Berlin	665	659.980890925755	0.163166707646278	nein
2018-11-11	Berlin	660	666.94127531677	-0.225124936384093	nein
2018-11-18	Berlin	629	673.797594680583	-1.45929956745978	nein
2018-11-25	Berlin	723	680.44719977339	1.3498169818097	nein
2018-12-02	Berlin	688	686.787842790599	0.0386492564999	nein
2018-12-09	Berlin	704	692.719642502522	0.357227259747616	nein
2018-12-16	Berlin	632	698.147155762165	-2.1265195963928	nein
2018-12-23	Berlin	706	702.981490492923	0.0950593422811766	nein
2018-12-30	Berlin	659	707.142385960195	-1.5302975540983	nein
2019-01-06	Berlin	707	710.560180598866	-0.11167424548747	nein
2019-01-13	Berlin	710	713.177586680559	-0.0994756828465174	nein
2019-01-20	Berlin	695	714.951195107283	-0.626255619159606	nein
2019-01-27	Berlin	698	715.852642656275	-0.559739287160682	nein
2019-02-03	Berlin	728	715.869387679547	0.37767770006754	nein
2019-02-10	Berlin	765	715.005057758709	1.54424795964959	nein
2019-02-17	Berlin	806	713.279352943384	2.84086189356637	nein
2019-02-24	Berlin	767	710.727509515073	1.74097559698292	nein
2019-03-03	Berlin	815	707.399350155113	3.29975527061571	nein
2019-03-10	Berlin	735	703.357965431626	0.989584490253666	nein
2019-03-17	Berlin	744	698.678087320675	1.41774048358068	nein
2019-03-24	Berlin	690	693.444227020735	-0.109395329187836	nein
2019-03-31	Berlin	650	687.748655987796	-1.21431231932622	nein
2019-04-07	Berlin	672	681.689310730276	-0.310928267543403	nein
2019-04-14	Berlin	702	675.36769870388	0.851110127999927	nein
2019-04-21	Berlin	660	668.886875249727	-0.287894879471269	nein
2019-04-28	Berlin	631	662.349550814419	-1.02659471212621	nein
2019-05-05	Berlin	631	655.856374733483	-0.816709509532974	nein
2019-05-12	Berlin	680	649.504427756906	0.992841811407377	nein
2019-05-19	Berlin	644	643.385941301819	0.0202396144833375	nein
2019-05-26	Berlin	629	637.587248052265	-0.285021895941156	nein
2019-06-02	Berlin	642	632.187956717688	0.325497375985184	nein
2019-06-09	Berlin	653	627.26033402063	0.853672107748847	nein
2019-06-16	Berlin	664	622.86886960119	1.36348389456231	nein
2019-06-23	Berlin	641	619.069994594014	0.732807440064412	nein
2019-06-30	Berlin	648	615.911922081946	1.07210786460083	nein
2019-07-07	Berlin	603	613.434577266613	-0.353334985318615	nein
2019-07-14	Berlin	623	611.669586749464	0.381954192788136	nein
2019-07-21	Berlin	594	610.640299476409	-0.565735193262191	nein
2019-07-28	Berlin	646	610.361816345683	1.19489343218066	nein
2019-08-04	Berlin	629	610.841010904243	0.611417642385982	nein
2019-08-11	Berlin	620	612.076529678206	0.267244658529975	nein
2019-08-18	Berlin	607	614.058767237339	-0.238657670513821	nein
2019-08-25	Berlin	600	616.76981784122	-0.567223383819757	nein
2019-09-01	Berlin	715	620.183412221959	3.10744193002118	nein
2019-09-08	Berlin	611	624.264854487593	-0.445475881103735	nein
2019-09-15	Berlin	588	628.970980025992	-1.38108154757675	nein
2019-09-22	Berlin	633	634.250160371366	-0.0415120624380715	nein
2019-09-29	Berlin	657	640.042384955916	0.557853405869564	nein
2019-10-06	Berlin	606	646.279452179434	-1.33846717490865	nein
2019-10-13	Berlin	617	652.885302956048	-1.18475983155948	nein
2019-10-20	Berlin	658	659.776528529766	-0.0578217760053421	nein
2019-10-27	Berlin	625	666.86308063651	-1.36909223225129	nein
2019-11-03	Berlin	622	674.049205880355	-1.6972022068495	nein
2019-11-10	Berlin	641	681.234617481172	-1.30069725072142	nein
2019-11-17	Berlin	693	688.315906523914	0.148948893732078	nein
2019-11-24	Berlin	627	695.18818189669	-2.19665749765701	nein
2019-12-01	Berlin	646	701.746913875225	-1.78129638312215	nein
2019-12-08	Berlin	716	707.889941640193	0.254007135414031	nein
2019-12-15	Berlin	709	713.519590919861	-0.141396535533556	nein
2019-12-22	Berlin	660	718.544835554561	-1.84876800983057	nein
2019-12-29	Berlin	704	722.883427208343	-0.588794118546054	nein
2020-01-05	Berlin	682	726.46391172603	-1.39128074298502	nein
2020-01-12	Berlin	699	729.22744954451	-0.940768977599568	nein
2020-01-19	Berlin	743	731.1293615779	0.365400566156835	nein
2020-01-26	Berlin	739	732.140331158932	0.211248997929793	nein
2020-02-02	Berlin	707	732.247206536165	-0.783231545566173	nein
2020-02-09	Berlin	750	731.453366263404	0.569973347822129	nein
2020-02-16	Berlin	687	729.778620561224	-1.33505811738469	nein
2020-02-23	Berlin	688	727.25864378328	-1.22644799256827	nein
2020-03-01	Berlin	746	723.944042719929	0.680941963080596	nein
2020-03-08	Berlin	707	719.899027266509	-0.402619738392971	nein
2020-03-15	Berlin	694	715.199755041688	-0.665286063775244	nein
2020-03-22	Berlin	680	709.932433433986	-0.944955106494807	nein
2020-03-29	Berlin	736	704.191259624069	0.993844698109376	nein
2020-04-05	Berlin	736	698.076280869164	1.18848306652464	nein
2020-04-12	Berlin	740	691.691254151718	1.51733786664138	nein
2020-04-19	Berlin	668	685.141576808017	-0.549521720115434	nein
2020-04-26	Berlin	691	678.532348869494	0.39877069706523	nein
2020-05-03	Berlin	701	671.96661464566	0.929466793803305	nein
2020-05-10	Berlin	683	665.543816684144	0.563132471806014	nein
2020-05-17	Berlin	666	659.35848073876	0.215847484792582	nein
2020-05-24	Berlin	669	653.499136702916	0.504928821439018	nein
2020-05-31	Berlin	620	648.047468370705	-0.927898944738138	nein
2020-06-07	Berlin	637	643.077674896754	-0.200698667401148	nein
2020-06-14	Berlin	668	638.656019239915	0.963578957370495	nein
2020-06-21	Berlin	614	634.840533793712	-0.695461734454748	nein
2020-06-28	Berlin	662	631.680850758854	1.00082923096281	nein
2020-07-05	Berlin	608	629.218124406265	-0.711373432791059	nein
2020-07-12	Berlin	599	627.485013938344	-0.958266764157292	nein
2020-07-19	Berlin	630	626.505698865565	0.116636290822156	nein
2020-07-26	Berlin	667	626.295903349444	1.34584626825064	nein
2020-08-02	Berlin	669	626.862911507292	1.39211472806875	nein
2020-08-09	Berlin	706	628.205561938096	2.5448344274249	nein
2020-08-16	Berlin	740	630.314216446075	3.55507248988113	nein
2020-08-23	Berlin	682	633.170704861422	1.60261998423581	nein
2020-08-30	Berlin	623	636.748254747086	-0.457271701033663	nein
2020-09-06	Berlin	615	641.011421391088	-0.865040733987819	nein
2020-09-13	Berlin	650	645.91603955326	0.134228869574875	nein
2020-09-20	Berlin	658	651.409223674141	0.215560835383046	nein
2020-09-27	Berlin	663	657.429447344297	0.181396499528828	nein
2020-10-04	Berlin	673	663.906735434945	0.294387230305558	nein
2020-10-11	Berlin	688	670.763003060906	0.554040835593424	nein
2020-10-18	Berlin	706	677.91257416301	0.895658824479952	nein
2020-10-25	Berlin	717	685.262908697871	1.00571543817705	nein
2020-11-01	Berlin	723	692.715561051276	0.954816044259144	nein
2020-11-08	Berlin	740	700.167383341005	1.2463867826516	nein
2020-11-15	Berlin	850	707.511975932419	4.33810203200426	nein
2020-11-22	Berlin	793	714.641374165796	2.40640020757433	nein
2020-11-29	Berlin	856	721.44794563509	4.06480495878518	nein
2020-12-06	Berlin	964	727.826457232222	6.9657639685378	nein
2020-12-13	Berlin	943	733.676256628427	6.18184947005916	nein
2020-12-20	Berlin	1021	738.903500059575	8.1935652664149	nein
2020-12-27	Berlin	1030	743.423348378402	8.29391822245	nein
2021-01-03	Berlin	1031	747.162047385521	8.19985569477207	nein
2021-01-10	Berlin	1034	750.058807274452	8.18832741754474	nein
2021-01-17	Berlin	929	752.067400104225	5.19671247628551	nein
2021-01-24	Berlin	922	753.157403603839	4.96353341691761	nein
2021-01-31	Berlin	820	753.315033911143	2.0005662720214	nein
2021-02-07	Berlin	813	752.543528197501	1.81709815411694	nein
2021-02-14	Berlin	785	750.863059285335	1.03299285902337	nein
2021-02-21	Berlin	745	748.310186810159	-0.101173343716661	nein
2021-02-28	Berlin	723	744.936871566803	-0.674917485327663	nein
2021-03-07	Berlin	734	740.809099802856	-0.209380470363358	nein
2021-03-14	Berlin	676	736.005180968022	-1.87463381787399	nein
2021-03-21	Berlin	699	730.613794712245	-0.984812880451679	nein
2021-03-28	Berlin	675	724.73187008565	-1.56254691423556	nein
2021-04-04	Berlin	687	718.462381728376	-0.988676897706651	nein
2021-04-11	Berlin	708	711.912144596992	-0.122713680628217	nein
2021-04-18	Berlin	724	705.189681093838	0.589751627495371	nein
2021-04-25	Berlin	718	698.40322327757	0.617306591394223	nein
2021-05-02	Berlin	686	691.658899245635	-0.180217772833474	nein
2021-05-09	Berlin	704	685.059137957588	0.602566593037983	nein
2021-05-16	Berlin	665	678.701311824344	-0.441443062421637	nein
2021-05-23	Berlin	655	672.676622294624	-0.572692246726281	nein
2021-05-30	Berlin	624	667.069221197714	-1.41056727485667	nein
2021-06-06	Berlin	675	661.955550294168	0.422803681807497	nein
2021-06-13	Berlin	676	657.403873655257	0.604001442055778	nein
2021-06-20	Berlin	694	653.473972240976	1.31310365147914	nein
2021-06-27	Berlin	693	650.216967304654	1.38889621540596	nein
2021-07-04	Berlin	638	647.675238821092	-0.318903260179802	nein
2021-07-11	Berlin	657	645.88240673167	0.364998382040315	nein
2021-07-18	Berlin	665	644.863346098896	0.660112946400947	nein
2021-07-25	Berlin	628	644.634211928318	-0.550597478649273	nein
2021-08-01	Berlin	666	645.202455123816	0.681494759862438	nein
2021-08-08	Berlin	662	646.566817492466	0.505871988687502	nein
2021-08-15	Berlin	603	648.717300632193	-1.52016811163171	nein
2021-08-22	Berlin	659	651.635110663812	0.240961441464806	nein
2021-08-29	Berlin	606	655.292587860792	-1.63212763129862	nein
2021-09-05	Berlin	648	659.653137032435	-0.380761339206062	nein
2021-09-12	Berlin	646	664.67118075756	-0.608821158461771	nein
2021-09-19	Berlin	655	670.292162948172	-0.496079813470923	nein
2021-09-26	Berlin	694	676.452634418136	0.562031826785406	nein
2021-10-03	Berlin	678	683.080454791366	-0.162820302736007	nein
2021-10-10	Berlin	679	690.095145852815	-0.354259160724911	nein
2021-10-17	Berlin	699	697.408429994005	0.0503912257729364	nein
2021-10-24	Berlin	702	704.924983465049	-0.0922046123384443	nein
2021-10-31	Berlin	797	712.543427557692	2.59628619007515	nein
2021-11-07	Berlin	718	720.15757160464	-0.0672641395652882	nein
2021-11-14	Berlin	734	727.657909984293	0.196295172262865	nein
2021-11-21	Berlin	720	734.933361592359	-0.462103335099653	nein
2021-11-28	Berlin	783	741.873225150882	1.25084551635277	nein
2021-12-05	Berlin	810	748.369308167887	1.85815883610427	nein
2021-12-12	Berlin	811	754.318172418212	1.70397707111126	nein
2021-12-19	Berlin	857	759.623425677573	2.89292139271443	nein
2021-12-26	Berlin	762	764.197979303037	-0.0664746226631178	nein
2022-01-02	Berlin	845	767.966185194625	2.28560534403849	nein
2022-01-09	Berlin	829	770.865764536454	1.72826567042515	nein
2022-01-16	Berlin	718	772.849444991081	-1.66867399156475	nein
2022-01-23	Berlin	776	773.886232761251	0.0634585786807684	nein
2022-01-30	Berlin	794	773.962260716034	0.599245917171992	nein
2022-02-06	Berlin	793	773.081172716034	0.596055619547226	nein
2022-02-13	Berlin	859	771.264026080281	2.59215603502151	nein
2022-02-20	Berlin	824	768.548717250083	1.65198553242021	nein
2022-02-27	Berlin	817	764.988958428163	1.55421461819219	nein
2022-03-06	Berlin	769	760.652853650263	0.252481835644468	nein
2022-03-13	Berlin	756	755.621139929984	0.0115185463804619	nein
2022-03-20	Berlin	764	749.985171694627	0.426438410130642	nein
2022-03-27	Berlin	783	743.844734024338	1.18981257316084	nein
2022-04-03	Berlin	757	737.305772017701	0.603668785007776	nein
2022-04-10	Berlin	780	730.478120196337	1.51505414586139	nein
2022-04-17	Berlin	711	723.47330789039	-0.388844858397306	nein
2022-04-24	Berlin	693	716.402504978599	-0.735102865973192	nein
2022-05-01	Berlin	726	709.374658334488	0.519923938210406	nein
2022-05-08	Berlin	683	702.494854054356	-0.617918617255254	nein
2022-05-15	Berlin	715	695.862925158002	0.60388958018677	nein
2022-05-22	Berlin	733	689.572309958088	1.3688055898551	nein
2022-05-29	Berlin	631	683.70915348073	-1.70813147477063	nein
2022-06-05	Berlin	674	678.351633743971	-0.139869226356564	nein
2022-06-12	Berlin	683	673.569486679924	0.303157968883336	nein
2022-06-19	Berlin	689	669.423698123338	0.62967782404176	nein
2022-06-26	Berlin	748	665.9663285083	2.60647629586423	nein
2022-07-03	Berlin	714	663.240435508266	1.62786795225372	nein
2022-07-10	Berlin	701	661.280061529077	1.27904496071061	nein
2022-07-17	Berlin	732	660.110256382949	2.29927725383358	nein
2022-07-24	Berlin	765	659.747110286563	3.34140464679273	nein
2022-07-31	Berlin	718	660.197778203085	1.8547022364536	nein
2022-08-07	Berlin	735	661.46048317641	2.34872692822873	nein
2022-08-14	Berlin	754	663.524493401954	2.87398049810321	nein
2022-08-21	Berlin	767	666.370075078619	3.18257403639129	nein
2022-08-28	Berlin	728	669.968430336173	1.84854675594649	nein
2022-09-04	Berlin	662	674.281636471868	-0.396664169655985	nein
2022-09-11	Berlin	694	679.262609081615	0.471069666167854	nein
2022-09-18	Berlin	678	684.855117130184	-0.219362295046594	nein
2022-09-25	Berlin	719	690.993882237928	0.88474276844098	nein
2022-10-02	Berlin	699	697.604797113613	0.0441418038993666	nein
2022-10-09	Berlin	758	704.60529877516	1.66077688213316	nein
2022-10-16	Berlin	805	711.904930639916	2.85598341351292	nein
2022-10-23	Berlin	783	719.406123465604	1.95329930541404	nein
2022-10-30	Berlin	763	727.005218325855	1.10648718094863	nein
2022-11-06	Berlin	725	734.593745313374	-0.296388530978539	nein
2022-11-13	Berlin	754	742.059959685622	0.365193884299207	nein
2022-11-20	Berlin	793	749.29062314408	1.32116085108631	nein
2022-11-27	Berlin	755	756.173002556661	-0.0356361297605019	nein
2022-12-04	Berlin	808	762.597042613336	1.35973943267596	nein
2022-12-11	Berlin	948	768.457653752399	5.2168266542014	nein
2022-12-18	Berlin	946	773.657043421078	4.99806715564633	nein
2022-12-25	Berlin	959	778.107008554069	5.22324613089638	nein
2023-01-01	Berlin	936	781.73110116066	4.46644292578138	nein
2023-01-08	Berlin	968	784.466577952201	5.27613248272914	nein
2023-01-15	Berlin	822	786.26604950159	1.05581946244685	nein
2023-01-22	Berlin	733	787.098754544348	-1.62852941835671	nein
2023-01-29	Berlin	725	786.951400260145	-1.86836371106391	nein
2023-02-05	Berlin	755	785.828528796051	-0.924040462767715	nein
2023-02-12	Berlin	782	783.752392588242	-0.0522680932763654	nein
2023-02-19	Berlin	817	780.762344605494	1.07435094012956	nein
2023-02-26	Berlin	739	776.913772747727	-1.1449308830512	nein
2023-03-05	Berlin	771	772.276628603733	-0.0383615919398652	nein
2023-03-12	Berlin	790	766.933618134402	0.691950121202625	nein
2023-03-19	Berlin	822	760.978134481493	1.82311915936702	nein
2023-03-26	Berlin	773	754.512020333559	0.5597427571155	nein
2023-04-02	Berlin	743	747.643248921466	-0.141953694760122	nein
2023-04-09	Berlin	793	740.483609048081	1.59324226465559	nein
2023-04-16	Berlin	752	733.14647126751	0.579072346259794	nein
2023-04-23	Berlin	782	725.744700409382	1.72233572839039	nein
2023-04-30	Berlin	694	718.388765264206	-0.764413061647819	nein
2023-05-07	Berlin	724	711.185080632165	0.400202833734559	nein
2023-05-14	Berlin	744	704.234601254554	1.24025473093566	nein
2023-05-21	Berlin	648	697.631672407466	-1.58898658062554	nein
2023-05-28	Berlin	714	691.463128941568	0.712162965729371	nein
2023-06-04	Berlin	648	685.807623857512	-1.21749111631959	nein
2023-06-11	Berlin	735	680.735159429429	1.71532331290016	nein
2023-06-18	Berlin	682	676.306801317024	0.182648042751363	nein
2023-06-25	Berlin	653	672.57455280601	-0.633722046678321	nein
2023-07-02	Berlin	655	669.581251941651	-0.472540974275896	nein
2023-07-09	Berlin	617	667.360561613949	-1.65003845142286	nein
2023-07-16	Berlin	660	665.93700863292	-0.19251887529334	nein
2023-07-23	Berlin	668	665.326033626689	0.0865626947295566	nein
2023-07-30	Berlin	619	665.534032563332	-1.52534760966283	nein
2023-08-06	Berlin	592	666.558377433472	-2.46046531466602	nein
2023-08-13	Berlin	672	668.387410816934	0.11665771419483	nein
2023-08-20	Berlin	728	671.000416425318	1.81360941034128	nein
2023-08-27	Berlin	695	674.367575005008	0.660561043116193	nein
2023-09-03	Berlin	631	678.44992194028	-1.54052998505355	nein
2023-09-10	Berlin	704	683.199329234921	0.661630340547452	nein
2023-09-17	Berlin	673	688.558539968979	-0.497311696466951	nein
2023-09-24	Berlin	660	694.461287492735	-1.10187415416688	nein
2023-10-01	Berlin	630	700.832534181057	-2.27494700300914	nein
2023-10-08	Berlin	701	707.588865173757	-0.207262308397853	nein
2023-10-15	Berlin	706	714.639070845632	-0.27051949206852	nein
2023-10-22	Berlin	726	721.884947524077	0.127818521449502	nein
2023-10-29	Berlin	781	729.222339056181	1.5831744644218	nein
2023-11-05	Berlin	774	736.542432235638	1.14318401167288	nein
2023-11-12	Berlin	775	743.733307050613	0.950881456916975	nein
2023-11-19	Berlin	758	750.681728660082	0.222683317334407	nein
2023-11-26	Berlin	806	757.275152645536	1.46298962689857	nein
2023-12-03	Berlin	819	763.403899343924	1.66020355310554	nein
2023-12-10	Berlin	845	768.963438053507	2.25295386261298	nein
2023-12-17	Berlin	834	773.856708826551	1.78217299582759	nein
2023-12-24	Berlin	876	777.996399627812	2.87452572139149	nein
2023-12-31	Berlin	912	781.307090925624	3.80127710538398	nein
2024-01-07	Berlin	853	783.727179121046	2.03606513242144	nein
2024-01-14	Berlin	811	785.210495073046	0.764033182017536	nein
2024-01-21	Berlin	849	785.727544359749	1.85964717815282	nein
2024-01-28	Berlin	824	785.266311358559	1.14447067038161	nein
2024-02-04	Berlin	855	783.832588794159	2.09102033136372	nein
2024-02-11	Berlin	837	781.449816759678	1.63984109123137	nein
2024-02-18	Berlin	796	778.158438754566	0.531953971361026	nein
2024-02-25	Berlin	797	774.01480527681	0.686451181349877	nein
2024-03-03	Berlin	770	769.089676284577	0.0274050436182475	nein
2024-03-10	Berlin	726	763.466390949324	-1.14188216142263	nein
2024-03-17	Berlin	666	757.238785461082	-2.82812575570859	nein
2024-03-24	Berlin	676	750.508946566369	-2.31125667707108	nein
2024-03-31	Berlin	716	743.384889855931	-0.844338932468289	nein
2024-04-07	Berlin	732	735.978247876557	-0.122633945694524	nein
2024-04-14	Berlin	661	728.402044623424	-2.12044724555454	nein
2024-04-21	Berlin	698	720.768620879338	-0.71252937252256	nein
2024-04-28	Berlin	681	713.187760381862	-1.01508529079117	nein
2024-05-05	Berlin	749	705.765051143934	1.34677890136628	nein
2024-05-12	Berlin	642	698.60050058788	-1.81516145716766	nein
2024-05-19	Berlin	704	691.787408480509	0.387034016553553	nein
2024-05-26	Berlin	644	685.411488766894	-1.33611326913559	nein
2024-06-02	Berlin	634	679.550220837127	-1.47776633120094	nein
2024-06-09	Berlin	619	674.272402826594	-1.80502829361451	nein
2024-06-16	Berlin	645	669.6378743297	-0.801087772359921	nein
2024-06-23	Berlin	660	665.697373304897	-0.184916136221884	nein
2024-06-30	Berlin	669	662.492491738609	0.211081714027154	nein
2024-07-07	Berlin	614	660.055696506707	-1.5171434302652	nein
2024-07-14	Berlin	656	658.410385472967	-0.078608312152553	nein
2024-07-21	Berlin	630	657.570953834955	-0.905606694401011	nein
2024-07-28	Berlin	622	657.5428517253	-1.16995423916349	nein
2024-08-04	Berlin	672	658.32262078344	0.44430987626595	nein
2024-08-11	Berlin	624	659.8979045418	-1.1796360291817	nein
2024-08-18	Berlin	652	662.2474347557	-0.333912826784312	nein
2024-08-25	Berlin	691	665.341002993737	0.826730359636774	nein
2024-09-01	Berlin	671	669.139433637895	0.0601283474963474	nein
2024-09-08	Berlin	723	673.594580647392	1.57320112890541	nein
2024-09-15	Berlin	624	678.649375720191	-1.77883282259989	nein
2024-09-22	Berlin	652	684.237959517974	-1.03891327550217	nein
2024-09-29	Berlin	718	690.285930062091	0.876273747234011	nein
2024-10-06	Berlin	717	696.710742916994	0.639647259845669	nein
2024-10-13	Berlin	753	703.422296039487	1.54508112443164	nein
2024-10-20	Berlin	763	710.323727939014	1.63254304872518	nein
2024-10-27	Berlin	752	717.312450930104	1.07408768880353	nein
2024-11-03	Berlin	708	724.281431785047	-0.507564009835496	nein
2024-11-10	Berlin	731	731.120720235198	-0.00373127392696172	nein
2024-11-17	Berlin	778	737.719211974141	1.2282389264439	nein
2024-11-24	Berlin	725	743.966617775871	-0.583485909747166	nein
2024-12-01	Berlin	759	749.755594968039	0.281471803672588	nein
2024-12-08	Berlin	795	754.983982880936	1.20602774462454	nein
2024-12-15	Berlin	869	759.55707121027	3.24188353371702	nein
2024-12-22	Berlin	836	763.389820662378	2.16144415154575	nein
2024-12-29	Berlin	792	766.408949842843	0.7677508012406	nein
2025-01-05	Berlin	826	768.55480190213	1.70953074798954	nein
2025-01-12	Berlin	861	769.782909403615	2.69388508049387	nein
2025-01-19	Berlin	822	770.065186229797	1.54576839634154	nein
2025-01-26	Berlin	933	769.390690617004	4.76571840763808	nein
2025-02-02	Berlin	872	767.765922676698	3.07437181394425	nein
2025-02-09	Berlin	846	765.214641707037	2.39793433116049	nein
2025-02-16	Berlin	818	761.777211642082	1.68106987827885	nein
2025-02-23	Berlin	822	757.509505438077	1.93041035298023	nein
2025-03-02	Berlin	853	752.481419424123	2.99664312676788	nein
2025-03-09	Berlin	800	746.775065235318	1.60843559131303	nein
2025-03-16	Berlin	819	740.482718838018	2.37012626267106	nein
2025-03-23	Berlin	736	733.704612728454	0.0707744372460422	nein
2025-03-30	Berlin	745	726.546658491903	0.569737289576007	nein
2025-04-06	Berlin	739	719.118182862162	0.616838723890109	nein
2025-04-13	Berlin	761	711.529751921758	1.53276405008461	nein
2025-04-20	Berlin	745	703.891146122729	1.28297415234543	nein
2025-04-27	Berlin	662	696.309534542737	-1.09611253595386	nein
2025-05-04	Berlin	695	688.887881422375	0.194408960347386	nein
2025-05-11	Berlin	712	681.723602689548	0.962496661199374	nein
2025-05-18	Berlin	692	674.907475843491	0.547836211483204	nein
2025-05-25	Berlin	663	668.522794008972	-0.178854070089822	nein
2025-06-01	Berlin	647	662.644744706247	-0.510223650417532	nein
2025-06-08	Berlin	678	657.339986202062	0.670348761984432	nein
2025-06-15	Berlin	657	652.666389286033	0.141690663785291	nein
2025-06-22	Berlin	636	648.672909855502	-0.417447092704711	nein
2025-06-29	Berlin	678	645.399557563186	1.06420385628842	nein
2025-07-06	Berlin	697	642.877427677494	1.76073376636881	nein
2025-07-13	Berlin	662	641.128766878221	0.685530360069029	nein
2025-07-20	Berlin	618	640.167048607036	-0.736817322848217	nein
2025-07-27	Berlin	619	639.997039475501	-0.697762907074782	nein
2025-08-03	Berlin	635	640.614844793305	-0.1857295825595	nein
2025-08-10	Berlin	652	642.007928235283	0.328802305941494	nein
2025-08-17	Berlin	701	644.155107759159	1.84557284753155	nein
2025-08-24	Berlin	619	647.02653687019	-0.927628158348352	nein
2025-08-31	Berlin	655	650.583686954971	0.144525042908783	nein
2025-09-07	Berlin	636	654.779352411021	-0.616160196207818	nein
2025-09-14	Berlin	637	659.557705394558	-0.738020064707536	nein
2025-09-21	Berlin	676	664.854430884691	0.360037988792676	nein
2025-09-28	Berlin	666	670.596975088769	-0.148412076727992	nein
2025-10-05	Berlin	690	676.704940661452	0.425320798460101	nein
2025-10-12	Berlin	730	683.090660477981	1.48151923246873	nein
2025-10-19	Berlin	635	689.659977553677	-1.76073461093779	nein
2025-10-26	Berlin	735	696.313252009223	1.2121042391345	nein
2025-11-02	Berlin	684	702.94660677059	-0.598755507719659	nein
2025-11-09	Berlin	713	709.453412182955	0.110937942516715	nein
2025-11-16	Berlin	739	715.725996350782	0.721350759446955	nein
2025-11-23	Berlin	704	721.657553462933	-0.550061526738308	nein
2025-11-30	Berlin	718	727.144207507579	-0.283137109178469	nein
2025-12-07	Berlin	740	732.087174679124	0.243169840205701	nein
2025-12-14	Berlin	752	736.394955572624	0.477227434000514	nein
2025-12-21	Berlin	706	739.985479085554	-1.04835555930021	nein
2025-12-28	Berlin	727	742.788114812282	-0.483963119905456	nein
2026-01-04	Berlin	792	744.745470389175	1.42640240360617	nein
2026-01-11	Berlin	864	745.814895144817	3.51251224208977	nein
2026-01-18	Berlin	905	745.969621521426	4.68755096086361	nein
2026-01-25	Berlin	853	745.199490593126	3.21128283636186	nein
2026-02-01	Berlin	834	743.511226706415	2.7079576430305	nein
2026-02-08	Berlin	855	740.928247530354	3.4028827021038	nein
2026-02-15	Berlin	838	737.490018097507	3.01334728724006	nein
2026-02-22	Berlin	776	733.2509791068	1.30109070784533	nein
2026-03-01	Berlin	775	728.279099269665	1.425553208172	nein
2026-03-08	Berlin	796	722.654117449171	2.23359940133902	nein
2026-03-15	Berlin	721	716.465551748103	0.140826684352973	nein
2026-03-22	Berlin	732	709.81055895327	0.689579885214394	nein
2026-03-29	Berlin	672	702.791728707381	-0.973919697572912	nein
2026-04-05	Berlin	685	695.514892765851	-0.332708096632082	nein
2026-04-12	Berlin	700	688.0870213893	0.37695902496533	nein
2026-04-19	Berlin	732	680.614267285574	1.61970974698979	nein
2026-04-26	Berlin	653	673.200203669931	-0.65142959874845	nein
2026-05-03	Berlin	663	665.944288120203	-0.0950573367434938	nein
2026-05-10	Berlin	720	658.940569060127	1.95096549958948	nein
2026-05-17	Berlin	639	652.276637851589	-0.43428263967238	nein
2026-05-24	Berlin	675	646.032817351657	0.941881677494499	nein
2026-05-31	Berlin	653	640.281567897094	0.417080718147878	nein
2026-06-07	Berlin	575	635.087084292046	-2.01761965953365	nein
2026-06-14	Berlin	604	630.50505256189	-0.884965935854058	ja
2026-06-21	Berlin	686	626.582532898093	1.94581233800832	ja
2026-06-28	Berlin	813	623.357935132932	6.03814338686976	ja
2026-07-05	Berlin	778	620.86105494894	5.0485046830956	ja
2026-07-12	Berlin	673	619.11314250895	1.77681900190999	ja
2026-07-19	Berlin	596	618.126979946146	-0.744891639455803	ja
2026-07-26	Berlin	593	617.906949853073	-0.839118492053338	ja
2026-08-02	Berlin	618	618.449083254837	-0.0150189371172451	ja
2026-08-09	Berlin	602	619.741082273467	-0.595358389379193	ja
2026-08-16	Berlin	646	621.762319539019	0.802773184034191	ja
2026-08-23	Berlin	592	624.483823140751	-1.08972506529026	ja
2016-10-09	Baden-Württemberg	1910	1980.95647996571	-0.852833929728397	nein
2016-10-16	Baden-Württemberg	2116	2001.10610312163	1.35313125359582	nein
2016-10-23	Baden-Württemberg	2099	2021.86287004894	0.906727996165327	nein
2016-10-30	Baden-Württemberg	2058	2042.93416606491	0.177095126948643	nein
2016-11-06	Baden-Württemberg	2099	2064.0134817486	0.408557794996642	nein
2016-11-13	Baden-Württemberg	2120	2084.7846923763	0.409228682959493	nein
2016-11-20	Baden-Württemberg	2269	2104.92703897247	1.87913526663344	nein
2016-11-27	Baden-Württemberg	2125	2124.12073687389	0.0101525293606452	nein
2016-12-04	Baden-Württemberg	2078	2142.05309254432	-0.740340994818289	nein
2016-12-11	Baden-Württemberg	2289	2158.4249657857	1.48137957953566	nein
2016-12-18	Baden-Württemberg	2211	2172.95737591999	0.433199503469233	nein
2016-12-25	Baden-Württemberg	2339	2185.39802045375	1.72946836897134	nein
2017-01-01	Baden-Württemberg	2264	2195.52745636882	0.774107771836792	nein
2017-01-08	Baden-Württemberg	2523	2203.16469001311	3.54599339494816	nein
2017-01-15	Baden-Württemberg	2689	2208.17193309762	5.26868595130983	nein
2017-01-22	Baden-Württemberg	2510	2210.45830977762	3.32111751248981	nein
2017-01-29	Baden-Württemberg	2779	2209.98234205772	6.19874690412555	nein
2017-02-05	Baden-Württemberg	2907	2206.75309529917	7.57189090171743	nein
2017-02-12	Baden-Württemberg	2739	2200.82992873126	5.88728605570929	nein
2017-02-19	Baden-Württemberg	2561	2192.32086304168	4.08670501932667	nein
2017-02-26	Baden-Württemberg	2587	2181.37964340243	4.49633501887405	nein
2017-03-05	Baden-Württemberg	2405	2168.20163682892	2.66399461440158	nein
2017-03-12	Baden-Württemberg	2126	2153.01875328894	-0.311132871612643	nein
2017-03-19	Baden-Württemberg	2145	2136.09361717452	0.102697802116691	nein
2017-03-26	Baden-Württemberg	2012	2117.71323758392	-1.23574278880108	nein
2017-04-02	Baden-Württemberg	2054	2098.18243168506	-0.516413628298814	nein
2017-04-09	Baden-Württemberg	1915	2077.81724595841	-1.93175378312897	nein
2017-04-16	Baden-Württemberg	1998	2056.93859724004	-0.696917927812019	nein
2017-04-23	Baden-Württemberg	1917	2035.86632199554	-1.42029626660698	nein
2017-04-30	Baden-Württemberg	1989	2014.91378148553	-0.308881985318089	nein
2017-05-07	Baden-Württemberg	1941	1994.38312594888	-0.641190193231036	nein
2017-05-14	Baden-Württemberg	2014	1974.56127598997	0.472450526104299	nein
2017-05-21	Baden-Württemberg	1928	1955.71663695034	-0.335578133675898	nein
2017-05-28	Baden-Württemberg	1930	1938.09652450752	-0.0983233741876759	nein
2017-06-04	Baden-Württemberg	1925	1921.92524871483	0.0374657358620848	nein
2017-06-11	Baden-Württemberg	1806	1907.40278011814	-1.25205554377817	nein
2017-06-18	Baden-Württemberg	1836	1894.70390576236	-0.724595014709511	nein
2017-06-25	Baden-Württemberg	2023	1883.97777461348	1.69172820216189	nein
2017-07-02	Baden-Württemberg	1915	1875.34773055775	0.487811817600474	nein
2017-07-09	Baden-Württemberg	1981	1868.91133583635	1.37282411434781	nein
2017-07-16	Baden-Württemberg	1767	1864.74049753695	-1.22118808272466	nein
2017-07-23	Baden-Württemberg	1951	1862.88162357463	1.08344410546594	nein
2017-07-30	Baden-Württemberg	1958	1863.35575147255	1.16301004395754	nein
2017-08-06	Baden-Württemberg	1960	1866.15861229588	1.15249635684193	nein
2017-08-13	Baden-Württemberg	1781	1871.26061248221	-1.12544714867595	nein
2017-08-20	Baden-Württemberg	1897	1878.60673729658	0.226682656402569	nein
2017-08-27	Baden-Württemberg	1862	1888.11640050194	-0.322351999153878	nein
2017-09-03	Baden-Württemberg	1867	1899.68328485055	-0.402441476654998	nein
2017-09-10	Baden-Württemberg	1833	1913.17523639593	-0.987971582514412	nein
2017-09-17	Baden-Württemberg	1887	1928.43429155009	-0.506827389500634	nein
2017-09-24	Baden-Württemberg	1955	1945.27692833359	0.117900979285643	nein
2017-10-01	Baden-Württemberg	1961	1963.494641383	-0.0301424145052948	nein
2017-10-08	Baden-Württemberg	2001	1982.85494297156	0.217805319313087	nein
2017-10-15	Baden-Württemberg	1992	2003.10288859881	-0.132929383890933	nein
2017-10-22	Baden-Württemberg	1982	2023.963214823	-0.501104819954345	nein
2017-10-29	Baden-Württemberg	2008	2045.14315845359	-0.441061640951111	nein
2017-11-05	Baden-Württemberg	2036	2066.33599993758	-0.358171304692637	nein
2017-11-12	Baden-Württemberg	2092	2087.22534028281	0.0559317455443932	nein
2017-11-19	Baden-Württemberg	2039	2107.49008134407	-0.803135963924786	nein
2017-11-26	Baden-Württemberg	2046	2126.81003564807	-0.944165110602301	nein
2017-12-03	Baden-Württemberg	2108	2144.87204671278	-0.427463363075728	nein
2017-12-10	Baden-Württemberg	2128	2161.3764571433	-0.38533605510042	nein
2017-12-17	Baden-Württemberg	2155	2176.04372311174	-0.241891963189883	nein
2017-12-24	Baden-Württemberg	2140	2188.62094364971	-0.558443602818971	nein
2017-12-31	Baden-Württemberg	2219	2198.88805468678	0.229247203804332	nein
2018-01-07	Baden-Württemberg	2269	2206.66343347514	0.7070588182398	nein
2018-01-14	Baden-Württemberg	2142	2211.80867045728	-0.798818705434381	nein
2018-01-21	Baden-Württemberg	2282	2214.23229301064	0.767047554846891	nein
2018-01-28	Baden-Württemberg	2197	2213.89226769875	-0.192429240833054	nein
2018-02-04	Baden-Württemberg	2257	2210.79716216518	0.524216316511371	nein
2018-02-11	Baden-Württemberg	2301	2205.00591093785	1.0866007171388	nein
2018-02-18	Baden-Württemberg	2447	2196.62619663036	2.80824066380934	nein
2018-02-25	Baden-Württemberg	2644	2185.81152439219	5.07899823949772	nein
2018-03-04	Baden-Württemberg	2953	2172.75712811291	8.49726109801325	nein
2018-03-11	Baden-Württemberg	3037	2157.69489753856	9.5493004570508	nein
2018-03-18	Baden-Württemberg	2763	2140.88755279911	6.89021935699853	nein
2018-03-25	Baden-Württemberg	2568	2122.62231482314	5.01139770527385	nein
2018-04-01	Baden-Württemberg	2351	2103.20432607285	2.84004644002343	nein
2018-04-08	Baden-Württemberg	2200	2082.95006667028	1.36127114902117	nein
2018-04-15	Baden-Württemberg	2223	2062.18098819365	1.87336844635992	nein
2018-04-22	Baden-Württemberg	2090	2041.2175539856	0.576216053428666	nein
2018-04-29	Baden-Württemberg	1973	2020.37383406691	-0.56696294014136	nein
2018-05-06	Baden-Württemberg	1994	1999.95275820483	-0.0713642876137313	nein
2018-05-13	Baden-Württemberg	1982	1980.24208570899	0.021167299234491	nein
2018-05-20	Baden-Württemberg	1880	1961.51110806387	-0.993340486053026	nein
2018-05-27	Baden-Württemberg	1939	1944.00806289543	-0.0609058152488716	nein
2018-06-03	Baden-Württemberg	1914	1927.95820665896	-0.170601710235047	nein
2018-06-10	Baden-Württemberg	2030	1913.56246977227	1.41273608138179	nein
2018-06-17	Baden-Württemberg	1788	1900.99660201455	-1.40343613745509	nein
2018-06-24	Baden-Württemberg	1812	1890.41070765133	-0.973605365091491	nein
2018-07-01	Baden-Württemberg	1935	1881.92906832145	0.652809530505502	nein
2018-07-08	Baden-Württemberg	1979	1875.65015637324	1.26790607253992	nein
2018-07-15	Baden-Württemberg	1822	1871.64675107269	-0.618004901356843	nein
2018-07-22	Baden-Württemberg	1944	1869.96608390829	0.911948545867717	nein
2018-07-29	Baden-Württemberg	2058	1870.62995610604	2.28555942268454	nein
2018-08-05	Baden-Württemberg	2292	1873.63479054241	5.00618930235997	nein
2018-08-12	Baden-Württemberg	2274	1878.95160068408	4.72939369699569	nein
2018-08-19	Baden-Württemberg	2015	1886.52588023936	1.56841672841799	nein
2018-08-26	Baden-Württemberg	2034	1896.27743815879	1.67577171229966	nein
2018-09-02	Baden-Württemberg	1851	1908.10022374367	-0.704375766916685	nein
2018-09-09	Baden-Württemberg	1905	1921.86220513609	-0.206517438138728	nein
2018-09-16	Baden-Württemberg	1894	1937.40538051878	-0.530664503953214	nein
2018-09-23	Baden-Württemberg	2053	1954.5460140089	1.18402853995459	nein
2018-09-30	Baden-Württemberg	1872	1973.07519647663	-1.23044394563168	nein
2018-10-07	Baden-Württemberg	1913	1992.75983432486	-0.964228851399131	nein
2018-10-14	Baden-Württemberg	2007	2013.34416565772	-0.0758220905294902	nein
2018-10-21	Baden-Württemberg	1923	2034.55189243869	-1.33785203823063	nein
2018-10-28	Baden-Württemberg	2055	2056.08899868924	-0.0128712404588434	nein
2018-11-04	Baden-Württemberg	1947	2077.64729844579	-1.55240342021973	nein
2018-11-11	Baden-Württemberg	2119	2098.90872358496	0.234587149384346	nein
2018-11-18	Baden-Württemberg	2022	2119.55032192475	-1.14400699000625	nein
2018-11-25	Baden-Württemberg	2105	2139.24989210369	-0.397718486884522	nein
2018-12-02	Baden-Württemberg	2163	2157.69213620469	0.061175295696463	nein
2018-12-09	Baden-Württemberg	2183	2174.57516705264	0.0966875690100683	nein
2018-12-16	Baden-Württemberg	2133	2189.61716805107	-0.650697677125264	nein
2018-12-23	Baden-Württemberg	2152	2202.56297285257	-0.579058089017826	nein
2018-12-30	Baden-Württemberg	2171	2213.19031330106	-0.481645294690512	nein
2019-01-06	Baden-Württemberg	2185	2221.31547948686	-0.413593164632137	nein
2019-01-13	Baden-Württemberg	2387	2226.79814695712	1.79603359254568	nein
2019-01-20	Baden-Württemberg	2359	2229.54515339592	1.45355930476713	nein
2019-01-27	Baden-Württemberg	2404	2229.51304930512	1.9528548559412	nein
2019-02-03	Baden-Württemberg	2353	2226.70930187493	1.41915764623705	nein
2019-02-10	Baden-Württemberg	2385	2221.1920946402	1.83804048927384	nein
2019-02-17	Baden-Württemberg	2404	2213.06873311909	2.14211788160854	nein
2019-02-24	Baden-Württemberg	2448	2202.49273345627	2.7503219958293	nein
2019-03-03	Baden-Württemberg	2542	2189.65973225163	3.9292641477403	nein
2019-03-10	Baden-Württemberg	2383	2174.80240691889	2.35317361865718	nein
2019-03-17	Baden-Württemberg	2385	2158.18463374014	2.56990957835062	nein
2019-03-24	Baden-Württemberg	2237	2140.09513317391	1.11317874178248	nein
2019-03-31	Baden-Württemberg	2208	2120.8408582551	1.00653511673647	nein
2019-04-07	Baden-Württemberg	2239	2100.7403727775	1.59807895294683	nein
2019-04-14	Baden-Württemberg	2015	2080.11744325577	-0.76865475100578	nein
2019-04-21	Baden-Württemberg	2132	2059.2950352122	0.853117830218176	nein
2019-04-28	Baden-Württemberg	2079	2038.58986346831	0.47782497322358	nein
2019-05-05	Baden-Württemberg	1981	2018.30760137665	-0.446227946909687	nein
2019-05-12	Baden-Württemberg	2015	1998.73880869049	0.194593544993543	nein
2019-05-19	Baden-Württemberg	2124	1980.15559500632	1.71155552987375	nein
2019-05-26	Baden-Württemberg	2078	1962.80899779116	1.37981194238294	nein
2019-06-02	Baden-Württemberg	2008	1946.92702259205	0.737826125540357	nein
2019-06-09	Baden-Württemberg	2008	1932.7132690849	0.911798896629564	nein
2019-06-16	Baden-Württemberg	1927	1920.346050478	0.0813205513659365	nein
2019-06-23	Baden-Württemberg	1967	1909.97790523691	0.695767294545209	nein
2019-06-30	Baden-Württemberg	2162	1901.73539853945	3.12947571314374	nein
2019-07-07	Baden-Württemberg	2111	1895.71911544415	2.60196804067548	nein
2019-07-14	Baden-Württemberg	1899	1892.00375747164	0.0861435393628008	nein
2019-07-21	Baden-Württemberg	1985	1890.63826813626	1.15352159987082	nein
2019-07-28	Baden-Württemberg	2296	1891.64592994201	4.81969554098765	nein
2019-08-04	Baden-Württemberg	1963	1895.02439456775	0.831857973439107	nein
2019-08-11	Baden-Württemberg	1994	1900.74562858783	1.13702692667395	nein
2019-08-18	Baden-Württemberg	1855	1908.75577835043	-0.662439107933423	nein
2019-08-25	Baden-Württemberg	1914	1918.9749788411	-0.0608779686885955	nein
2019-09-01	Baden-Württemberg	2032	1931.29715175823	1.21731601006923	nein
2019-09-08	Baden-Württemberg	1873	1945.58985683593	-0.887259580104203	nein
2019-09-15	Baden-Württemberg	1927	1961.69427680209	-0.420882269829078	nein
2019-09-22	Baden-Württemberg	1856	1979.42542930046	-1.50191998217683	nein
2019-09-29	Baden-Württemberg	2087	1998.57270760686	1.05178220381907	nein
2019-10-06	Baden-Württemberg	1980	2018.90085497867	-0.46517120421587	nein
2019-10-13	Baden-Württemberg	2079	2040.15147399616	0.459125703277993	nein
2019-10-20	Baden-Württemberg	2057	2062.04516145707	-0.0595123521486419	nein
2019-10-27	Baden-Württemberg	2065	2084.28434074678	-0.22648812791392	nein
2019-11-03	Baden-Württemberg	2084	2106.55683704599	-0.263546580718202	nein
2019-11-10	Baden-Württemberg	2213	2128.54020675685	0.97342721633731	nein
2019-11-17	Baden-Württemberg	2116	2149.90679230533	-0.392363596447058	nein
2019-11-24	Baden-Württemberg	2243	2170.32942891851	0.830045999471464	nein
2019-12-01	Baden-Württemberg	2223	2189.4876836772	0.382183149192071	nein
2019-12-08	Baden-Württemberg	2203	2207.0744622779	-0.0464063332220172	nein
2019-12-15	Baden-Württemberg	2295	2222.80277902978	0.814654588707721	nein
2019-12-22	Baden-Württemberg	2255	2236.41245424465	0.209905985935013	nein
2019-12-29	Baden-Württemberg	2224	2247.67648363597	-0.267517455135475	nein
2020-01-05	Baden-Württemberg	2229	2256.40681923669	-0.309125873422527	nein
2020-01-12	Baden-Württemberg	2165	2262.45931226791	-1.10351415102561	nein
2020-01-19	Baden-Württemberg	2213	2265.73759565113	-0.594670857444493	nein
2020-01-26	Baden-Württemberg	2171	2266.19572634879	-1.07674659299103	nein
2020-02-02	Baden-Württemberg	2370	2263.83946293056	1.18376243310341	nein
2020-02-09	Baden-Württemberg	2277	2258.72611797177	0.205302138295612	nein
2020-02-16	Baden-Württemberg	2261	2250.96295330507	0.113032584184761	nein
2020-02-23	Baden-Württemberg	2194	2240.70415555329	-0.529447096540853	nein
2020-03-01	Baden-Württemberg	2294	2228.14685259732	0.742455091309128	nein
2020-03-08	Baden-Württemberg	2342	2213.52603681119	1.44673752932143	nein
2020-03-15	Baden-Württemberg	2354	2197.10866520996	1.76978926995142	nein
2020-03-22	Baden-Württemberg	2410	2179.18722953705	2.6005943743464	nein
2020-03-29	Baden-Württemberg	2485	2160.07305577594	3.6527788594687	nein
2020-04-05	Baden-Württemberg	2609	2140.08958375285	5.24343663324237	nein
2020-04-12	Baden-Württemberg	2570	2119.56585486632	5.06674072076721	nein
2020-04-19	Baden-Württemberg	2453	2098.83040234535	4.02992392876164	nein
2020-04-26	Baden-Württemberg	2270	2078.20569717861	2.21916883014159	nein
2020-05-03	Baden-Württemberg	2120	2058.00325755703	0.728138327104249	nein
2020-05-10	Baden-Württemberg	2135	2038.51948377202	1.13551626529975	nein
2020-05-17	Baden-Württemberg	2009	2020.03223703606	-0.131586304760557	nein
2020-05-24	Baden-Württemberg	2007	2002.79814205893	0.050274395125108	nein
2020-05-31	Baden-Württemberg	1895	1987.05056113512	-1.11493425079334	nein
2020-06-07	Baden-Württemberg	2018	1972.99816297692	0.540731705360028	nein
2020-06-14	Baden-Württemberg	1884	1960.82399291354	-0.935702683802885	nein
2020-06-21	Baden-Württemberg	1932	1950.68494217772	-0.227040595519636	nein
2020-06-28	Baden-Württemberg	2017	1942.71151222274	0.897466204070134	nein
2020-07-05	Baden-Württemberg	1853	1937.00777449399	-1.03036643284415	nein
2020-07-12	Baden-Württemberg	1909	1933.65143582471	-0.301052000139463	nein
2020-07-19	Baden-Württemberg	1823	1932.69393360394	-1.35010171741806	nein
2020-07-26	Baden-Württemberg	1967	1934.16050208367	0.39902883707683	nein
2020-08-02	Baden-Württemberg	2088	1938.05017073143	1.80256274568557	nein
2020-08-09	Baden-Württemberg	1970	1944.33567656027	0.3112204741537	nein
2020-08-16	Baden-Württemberg	2195	1952.96329410565	2.8774604332387	nein
2020-08-23	Baden-Württemberg	2061	1963.85260843044	1.16524746705698	nein
2020-08-30	Baden-Württemberg	2013	1976.89627746832	0.433803938626684	nein
2020-09-06	Baden-Württemberg	1968	1991.95984935705	-0.288235971617598	nein
2020-09-13	Baden-Württemberg	1962	2008.88171727379	-0.562651240220475	nein
2020-09-20	Baden-Württemberg	2025	2027.47330767946	-0.0294356566668366	nein
2020-09-27	Baden-Württemberg	1975	2047.51960674499	-0.863763552924265	nein
2020-10-04	Baden-Württemberg	2103	2068.78013297765	0.401934250525863	nein
2020-10-11	Baden-Württemberg	2021	2090.99046065652	-0.824524307816434	nein
2020-10-18	Baden-Württemberg	1998	2113.86438775742	-1.36241114931972	nein
2020-10-25	Baden-Württemberg	2227	2137.09682304574	1.03435354524781	nein
2020-11-01	Baden-Württemberg	2180	2160.36743984211	0.225848967970613	nein
2020-11-08	Baden-Württemberg	2274	2183.34510911967	1.03176864070464	nein
2020-11-15	Baden-Württemberg	2284	2205.69308326889	0.887474288657042	nein
2020-11-22	Baden-Württemberg	2448	2227.07485601408	2.4663764524377	nein
2020-11-29	Baden-Württemberg	2565	2247.16057624664	3.50921631225338	nein
2020-12-06	Baden-Württemberg	2694	2265.63384721258	4.67639043259776	nein
2020-12-13	Baden-Württemberg	2862	2282.19870118567	6.24722730364373	nein
2020-12-20	Baden-Württemberg	2910	2296.58650716987	6.57603084651622	nein
2020-12-27	Baden-Württemberg	2950	2308.56254870341	6.84783219370991	nein
2021-01-03	Baden-Württemberg	2788	2317.93200319137	5.06174246251386	nein
2021-01-10	Baden-Württemberg	2776	2324.54506504199	4.86032259323444	nein
2021-01-17	Baden-Württemberg	2779	2328.30098257576	4.84865738389857	nein
2021-01-24	Baden-Württemberg	2763	2329.1508221042	4.67157711957889	nein
2021-01-31	Baden-Württemberg	2538	2327.09882918248	2.30520537300302	nein
2021-02-07	Baden-Württemberg	2399	2322.20232301073	0.848100095874504	nein
2021-02-14	Baden-Württemberg	2291	2314.57013056188	-0.262610152807798	nein
2021-02-21	Baden-Württemberg	2247	2304.35963705862	-0.642143774051749	nein
2021-02-28	Baden-Württemberg	2131	2291.77259377828	-1.81913743705189	nein
2021-03-07	Baden-Württemberg	2093	2277.04987827232	-2.0934221203927	nein
2021-03-14	Baden-Württemberg	2060	2260.46544238973	-2.29197145477206	nein
2021-03-21	Baden-Württemberg	2039	2242.31970774938	-2.33513382721744	nein
2021-03-28	Baden-Württemberg	2138	2222.9326757313	-0.970885705411091	nein
2021-04-04	Baden-Württemberg	2071	2202.63701030464	-1.51754442853756	nein
2021-04-11	Baden-Württemberg	2245	2181.77132899214	0.721615567125223	nein
2021-04-18	Baden-Württemberg	2187	2160.67390286204	0.302792060626175	nein
2021-04-25	Baden-Württemberg	2198	2139.67692411212	0.672509831302314	nein
2021-05-02	Baden-Württemberg	2353	2119.10145325179	2.67486166327044	nein
2021-05-09	Baden-Württemberg	2216	2099.25311064679	1.35316971350947	nein
2021-05-16	Baden-Württemberg	2194	2080.41853238805	1.32277520017423	nein
2021-05-23	Baden-Württemberg	2117	2062.86257058383	0.636135633501758	nein
2021-05-30	Baden-Württemberg	2021	2046.82618502918	-0.306648455287637	nein
2021-06-06	Baden-Württemberg	2163	2032.52494782464	1.53532573609341	nein
2021-06-13	Baden-Württemberg	2075	2020.14806526837	0.651347424574349	nein
2021-06-20	Baden-Württemberg	2238	2009.85781204818	2.67919375539008	nein
2021-06-27	Baden-Württemberg	2018	2001.7892708062	0.194001867755522	nein
2021-07-04	Baden-Württemberg	1938	1996.05027466044	-0.700094233478763	nein
2021-07-11	Baden-Württemberg	1980	1992.72146022258	-0.15296682223784	nein
2021-07-18	Baden-Württemberg	1997	1991.85635298912	0.061770711847099	nein
2021-07-25	Baden-Württemberg	2145	1993.48142468204	1.79735663063919	nein
2021-08-01	Baden-Württemberg	1997	1997.59608222558	-0.00715164109036683	nein
2021-08-08	Baden-Württemberg	1950	2004.17256970585	-0.651804737640346	nein
2021-08-15	Baden-Württemberg	2032	2013.15578706911	0.224847957453559	nein
2021-08-22	Baden-Württemberg	2055	2024.46305170723	0.362996040862426	nein
2021-08-29	Baden-Württemberg	2029	2037.98385067217	-0.10677952480089	nein
2021-09-05	Baden-Württemberg	2017	2053.57965121975	-0.434083862662099	nein
2021-09-12	Baden-Württemberg	2167	2071.08385478228	1.1214245580543	nein
2021-09-19	Baden-Württemberg	2128	2090.3019932897	0.440727798358371	nein
2021-09-26	Baden-Württemberg	2164	2111.01227589898	0.61568411684469	nein
2021-10-03	Baden-Württemberg	2103	2132.96659752452	-0.348632117743093	nein
2021-10-10	Baden-Württemberg	2138	2155.89211701779	-0.20683207456627	nein
2021-10-17	Baden-Württemberg	2332	2179.49350153071	1.73101030002003	nein
2021-10-24	Baden-Württemberg	2418	2203.45591394352	2.41125201083763	nein
2021-10-31	Baden-Württemberg	2493	2227.4487921445	2.95808939554228	nein
2021-11-07	Baden-Württemberg	2425	2251.13043293433	1.93902284949736	nein
2021-11-14	Baden-Württemberg	2498	2274.15335063117	2.47519138527157	nein
2021-11-21	Baden-Württemberg	2657	2296.17033308947	3.93481171087529	nein
2021-11-28	Baden-Württemberg	2782	2316.84106856825	5.0167893909857	nein
2021-12-05	Baden-Württemberg	2833	2335.83916906247	5.33012484276328	nein
2021-12-12	Baden-Württemberg	2837	2352.85937309543	5.17647383732646	nein
2021-12-19	Baden-Württemberg	2753	2367.62467737854	4.13328656562787	nein
2021-12-26	Baden-Württemberg	2699	2379.89312568626	3.42817610728026	nein
2022-01-02	Baden-Württemberg	2594	2389.46397756202	2.20924958622871	nein
2022-01-09	Baden-Württemberg	2368	2396.18299078395	-0.308810306062029	nein
2022-01-16	Baden-Württemberg	2349	2399.94658023104	-0.558664625940443	nein
2022-01-23	Baden-Württemberg	2298	2400.70466074735	-1.13016275739295	nein
2022-01-30	Baden-Württemberg	2347	2398.46204015428	-0.564487482562567	nein
2022-02-06	Baden-Württemberg	2410	2393.27829676316	0.182746680097982	nein
2022-02-13	Baden-Württemberg	2337	2385.26614869688	-0.530797259727823	nein
2022-02-20	Baden-Württemberg	2528	2374.58839467828	1.66758473948471	nein
2022-02-27	Baden-Württemberg	2377	2361.45357238436	0.171073245813663	nein
2022-03-06	Baden-Württemberg	2487	2346.11053629086	1.54202888265811	nein
2022-03-13	Baden-Württemberg	2460	2328.84219847546	1.44179298267469	nein
2022-03-20	Baden-Württemberg	2505	2309.95870079905	2.14338518610811	nein
2022-03-27	Baden-Württemberg	2441	2289.79029444504	1.67400675462148	nein
2022-04-03	Baden-Württemberg	2499	2268.68019364826	2.54761588637132	nein
2022-04-10	Baden-Württemberg	2398	2246.97764657253	1.68775632276351	nein
2022-04-17	Baden-Württemberg	2346	2225.03143067513	1.36144071996767	nein
2022-04-24	Baden-Württemberg	2281	2203.18393611935	0.882891758393632	nein
2022-05-01	Baden-Württemberg	2304	2181.76595267406	1.38909459540349	nein
2022-05-08	Baden-Württemberg	2167	2161.09222673735	0.0680513917974956	nein
2022-05-15	Baden-Württemberg	2324	2141.45780886231	2.08445537566958	nein
2022-05-22	Baden-Württemberg	2172	2123.13517102915	0.566042872473181	nein
2022-05-29	Baden-Württemberg	1993	2106.37203872818	-1.3357474447593	nein
2022-06-05	Baden-Württemberg	2172	2091.38985676918	0.938527759427864	nein
2022-06-12	Baden-Württemberg	2079	2078.38278999049	0.00725415710692285	nein
2022-06-19	Baden-Württemberg	2201	2067.51715051099	1.55660993867684	nein
2022-06-26	Baden-Württemberg	2340	2058.93114121783	3.24800962319173	nein
2022-07-03	Baden-Württemberg	2073	2052.73480989988	0.239291772784546	nein
2022-07-10	Baden-Württemberg	2085	2049.010118761	0.424816477906697	nein
2022-07-17	Baden-Württemberg	2305	2047.81104887921	2.98509520614906	nein
2022-07-24	Baden-Württemberg	2560	2049.16367745747	5.82018502968486	nein
2022-07-31	Baden-Württemberg	2590	2053.06618645663	6.10108595079347	nein
2022-08-07	Baden-Württemberg	2397	2059.4887835156	3.88356990381097	nein
2022-08-14	Baden-Württemberg	2285	2068.37353912187	2.50967297629404	nein
2022-08-21	Baden-Württemberg	2285	2079.63416700257	2.37490720111295	nein
2022-08-28	Baden-Württemberg	2231	2093.15579685647	1.59710646556766	nein
2022-09-04	Baden-Württemberg	2164	2108.79480897805	0.641315737850066	nein
2022-09-11	Baden-Württemberg	2240	2126.37881808783	1.30860963050403	nein
2022-09-18	Baden-Württemberg	2025	2145.70690773063	-1.40944114815468	nein
2022-09-25	Baden-Württemberg	2162	2166.55022581219	-0.0523861466754833	nein
2022-10-02	Baden-Württemberg	2386	2188.65305506151	2.22691132087071	nein
2022-10-09	Baden-Württemberg	2468	2211.73446834682	2.86495244090165	nein
2022-10-16	Baden-Württemberg	2522	2235.49066693428	3.17971648575036	nein
2022-10-23	Baden-Württemberg	2611	2259.59807939268	3.86263778771878	nein
2022-10-30	Baden-Württemberg	2515	2283.71726983376	2.54957286804187	nein
2022-11-06	Baden-Württemberg	2257	2307.4976670886	-0.564896926663495	nein
2022-11-13	Baden-Württemberg	2385	2330.58308255053	0.601097895263231	nein
2022-11-20	Baden-Württemberg	2419	2352.61793584928	0.729153028974209	nein
2022-11-27	Baden-Württemberg	2396	2373.25405710088	0.249488824703449	nein
2022-12-04	Baden-Württemberg	2550	2392.15788566363	1.70851132173609	nein
2022-12-11	Baden-Württemberg	2719	2409.01784197117	3.31063030712809	nein
2022-12-18	Baden-Württemberg	3062	2423.5516150124	6.66464613325607	nein
2022-12-25	Baden-Württemberg	3414	2435.51308696014	9.99941843552526	nein
2023-01-01	Baden-Württemberg	3182	2444.69861114971	7.62112649913321	nein
2023-01-08	Baden-Württemberg	2833	2450.95237179519	4.02700301786878	nein
2023-01-15	Baden-Württemberg	2690	2454.17058382477	2.50679528355355	nein
2023-01-22	Baden-Württemberg	2485	2454.30433778734	0.330665771871132	nein
2023-01-29	Baden-Württemberg	2410	2451.36095517435	-0.448001745117034	nein
2023-02-05	Baden-Württemberg	2455	2445.40378963516	0.10370485016352	nein
2023-02-12	Baden-Württemberg	2472	2436.550484403	0.383120385445557	nein
2023-02-19	Baden-Württemberg	2481	2424.9697702904	0.606150215606068	nein
2023-02-26	Baden-Württemberg	2495	2410.87695643366	0.911001067345139	nein
2023-03-05	Baden-Württemberg	2596	2394.52832276669	2.17219552734202	nein
2023-03-12	Baden-Württemberg	2564	2376.21466526048	2.03418466561074	nein
2023-03-19	Baden-Württemberg	2582	2356.25426995531	2.44944769415274	nein
2023-03-26	Baden-Württemberg	2501	2334.9855989633	1.81670692319916	nein
2023-04-02	Baden-Württemberg	2380	2312.759961677	0.744416729084108	nein
2023-04-09	Baden-Württemberg	2324	2289.93441945629	0.379932207878298	nein
2023-04-16	Baden-Württemberg	2309	2266.86513516207	0.472065151792442	nein
2023-04-23	Baden-Württemberg	2259	2243.90133376227	0.170371298048677	nein
2023-04-30	Baden-Württemberg	2342	2221.37999076535	1.3574774075854	nein
2023-05-07	Baden-Württemberg	2176	2199.62131519319	-0.270036954785159	nein
2023-05-14	Baden-Württemberg	2107	2178.92504647896	-0.829316748565393	nein
2023-05-21	Baden-Württemberg	2153	2159.56754269233	-0.0756851946225596	nein
2023-05-28	Baden-Württemberg	2168	2141.79960270623	0.302435902399976	nein
2023-06-04	Baden-Württemberg	2115	2125.84493840275	-0.126023214807728	nein
2023-06-11	Baden-Württemberg	2101	2111.89919513249	-0.127078433973309	nein
2023-06-18	Baden-Württemberg	2035	2100.1294542909	-0.764861217152921	nein
2023-06-25	Baden-Württemberg	2176	2090.67414851811	0.992430125901739	nein
2023-07-02	Baden-Württemberg	1951	2083.64292241527	-1.57281647549203	nein
2023-07-09	Baden-Württemberg	1909	2079.11670650193	-2.02587908588026	nein
2023-07-16	Baden-Württemberg	2155	2077.14787398315	0.90901466436751	nein
2023-07-23	Baden-Württemberg	1956	2077.76037139992	-1.44465022940183	nein
2023-07-30	Baden-Württemberg	1953	2080.94978112195	-1.51771032215193	nein
2023-08-06	Baden-Württemberg	2011	2086.68329637992	-0.892617040465889	nein
2023-08-13	Baden-Württemberg	2011	2094.89961295203	-0.988227473437589	nein
2023-08-20	Baden-Württemberg	2156	2105.50876490874	0.58688785079829	nein
2023-08-27	Baden-Württemberg	2265	2118.39195415939	1.68656844937066	nein
2023-09-03	Baden-Württemberg	1896	2133.40144406439	-2.80595678317003	nein
2023-09-10	Baden-Württemberg	2060	2150.36060512203	-1.05085033072336	nein
2023-09-17	Baden-Württemberg	2081	2169.06421466012	-1.01944809148014	nein
2023-09-24	Baden-Württemberg	2003	2189.2791214376	-2.16310100426144	nein
2023-10-01	Baden-Württemberg	2066	2210.74538894641	-1.66678555683985	nein
2023-10-08	Baden-Württemberg	2151	2233.17802692685	-0.936832286551991	nein
2023-10-15	Baden-Württemberg	2205	2256.26940829032	-0.580048635049941	nein
2023-10-22	Baden-Württemberg	2372	2279.69244774282	1.02807425676959	nein
2023-10-29	Baden-Württemberg	2392	2303.10458887565	0.985254913457993	nein
2023-11-05	Baden-Württemberg	2389	2326.15260893225	0.694348350761566	nein
2023-11-12	Baden-Württemberg	2443	2348.47820621082	1.0369902734101	nein
2023-11-19	Baden-Württemberg	2424	2369.72428625283	0.594401872413754	nein
2023-11-26	Baden-Württemberg	2453	2389.54181247885	0.691597460098729	nein
2023-12-03	Baden-Württemberg	2563	2407.59703825792	1.67682348082599	nein
2023-12-10	Baden-Württemberg	2643	2423.57889439968	2.34989773140052	nein
2023-12-17	Baden-Württemberg	2648	2437.20627264243	2.25242393692113	nein
2023-12-24	Baden-Württemberg	2765	2448.2349254286	3.35455649455814	nein
2023-12-31	Baden-Württemberg	2611	2456.46369790282	1.6507274268933	nein
2024-01-07	Baden-Württemberg	2559	2461.73982129586	1.04166329286334	nein
2024-01-14	Baden-Württemberg	2519	2463.96302791552	0.590817613998776	nein
2024-01-21	Baden-Württemberg	2591	2463.08829554021	1.36676656202677	nein
2024-01-28	Baden-Württemberg	2679	2459.12709026691	2.33736154242357	nein
2024-02-04	Baden-Württemberg	2675	2452.14704765154	2.37192361516661	nein
2024-02-11	Baden-Württemberg	2655	2442.27010720623	2.27019485306123	nein
2024-02-18	Baden-Württemberg	2557	2429.66918945222	1.36996553561048	nein
2024-02-25	Baden-Württemberg	2341	2414.56357234209	-0.804970635339482	nein
2024-03-03	Baden-Württemberg	2347	2397.21318018412	-0.550602650493852	nein
2024-03-10	Baden-Württemberg	2193	2377.91203954792	-2.0561351757432	nein
2024-03-17	Baden-Württemberg	2250	2356.98118074638	-1.18825365622012	nein
2024-03-24	Baden-Württemberg	2169	2334.76126967544	-1.85835383227467	nein
2024-03-31	Baden-Württemberg	2151	2311.60524387415	-1.8092835279415	nein
2024-04-07	Baden-Württemberg	2305	2287.87120078599	0.191455567193091	nein
2024-04-14	Baden-Württemberg	2192	2263.91574849872	-0.81352448982529	nein
2024-04-21	Baden-Württemberg	2128	2240.08798345944	-1.27884613496057	nein
2024-04-28	Baden-Württemberg	2250	2216.72420974055	0.377524098020765	nein
2024-05-05	Baden-Württemberg	2220	2194.14346413225	0.295045475219615	nein
2024-05-12	Baden-Württemberg	2107	2172.64386393867	-0.758152093064055	nein
2024-05-19	Baden-Württemberg	2154	2152.49975246118	0.0173191990830013	nein
2024-05-26	Baden-Württemberg	2036	2133.9595825844	-1.14487536684609	nein
2024-06-02	Baden-Württemberg	2051	2117.24445267756	-0.775380528027886	nein
2024-06-09	Baden-Württemberg	2103	2102.54719151045	0.00529075823986385	nein
2024-06-16	Baden-Württemberg	2123	2090.0318797995	0.38539202612042	nein
2024-06-23	Baden-Württemberg	2089	2079.83369464574	0.107623533270736	nein
2024-06-30	Baden-Württemberg	2226	2072.05896852473	1.79053479227129	nein
2024-07-07	Baden-Württemberg	1958	2066.78536551813	-1.29388326822419	nein
2024-07-14	Baden-Württemberg	2076	2064.06209298586	0.140686987697666	nein
2024-07-21	Baden-Württemberg	2155	2063.91008576459	1.06683983879489	nein
2024-07-28	Baden-Württemberg	2008	2066.32212122572	-0.690922187093361	nein
2024-08-04	Baden-Württemberg	2142	2071.26284621498	0.828375680764245	nein
2024-08-11	Baden-Württemberg	1994	2078.66872018234	-1.00223168912875	nein
2024-08-18	Baden-Württemberg	2194	2088.44790189262	1.22774854545461	nein
2024-08-25	Baden-Württemberg	1983	2100.48012917441	-1.38702556748785	nein
2024-09-01	Baden-Württemberg	2143	2114.61666136119	0.33008261340995	nein
2024-09-08	Baden-Württemberg	2114	2130.68037146522	-0.193931238753708	nein
2024-09-15	Baden-Württemberg	2091	2148.46608867696	-0.667454968082152	nein
2024-09-22	Baden-Württemberg	2250	2167.74130040192	0.940957008133169	nein
2024-09-29	Baden-Württemberg	2275	2188.24732562162	0.98737865448503	nein
2024-10-06	Baden-Württemberg	2272	2209.7010668545	0.70687721413713	nein
2024-10-13	Baden-Württemberg	2400	2231.79743555138	1.88456045942246	nein
2024-10-20	Baden-Württemberg	2423	2254.21252487999	1.8816699875478	nein
2024-10-27	Baden-Württemberg	2339	2276.6075745176	0.697365884430609	nein
2024-11-03	Baden-Württemberg	2317	2298.63373489261	0.204927617639349	nein
2024-11-10	Baden-Württemberg	2277	2319.93759464188	-0.478950197667069	nein
2024-11-17	Baden-Württemberg	2409	2340.16738699989	0.758324208492302	nein
2024-11-24	Baden-Württemberg	2477	2358.97974126456	1.29055224135243	nein
2024-12-01	Baden-Württemberg	2418	2376.04679783679	0.459467215253775	nein
2024-12-08	Baden-Württemberg	2366	2391.06346340869	-0.274880437117245	nein
2024-12-15	Baden-Württemberg	2395	2403.75455050509	-0.0956406075472723	nein
2024-12-22	Baden-Württemberg	2352	2413.88152623232	-0.677053371552006	nein
2024-12-29	Baden-Württemberg	2354	2421.24859146524	-0.734859358140969	nein
2025-01-05	Baden-Württemberg	2609	2425.7078253931	1.96733567904565	nein
2025-01-12	Baden-Württemberg	2581	2427.16316153376	1.65379643861748	nein
2025-01-19	Baden-Württemberg	2505	2425.57300867267	0.858344494607602	nein
2025-01-26	Baden-Württemberg	2651	2420.95139084975	2.46383335219797	nein
2025-02-02	Baden-Württemberg	2641	2413.36755038549	2.44207244954642	nein
2025-02-09	Baden-Württemberg	2526	2402.94403197917	1.33212556599202	nein
2025-02-16	Baden-Württemberg	2591	2389.85333868002	2.17213640377959	nein
2025-02-23	Baden-Württemberg	2572	2374.31331670405	2.14219074594893	nein
2025-03-02	Baden-Württemberg	2545	2356.58148097376	2.05065473828488	nein
2025-03-09	Baden-Württemberg	2537	2336.94853332426	2.1846454520789	nein
2025-03-16	Baden-Württemberg	2458	2315.73134837305	1.56687452350062	nein
2025-03-23	Baden-Württemberg	2478	2293.26570746149	2.03853844798144	nein
2025-03-30	Baden-Württemberg	2378	2269.89904969966	1.20545588509136	nein
2025-04-06	Baden-Württemberg	2327	2245.98348313591	0.91002822321214	nein
2025-04-13	Baden-Württemberg	2299	2221.86926154694	0.871355450233308	nein
2025-04-20	Baden-Württemberg	2191	2197.89888700563	-0.078859892967055	nein
2025-04-27	Baden-Württemberg	2087	2174.40194911102	-1.01087878090746	nein
2025-05-04	Baden-Württemberg	2163	2151.69076225043	0.130495911694037	nein
2025-05-11	Baden-Württemberg	2018	2130.05681571941	-1.31247768157717	nein
2025-05-18	Baden-Württemberg	2106	2109.76801048971	-0.0439663136613884	nein
2025-05-25	Baden-Württemberg	1998	2091.06662265286	-1.0987643109902	nein
2025-06-01	Baden-Württemberg	2157	2074.16790807336	0.968201382219145	nein
2025-06-08	Baden-Württemberg	2011	2059.25924585415	-0.572121471160172	nein
2025-06-15	Baden-Württemberg	2098	2046.49970956878	0.607518246620997	nein
2025-06-22	Baden-Württemberg	1951	2036.01995414362	-1.01686353267457	nein
2025-06-29	Baden-Württemberg	2104	2027.92231180293	0.899732974710023	nein
2025-07-06	Baden-Württemberg	2257	2022.28100150621	2.74543864736504	nein
2025-07-13	Baden-Württemberg	2072	2019.1423716739	0.627607283859285	nein
2025-07-20	Baden-Württemberg	2103	2018.52511462589	1.00057324515995	nein
2025-07-27	Baden-Württemberg	2002	2020.42041204836	-0.219907331836038	nein
2025-08-03	Baden-Württemberg	1942	2024.79199305601	-0.9925956894195	nein
2025-08-10	Baden-Württemberg	1974	2031.57610920416	-0.687595983719669	nein
2025-08-17	Baden-Württemberg	2204	2040.68145334487	1.91165450187496	nein
2025-08-24	Baden-Württemberg	1970	2051.98907072593	-0.975999634384816	nein
2025-08-31	Baden-Württemberg	1953	2065.3523303697	-1.33627161650664	nein
2025-09-07	Baden-Württemberg	1839	2080.59704162975	-2.89408090108874	nein
2025-09-14	Baden-Württemberg	1882	2097.52181391533	-2.56467140986352	nein
2025-09-21	Baden-Württemberg	2148	2115.8987658334	0.372624480244027	nein
2025-09-28	Baden-Württemberg	2020	2135.47469235377	-1.34970778413361	nein
2025-10-05	Baden-Württemberg	2072	2155.97279405006	-0.974081394574153	nein
2025-10-12	Baden-Württemberg	2159	2177.09506019938	-0.207753301255472	nein
2025-10-19	Baden-Württemberg	2237	2198.52537705448	0.437594261088801	nein
2025-10-26	Baden-Württemberg	2311	2219.93340393333	1.02654499207186	nein
2025-11-02	Baden-Württemberg	2287	2240.97922351212	0.517921206269475	nein
2025-11-09	Baden-Württemberg	2259	2261.31873018307	-0.0260635685602909	nein
2025-11-16	Baden-Württemberg	2285	2280.60967362199	0.0491028742432689	nein
2025-11-23	Baden-Württemberg	2227	2298.51822658539	-0.800995510168055	nein
2025-11-30	Baden-Württemberg	2355	2314.72589977834	0.445728389683091	nein
2025-12-07	Baden-Württemberg	2367	2328.93658609424	0.41994131854973	nein
2025-12-14	Baden-Württemberg	2371	2340.8834853382	0.331527143752477	nein
2025-12-21	Baden-Württemberg	2421	2350.33564206118	0.773956172132421	nein
2025-12-28	Baden-Württemberg	2458	2357.10382596499	1.1009793337805	nein
2026-01-04	Baden-Württemberg	2726	2361.04549800055	3.90969072127584	nein
2026-01-11	Baden-Württemberg	2953	2362.06863593002	6.24062699703783	nein
2026-01-18	Baden-Württemberg	2853	2360.13423942291	5.23741267746942	nein
2026-01-25	Baden-Württemberg	2667	2355.25739392658	3.35372593356507	nein
2026-02-01	Baden-Württemberg	2557	2347.50684057061	2.27237272328184	nein
2026-02-08	Baden-Württemberg	2578	2337.00307133506	2.61419476137233	nein
2026-02-15	Baden-Württemberg	2462	2323.91503934095	1.5124332123886	nein
2026-02-22	Baden-Württemberg	2403	2308.45563824139	1.04210121889301	nein
2026-03-01	Baden-Württemberg	2344	2290.8761577827	0.589515431970948	nein
2026-03-08	Baden-Württemberg	2177	2271.45996121631	-1.06425317136551	nein
2026-03-15	Baden-Württemberg	2132	2250.51565229199	-1.34413506736794	nein
2026-03-22	Baden-Württemberg	2216	2228.37000446217	-0.139872838094565	nein
2026-03-29	Baden-Württemberg	2153	2205.36091353667	-0.597022476399414	nein
2026-04-05	Baden-Württemberg	2164	2181.83060945973	-0.203880092318052	nein
2026-04-12	Baden-Württemberg	2245	2158.11932618374	0.99100069657926	nein
2026-04-19	Baden-Württemberg	2230	2134.55958439406	1.09392232391923	nein
2026-04-26	Baden-Württemberg	2067	2111.47119386815	-0.518137303493991	nein
2026-05-03	Baden-Württemberg	2142	2089.15703411439	0.614233407732878	nein
2026-05-10	Baden-Württemberg	2082	2067.89962674564	0.165248384971663	nein
2026-05-17	Baden-Württemberg	2061	2047.95847325205	0.153596811341234	nein
2026-05-24	Baden-Württemberg	2057	2029.5680991511	0.324158562632848	nein
2026-05-31	Baden-Württemberg	2068	2012.93672086093	0.651865112321018	nein
2026-06-07	Baden-Württemberg	1948	1998.24543533965	-0.602235157893051	nein
2026-06-14	Baden-Württemberg	1950	1985.64782427464	-0.42807858541829	nein
2026-06-21	Baden-Württemberg	2120	1975.26986369692	1.71663482743664	nein
2026-06-28	Baden-Württemberg	2920	1967.21003538033	10.6899531329328	nein
2026-07-05	Baden-Württemberg	2825	1961.53954717694	9.75461759482393	nein
2026-07-12	Baden-Württemberg	2384	1958.30258443176	4.95995086254319	nein
2026-07-19	Baden-Württemberg	2129	1957.51653275272	2.03746471400802	nein
2026-07-26	Baden-Württemberg	1968	1959.17213271637	0.106238083600328	nein
2026-08-02	Baden-Württemberg	2200	1963.23354869138	2.79353600688444	nein
2026-08-09	Baden-Württemberg	2249	1969.63835606232	3.27931699249465	nein
2026-08-16	Baden-Württemberg	2137	1978.29747297722	1.87613396032003	ja
2026-08-23	Baden-Württemberg	1960	1989.09508356544	-0.348257289591441	ja
2026-08-30	Baden-Württemberg	1976	2001.88861857235	-0.308698860396159	ja
2026-09-06	Baden-Württemberg	1809	2016.508875658	-2.50342466555774	ja
2026-09-13	Baden-Württemberg	1918	2032.76037424956	-1.36715257306689	ja
2026-09-20	Baden-Württemberg	1995	2050.42204779739	-0.653825144287754	ja
2026-09-27	Baden-Württemberg	1945	2069.2483785266	-1.46680327742183	ja
2016-10-09	Bayern	2267	2400.11099502431	-1.46115942690435	nein
2016-10-16	Bayern	2522	2428.19584223172	1.00781892599643	nein
2016-10-23	Bayern	2543	2457.33142711253	0.91561423371071	nein
2016-10-30	Bayern	2476	2487.1165054272	-0.118880645100229	nein
2016-11-06	Bayern	2647	2517.12546775196	1.3681085773921	nein
2016-11-13	Bayern	2562	2546.9138281262	0.159186723107105	nein
2016-11-20	Bayern	2688	2576.02489560145	1.16776677769237	nein
2016-11-27	Bayern	2651	2603.99755999241	0.489613638890113	nein
2016-12-04	Bayern	2603	2630.37504805575	-0.285099676931958	nein
2016-12-11	Bayern	2682	2654.71443018458	0.281916458345238	nein
2016-12-18	Bayern	2797	2676.5965862914	1.23203782282233	nein
2016-12-25	Bayern	2881	2695.63627910408	1.88304984132045	nein
2017-01-01	Bayern	3060	2711.49193971367	3.49769464448902	nein
2017-01-08	Bayern	3291	2723.8747491587	5.61250836155573	nein
2017-01-15	Bayern	3395	2732.5566048688	6.5140596009534	nein
2017-01-22	Bayern	3272	2737.37659359604	5.28901803714934	nein
2017-01-29	Bayern	3389	2738.2456522503	6.39846936109345	nein
2017-02-05	Bayern	3398	2735.14918147312	6.51765759550511	nein
2017-02-12	Bayern	3145	2728.14747812269	4.15876311226117	nein
2017-02-19	Bayern	3143	2717.37396454418	4.25291721625425	nein
2017-02-26	Bayern	3038	2703.0313059199	3.3731430345115	nein
2017-03-05	Bayern	2872	2685.3856133057	1.90176114391266	nein
2017-03-12	Bayern	2778	2664.75902108833	1.16370411689688	nein
2017-03-19	Bayern	2671	2641.52099704499	0.305883263042716	nein
2017-03-26	Bayern	2570	2616.07878665054	-0.482848688630222	nein
2017-04-02	Bayern	2497	2588.86740897863	-0.970821352290576	nein
2017-04-09	Bayern	2537	2560.33961024001	-0.246953876429521	nein
2017-04-16	Bayern	2477	2530.9561457075	-0.575493789721297	nein
2017-04-23	Bayern	2332	2501.17670625618	-1.83000526122067	nein
2017-04-30	Bayern	2443	2471.45173785501	-0.306696807404074	nein
2017-05-07	Bayern	2354	2442.21532734526	-0.960761106447449	nein
2017-05-14	Bayern	2435	2413.87925175195	0.229671305226304	nein
2017-05-21	Bayern	2417	2386.82821646404	0.32978940214663	nein
2017-05-28	Bayern	2278	2361.41624403964	-0.924230216860543	nein
2017-06-04	Bayern	2505	2337.96412301542	1.82784803708714	nein
2017-06-11	Bayern	2294	2316.75778650326	-0.253547680058921	nein
2017-06-18	Bayern	2368	2298.04746395906	0.777433022735411	nein
2017-06-25	Bayern	2413	2282.047435778	1.45432034920049	nein
2017-07-02	Bayern	2446	2268.93621810074	1.96588956811686	nein
2017-07-09	Bayern	2291	2258.85701278372	0.361417470705066	nein
2017-07-16	Bayern	2154	2251.91827310368	-1.11360441483181	nein
2017-07-23	Bayern	2377	2248.19425766016	1.44195424980958	nein
2017-07-30	Bayern	2259	2247.72547148872	0.127324045280581	nein
2017-08-06	Bayern	2404	2250.51892319475	1.71469699437846	nein
2017-08-13	Bayern	2262	2256.54815878178	0.0614870354554964	nein
2017-08-20	Bayern	2299	2265.75306578071	0.373480628418126	nein
2017-08-27	Bayern	2293	2278.03947439984	0.167845818105033	nein
2017-09-03	Bayern	2232	2293.27861484117	-0.689109924487647	nein
2017-09-10	Bayern	2201	2311.30652071837	-1.24015575091442	nein
2017-09-17	Bayern	2342	2331.92349655735	0.11180439287726	nein
2017-09-24	Bayern	2336	2354.89379133828	-0.209055285889074	nein
2017-10-01	Bayern	2402	2379.9456383958	0.242053343429808	nein
2017-10-08	Bayern	2386	2406.77183299872	-0.227390573723765	nein
2017-10-15	Bayern	2615	2435.03102076552	1.93258126801169	nein
2017-10-22	Bayern	2476	2464.34986101537	0.125763814691649	nein
2017-10-29	Bayern	2496	2494.32620779318	0.0179722750243749	nein
2017-11-05	Bayern	2371	2524.53341680816	-1.65595001927277	nein
2017-11-12	Bayern	2547	2554.5258389008	-0.0799004827405135	nein
2017-11-19	Bayern	2538	2583.84550100707	-0.48516906956598	nein
2017-11-26	Bayern	2527	2612.02990628436	-0.897228661772221	nein
2017-12-03	Bayern	2510	2638.62080977583	-1.35409319390885	nein
2017-12-10	Bayern	2528	2663.17374959659	-1.41698887456426	nein
2017-12-17	Bayern	2679	2685.26804192643	-0.064898535419971	nein
2017-12-24	Bayern	2569	2704.5168873502	-1.40951079318278	nein
2017-12-31	Bayern	2642	2720.57719241698	-0.811901484515987	nein
2018-01-07	Bayern	2734	2733.15868898614	0.00863033517202175	nein
2018-01-14	Bayern	2715	2742.03193877414	-0.277323456100884	nein
2018-01-21	Bayern	2784	2747.03484320855	0.377422216919012	nein
2018-01-28	Bayern	2772	2748.07733846317	0.244406794874164	nein
2018-02-04	Bayern	2848	2745.14403904586	1.04647969483511	nein
2018-02-11	Bayern	2924	2738.29469482693	1.88264537887242	nein
2018-02-18	Bayern	3019	2727.66243836317	2.94137175238676	nein
2018-02-25	Bayern	3157	2713.44991312579	4.45157841731885	nein
2018-03-04	Bayern	3443	2695.92347992813	7.40036925319389	nein
2018-03-11	Bayern	3500	2675.40579036478	8.16490463642848	nein
2018-03-18	Bayern	3230	2652.26708589048	5.819317219901	nein
2018-03-25	Bayern	3100	2626.9156249552	4.81497860341761	nein
2018-04-01	Bayern	2929	2599.78765656905	3.39552960222485	nein
2018-04-08	Bayern	2794	2571.33734754019	2.32377610617041	nein
2018-04-15	Bayern	2680	2542.02703541783	1.45576200300643	nein
2018-04-22	Bayern	2499	2512.31812464431	-0.142745774697731	nein
2018-04-29	Bayern	2491	2482.66287544118	0.0897675673318356	nein
2018-05-06	Bayern	2451	2453.4972597986	-0.0270694808382269	nein
2018-05-13	Bayern	2371	2425.23498264598	-0.593469933127037	nein
2018-05-20	Bayern	2333	2398.26269413858	-0.7187823602401	nein
2018-05-27	Bayern	2450	2372.93635517187	0.844889073814757	nein
2018-06-03	Bayern	2339	2349.57866562101	-0.117274210511985	nein
2018-06-10	Bayern	2479	2328.4774249892	1.65750058750598	nein
2018-06-17	Bayern	2249	2309.88466856254	-0.683313557303524	nein
2018-06-24	Bayern	2266	2294.01640828884	-0.31477505909132	nein
2018-07-01	Bayern	2379	2281.05280521783	1.09364587124851	nein
2018-07-08	Bayern	2414	2271.1386078421	1.59355242654509	nein
2018-07-15	Bayern	2310	2264.38370626984	0.513138244185895	nein
2018-07-22	Bayern	2350	2260.8636740691	1.00034332066543	nein
2018-07-29	Bayern	2329	2260.62019622593	0.768598641422555	nein
2018-08-05	Bayern	2700	2263.66131154653	4.77971417697881	nein
2018-08-12	Bayern	2559	2269.96142982241	3.19287879269187	nein
2018-08-19	Bayern	2407	2279.46111716844	1.42170461241681	nein
2018-08-26	Bayern	2359	2292.06667624576	0.747282673961883	nein
2018-09-02	Bayern	2189	2307.64958072426	-1.3381757866046	nein
2018-09-09	Bayern	2323	2326.04585436868	-0.0339251533171417	nein
2018-09-16	Bayern	2274	2347.05551343514	-0.814106408655736	nein
2018-09-23	Bayern	2359	2370.44221530511	-0.126309733817391	nein
2018-09-30	Bayern	2273	2395.93327489918	-1.36045620031998	nein
2018-10-07	Bayern	2399	2423.22022165035	-0.264635528581333	nein
2018-10-14	Bayern	2365	2451.96007184215	-0.948577893852966	nein
2018-10-21	Bayern	2351	2481.77748218456	-1.42205025510104	nein
2018-10-28	Bayern	2457	2512.26792917506	-0.594130602641026	nein
2018-11-04	Bayern	2457	2543.00202421821	-0.920681751441634	nein
2018-11-11	Bayern	2508	2573.53102664885	-0.696298634076154	nein
2018-11-18	Bayern	2417	2603.39355681593	-1.98468385270298	nein
2018-11-25	Bayern	2596	2632.12344159796	-0.378702306258927	nein
2018-12-02	Bayern	2541	2659.25854882486	-1.23977515512531	nein
2018-12-09	Bayern	2578	2684.35038997855	-1.10867511925612	nein
2018-12-16	Bayern	2669	2706.97419807627	-0.392464937211052	nein
2018-12-23	Bayern	2756	2726.73912611923	0.300045500725904	nein
2018-12-30	Bayern	2541	2743.2981670947	-2.09798422734612	nein
2019-01-06	Bayern	2681	2756.35737460867	-0.773371701852784	nein
2019-01-13	Bayern	2782	2765.68396764164	0.166224396466899	nein
2019-01-20	Bayern	2819	2771.11293540945	0.486449427426172	nein
2019-01-27	Bayern	2822	2772.55181813542	0.502118202489451	nein
2019-02-03	Bayern	2863	2769.98342336456	0.942525901387179	nein
2019-02-10	Bayern	2827	2763.46633955053	0.645655720657386	nein
2019-02-17	Bayern	2910	2753.13322141358	1.58839284600171	nein
2019-02-24	Bayern	2964	2739.18693627936	2.27318413178457	nein
2019-03-03	Bayern	3031	2721.89476833686	3.12020533260366	nein
2019-03-10	Bayern	2938	2701.58097031101	2.40529364001413	nein
2019-03-17	Bayern	2864	2678.61802282348	1.89971285155828	nein
2019-03-24	Bayern	2783	2653.41700631446	1.33864487189704	nein
2019-03-31	Bayern	2593	2626.41750696166	-0.350544647486753	nein
2019-04-07	Bayern	2657	2598.07746727189	0.617853980651841	nein
2019-04-14	Bayern	2595	2568.86335693165	0.276208820423991	nein
2019-04-21	Bayern	2479	2539.24098486278	-0.64401658209492	nein
2019-04-28	Bayern	2527	2509.66720513228	0.185446467099933	nein
2019-05-05	Bayern	2393	2480.58269373212	-0.949330197060855	nein
2019-05-12	Bayern	2431	2452.40589636508	-0.232319869930255	nein
2019-05-19	Bayern	2409	2425.52817458442	-0.180325628253126	nein
2019-05-26	Bayern	2555	2400.31011316127	1.67699985183397	nein
2019-06-02	Bayern	2400	2377.07889832256	0.251943518091719	nein
2019-06-09	Bayern	2497	2356.12663614282	1.54274740161104	nein
2019-06-16	Bayern	2255	2337.70945333355	-0.923785109875963	nein
2019-06-23	Bayern	2386	2322.04720844658	0.709214971555269	nein
2019-06-30	Bayern	2449	2309.32363889336	1.54500866983163	nein
2019-07-07	Bayern	2389	2299.6867765603	0.993457237092861	nein
2019-07-14	Bayern	2272	2293.24948037349	-0.238581643076495	nein
2019-07-21	Bayern	2423	2290.08995615463	1.47691383476766	nein
2019-07-28	Bayern	2748	2290.25216088063	4.97731797264752	nein
2019-08-04	Bayern	2439	2293.74601859569	1.61137609503381	nein
2019-08-11	Bayern	2292	2300.5474075344	-0.0957191466684588	nein
2019-08-18	Bayern	2211	2310.59791148989	-1.12034444743051	nein
2019-08-25	Bayern	2359	2323.80436220527	0.390905375773768	nein
2019-09-01	Bayern	2468	2340.03823269699	1.40713136100982	nein
2019-09-08	Bayern	2226	2359.13497297176	-1.48527084011589	nein
2019-09-15	Bayern	2274	2380.89340844055	-1.18459784387366	nein
2019-09-22	Bayern	2342	2405.07534610985	-0.693204207422048	nein
2019-09-29	Bayern	2589	2431.40555274573	1.69681831015199	nein
2019-10-06	Bayern	2485	2459.57228087538	0.274597245323162	nein
2019-10-13	Bayern	2472	2489.22852083668	-0.185453121322655	nein
2019-10-20	Bayern	2533	2519.99414831864	0.138845493792436	nein
2019-10-27	Bayern	2500	2551.4591154755	-0.548215433420854	nein
2019-11-03	Bayern	2518	2583.18779884943	-0.690700656717066	nein
2019-11-10	Bayern	2562	2614.72456896762	-0.554719034454102	nein
2019-11-17	Bayern	2645	2645.60058567065	-0.00626003511519375	nein
2019-11-24	Bayern	2622	2675.34175235329	-0.554657441008647	nein
2019-12-01	Bayern	2669	2703.47768508073	-0.356160620786362	nein
2019-12-08	Bayern	2778	2729.55147395034	0.4955093671234	nein
2019-12-15	Bayern	2771	2753.12994003499	0.182302976771581	nein
2019-12-22	Bayern	2793	2773.81402819396	0.194965354633151	nein
2019-12-29	Bayern	2650	2791.24893027814	-1.44476679574161	nein
2020-01-05	Bayern	2685	2805.13351027172	-1.22403100672455	nein
2020-01-12	Bayern	2764	2815.22860666098	-0.518825826857212	nein
2020-01-19	Bayern	2695	2821.36381963689	-1.28416612285754	nein
2020-01-26	Bayern	2821	2823.44245093175	-0.0246281896814305	nein
2020-02-02	Bayern	3041	2821.44434882895	2.18661067135949	nein
2020-02-09	Bayern	2803	2815.42651439287	-0.125562073628034	nein
2020-02-16	Bayern	2883	2805.52138764983	0.780158633088635	nein
2020-02-23	Bayern	2780	2791.93285123949	-0.121093774420532	nein
2020-03-01	Bayern	2821	2774.930565137	0.467360283368863	nein
2020-03-08	Bayern	2768	2754.84250455607	0.134240577099796	nein
2020-03-15	Bayern	2787	2732.04611788366	0.561644730167581	nein
2020-03-22	Bayern	2967	2706.95856735888	2.6380463212709	nein
2020-03-29	Bayern	2908	2680.02648069663	2.32861086889135	nein
2020-04-05	Bayern	3270	2651.71563169655	6.21049433966248	nein
2020-04-12	Bayern	3284	2622.50093287927	6.66421767975521	nein
2020-04-19	Bayern	3078	2592.85706816614	4.96238668053862	nein
2020-04-26	Bayern	2793	2563.25002453714	2.39908242816547	nein
2020-05-03	Bayern	2701	2534.12970487982	1.7592587011941	nein
2020-05-10	Bayern	2531	2505.9237260832	0.268303140965147	nein
2020-05-17	Bayern	2436	2479.03243228175	-0.465083304887118	nein
2020-05-24	Bayern	2450	2453.82508733994	-0.0414460936899879	nein
2020-05-31	Bayern	2431	2430.63715620299	0.00394944285692227	nein
2020-06-07	Bayern	2508	2409.76854331293	1.06677746598811	nein
2020-06-14	Bayern	2396	2391.48262839527	0.0495635796364706	nein
2020-06-21	Bayern	2289	2376.00592507143	-0.964012511538182	nein
2020-06-28	Bayern	2364	2363.52818475225	0.00520917308658091	nein
2020-07-05	Bayern	2313	2354.20277548847	-0.457180445424735	nein
2020-07-12	Bayern	2321	2348.14718108079	-0.301316847854369	nein
2020-07-19	Bayern	2390	2345.44348798315	0.492337675164918	nein
2020-07-26	Bayern	2392	2346.13875471108	0.506640019200836	nein
2020-08-02	Bayern	2596	2350.24518915382	2.67599148507133	nein
2020-08-09	Bayern	2412	2357.74009216987	0.597605288150718	nein
2020-08-16	Bayern	2592	2368.56556009219	2.42734084516611	nein
2020-08-23	Bayern	2433	2382.62797336354	0.552030992274343	nein
2020-08-30	Bayern	2361	2399.79733255799	-0.426284769890571	nein
2020-09-06	Bayern	2394	2419.90653552859	-0.283191206171786	nein
2020-09-13	Bayern	2478	2442.75071918523	0.381894610044665	nein
2020-09-20	Bayern	2474	2468.08681504955	0.0638581862623888	nein
2020-09-27	Bayern	2424	2495.63348760691	-0.773298506162482	nein
2020-10-04	Bayern	2648	2525.07163672806	1.30239913494253	nein
2020-10-11	Bayern	2598	2556.04564811942	0.444090483007114	nein
2020-10-18	Bayern	2541	2588.165567018	-0.498978617504259	nein
2020-10-25	Bayern	2632	2621.0103486316	0.115089315651154	nein
2020-11-01	Bayern	2685	2654.13230318722	0.32081552722693	nein
2020-11-08	Bayern	2733	2687.06280383267	0.474032633995818	nein
2020-11-15	Bayern	2878	2719.31926312177	1.61670712696874	nein
2020-11-22	Bayern	2871	2750.41331082583	1.22437398897866	nein
2020-11-29	Bayern	3088	2779.86002616768	3.0790739612703	nein
2020-12-06	Bayern	3424	2807.18799637995	6.03414887945518	nein
2020-12-13	Bayern	3618	2831.94989685686	7.59310493339827	nein
2020-12-20	Bayern	3621	2853.73322273362	7.39191897536594	nein
2020-12-27	Bayern	3817	2872.17075401283	8.99822849251108	nein
2021-01-03	Bayern	3736	2886.95031205185	8.10365168591492	nein
2021-01-10	Bayern	3646	2897.82336845608	7.16319810856763	nein
2021-01-17	Bayern	3616	2904.61210013235	6.81585015589108	nein
2021-01-24	Bayern	3448	2907.21454578808	5.22339580720357	nein
2021-01-31	Bayern	3206	2905.60760612523	2.93884819477252	nein
2021-02-07	Bayern	3074	2899.84773645861	1.71725720725114	nein
2021-02-14	Bayern	2918	2890.0692985645	0.278170130747174	nein
2021-02-21	Bayern	2927	2876.48065910811	0.503708554472939	nein
2021-02-28	Bayern	2587	2859.3582356231	-2.77719737951212	nein
2021-03-07	Bayern	2572	2839.03878907622	-2.73237518770301	nein
2021-03-14	Bayern	2692	2815.910337526	-1.2620631729749	nein
2021-03-21	Bayern	2680	2790.40211354894	-1.12886907028421	nein
2021-03-28	Bayern	2646	2762.97400689912	-1.20269592613615	nein
2021-04-04	Bayern	2748	2734.10592391706	0.142477296431891	nein
2021-04-11	Bayern	2623	2704.28745956265	-0.843208356607734	nein
2021-04-18	Bayern	2674	2674.00822155038	-8.53406814885786e-05	nein
2021-04-25	Bayern	2782	2643.74907505766	1.43109686592782	nein
2021-05-02	Bayern	2786	2613.97449747238	1.78712594000486	nein
2021-05-09	Bayern	2741	2585.12615205039	1.62991339846824	nein
2021-05-16	Bayern	2658	2557.61771279904	1.05895228821366	nein
2021-05-23	Bayern	2523	2531.83090487251	-0.0942996198167989	nein
2021-05-30	Bayern	2440	2508.11266838902	-0.733729948091128	nein
2021-06-06	Bayern	2506	2486.77331062698	0.206799235961157	nein
2021-06-13	Bayern	2389	2468.08548255417	-0.859616302795068	nein
2021-06-20	Bayern	2591	2452.28380010805	1.49069036011452	nein
2021-06-27	Bayern	2513	2439.56492735589	0.79463039042791	nein
2021-07-04	Bayern	2365	2430.08794595013	-0.71241371505029	nein
2021-07-11	Bayern	2469	2423.97485129098	0.489721662739814	nein
2021-07-18	Bayern	2395	2421.31103865693	-0.28774131866557	nein
2021-07-25	Bayern	2535	2422.14567055464	1.22237453318751	nein
2021-08-01	Bayern	2482	2426.4918481858	0.603016504161943	nein
2021-08-08	Bayern	2422	2434.3265439696	-0.13431404796411	nein
2021-08-15	Bayern	2556	2445.59028743247	1.19041254473604	nein
2021-08-22	Bayern	2491	2460.18663252264	0.332999282976071	nein
2021-08-29	Bayern	2344	2477.98146958838	-1.45904520009077	nein
2021-09-05	Bayern	2484	2498.80227883848	-0.159206278850538	nein
2021-09-12	Bayern	2737	2522.43745287234	2.26318356895562	nein
2021-09-19	Bayern	2562	2548.63584236755	0.142050353877412	nein
2021-09-26	Bayern	2601	2577.10669953917	0.252378845658192	nein
2021-10-03	Bayern	2635	2607.52020661841	0.288487554349937	nein
2021-10-10	Bayern	2676	2639.50877932671	0.38053210376669	nein
2021-10-17	Bayern	2813	2672.66932621876	1.4450406932883	nein
2021-10-24	Bayern	2925	2706.56662223975	2.22499898032695	nein
2021-10-31	Bayern	3004	2740.73791791334	2.65825202342153	nein
2021-11-07	Bayern	3114	2774.69885419121	3.39096312199098	nein
2021-11-14	Bayern	3348	2807.95068828419	5.30871331949742	nein
2021-11-21	Bayern	3481	2839.98876027275	6.23474100402956	nein
2021-11-28	Bayern	3721	2870.31204791558	8.14824346451484	nein
2021-12-05	Bayern	3748	2898.43357313319	8.1009479982027	nein
2021-12-12	Bayern	3585	2923.89134446289	6.33546782168052	nein
2021-12-19	Bayern	3372	2946.25945222745	4.11327046512808	nein
2021-12-26	Bayern	3283	2965.15888397653	3.07834236255678	nein
2022-01-02	Bayern	3085	2980.26760282311	1.02335528921966	nein
2022-01-09	Bayern	2866	2991.32943486465	-1.238139745926	nein
2022-01-16	Bayern	2762	2998.16134594217	-2.34536461619228	nein
2022-01-23	Bayern	2880	3000.65875185296	-1.18975233889666	nein
2022-01-30	Bayern	2940	2998.79859626898	-0.577928543905953	nein
2022-02-06	Bayern	3032	2992.64004088806	0.38515481899291	nein
2022-02-13	Bayern	3111	2982.32273455158	1.25519992600248	nein
2022-02-20	Bayern	3112	2968.06275275008	1.40625052329413	nein
2022-02-27	Bayern	3002	2950.14641639881	0.510722404791429	nein
2022-03-06	Bayern	3032	2928.92230006108	1.01602851065347	nein
2022-03-13	Bayern	3121	2904.79181767884	2.1266575469606	nein
2022-03-20	Bayern	3110	2878.19882346638	2.28844961806231	nein
2022-03-27	Bayern	3142	2849.61868482007	2.89111839563108	nein
2022-04-03	Bayern	3030	2819.54727356875	2.10135802348421	nein
2022-04-10	Bayern	3036	2788.49028480987	2.47970006697392	nein
2022-04-17	Bayern	2916	2756.95323406689	1.61049418886779	nein
2022-04-24	Bayern	2777	2725.43240993099	0.528516395075474	nein
2022-05-01	Bayern	2767	2694.40697756179	0.747324168260486	nein
2022-05-08	Bayern	2726	2664.33234504397	0.638843634305365	nein
2022-05-15	Bayern	2636	2635.63482545199	0.00381816202672947	nein
2022-05-22	Bayern	2648	2608.70755719232	0.411936342208839	nein
2022-05-29	Bayern	2437	2583.90758699998	-1.56651993979115	nein
2022-06-05	Bayern	2596	2561.55397568108	0.364547455546319	nein
2022-06-12	Bayern	2511	2541.9267568492	-0.329973130661767	nein
2022-06-19	Bayern	2741	2525.26656298991	2.273044007323	nein
2022-06-26	Bayern	2794	2511.77472993157	2.96914546342933	nein
2022-07-03	Bayern	2730	2501.61369846573	2.41550373081968	nein
2022-07-10	Bayern	2614	2494.90754850752	1.27001067445271	nein
2022-07-17	Bayern	2699	2491.74252488775	2.1991568036506	nein
2022-07-24	Bayern	3055	2492.16744284914	5.84488628374922	nein
2022-07-31	Bayern	3031	2496.19389403427	5.55856630740957	nein
2022-08-07	Bayern	2961	2503.796208897	4.76668006555831	nein
2022-08-14	Bayern	2761	2514.91116793318	2.59301390480276	nein
2022-08-21	Bayern	2809	2529.43749092158	2.93141022085366	nein
2022-08-28	Bayern	2628	2547.23516951348	0.854502656259402	nein
2022-09-04	Bayern	2531	2568.12474294497	-0.394172692938009	nein
2022-09-11	Bayern	2602	2591.88664811669	0.106553154894586	nein
2022-09-18	Bayern	2628	2618.26080229989	0.102091225282621	nein
2022-09-25	Bayern	2699	2646.94659753152	0.541228038427185	nein
2022-10-02	Bayern	2920	2677.60349839586	2.47739920325227	nein
2022-10-09	Bayern	2974	2709.8524373027	2.68050375395188	nein
2022-10-16	Bayern	3185	2743.27819160565	4.41178088346421	nein
2022-10-23	Bayern	3126	2777.43290335114	3.47826965593577	nein
2022-10-30	Bayern	2962	2811.84086414159	1.5059970745519	nein
2022-11-06	Bayern	2841	2846.00463451795	-0.0503390314550372	nein
2022-11-13	Bayern	2840	2879.41250062023	-0.394876905966954	nein
2022-11-20	Bayern	3003	2911.54719329147	0.904339366077125	nein
2022-11-27	Bayern	3075	2941.89571034414	1.30635402009721	nein
2022-12-04	Bayern	3121	2969.95999686502	1.47389997811626	nein
2022-12-11	Bayern	3333	2995.26815769499	3.24964415001407	nein
2022-12-18	Bayern	3605	3017.38580761684	5.56384094630689	nein
2022-12-25	Bayern	4002	3035.92711520658	8.96114536409447	nein
2023-01-01	Bayern	3613	3050.5650717276	5.30373976208174	nein
2023-01-08	Bayern	3608	3061.04052117021	5.153017552036	nein
2023-01-15	Bayern	3194	3067.16952352133	1.2192665511456	nein
2023-01-22	Bayern	3159	3068.84868978827	0.868079431867869	nein
2023-01-29	Bayern	2980	3066.05822049757	-0.83699909712682	nein
2023-02-05	Bayern	3074	3058.8624929809	0.146582817511738	nein
2023-02-12	Bayern	3006	3047.40816828231	-0.402973104852538	nein
2023-02-19	Bayern	3117	3031.91991626029	0.824385334425344	nein
2023-02-26	Bayern	3044	3012.69397746998	0.305198379227384	nein
2023-03-05	Bayern	3009	2990.08988357058	0.185177864704398	nein
2023-03-12	Bayern	3165	2964.52073693957	1.95218838113919	nein
2023-03-19	Bayern	3084	2936.44249997854	1.44778570885835	nein
2023-03-26	Bayern	2997	2906.34276318581	0.896896354657952	nein
2023-04-02	Bayern	2957	2874.72944922971	0.818769923300182	nein
2023-04-09	Bayern	2637	2842.11987131382	-2.0885239835785	nein
2023-04-16	Bayern	2889	2809.0305033953	0.805220290067764	nein
2023-04-23	Bayern	2791	2775.96774386472	0.152846294987861	nein
2023-04-30	Bayern	2674	2743.41987015708	-0.713732748313074	nein
2023-05-07	Bayern	2697	2711.85029622719	-0.153062344731297	nein
2023-05-14	Bayern	2562	2681.6921638339	-1.24891484430052	nein
2023-05-21	Bayern	2605	2653.34422684516	-0.504871199658806	nein
2023-05-28	Bayern	2630	2627.16792856439	0.0296281200884666	nein
2023-06-04	Bayern	2587	2603.48552720398	-0.173469060928697	nein
2023-06-11	Bayern	2576	2582.579094594	-0.0694665660339468	nein
2023-06-18	Bayern	2444	2564.6902557423	-1.28850428915529	nein
2023-06-25	Bayern	2586	2550.02053135993	0.38128077758589	nein
2023-07-02	Bayern	2424	2538.73163452081	-1.23080818329474	nein
2023-07-09	Bayern	2476	2530.94602639367	-0.588002324579577	nein
2023-07-16	Bayern	2506	2526.74752408048	-0.221713092296893	nein
2023-07-23	Bayern	2520	2526.18178771883	-0.0660050770389417	nein
2023-07-30	Bayern	2399	2529.25660669715	-1.40161175139255	nein
2023-08-06	Bayern	2422	2535.94194069904	-1.22307021232923	nein
2023-08-13	Bayern	2550	2546.16970837647	0.0407112693066878	nein
2023-08-20	Bayern	2650	2559.83335373514	0.95051727415903	nein
2023-08-27	Bayern	2703	2576.78725680574	1.32317651199913	nein
2023-09-03	Bayern	2372	2596.84608979118	-2.40254402532771	nein
2023-09-10	Bayern	2490	2619.78425136169	-1.37174418656601	nein
2023-09-17	Bayern	2540	2645.33553861826	-1.10607494381244	nein
2023-09-24	Bayern	2433	2673.19323670718	-2.53097153017203	nein
2023-10-01	Bayern	2527	2703.01081819389	-1.83631668616908	nein
2023-10-08	Bayern	2665	2734.40344605553	-0.714978629981215	nein
2023-10-15	Bayern	2815	2766.95046360269	0.488552158984079	nein
2023-10-22	Bayern	2826	2800.19903022568	0.261113003534829	nein
2023-10-29	Bayern	2888	2833.66902266772	0.545662651117991	nein
2023-11-05	Bayern	2841	2866.85926760936	-0.259402321531759	nein
2023-11-12	Bayern	2993	2899.2551039845	0.928691933862382	nein
2023-11-19	Bayern	3138	2930.33719534159	2.03353743940907	nein
2023-11-26	Bayern	2945	2959.59142788411	-0.143935945844076	nein
2023-12-03	Bayern	3151	2986.51964409202	1.59929021372488	nein
2023-12-10	Bayern	3205	3010.65088158117	1.87917651847103	nein
2023-12-17	Bayern	3144	3031.55271914414	1.08825059561676	nein
2023-12-24	Bayern	3211	3048.84228359513	1.56076370311644	nein
2023-12-31	Bayern	3086	3062.19644802456	0.230300962209539	nein
2024-01-07	Bayern	3104	3071.36075855057	0.315159996580615	nein
2024-01-14	Bayern	3025	3076.15666446458	-0.495824200865689	nein
2024-01-21	Bayern	3205	3076.48669485565	1.23356322355724	nein
2024-01-28	Bayern	3242	3072.33731951635	1.62614165692881	nein
2024-02-04	Bayern	3098	3063.77934668356	0.330820290986977	nein
2024-02-11	Bayern	3216	3050.96583638428	1.5877003638357	nein
2024-02-18	Bayern	3184	3034.12763606561	1.44699472082284	nein
2024-02-25	Bayern	2972	3013.56676483521	-0.406920966562669	nein
2024-03-03	Bayern	2900	2989.64797493716	-0.883597600219567	nein
2024-03-10	Bayern	2744	2962.78889675582	-2.18288076414634	nein
2024-03-17	Bayern	2697	2933.44922188429	-2.3738651143555	nein
2024-03-24	Bayern	2616	2902.11939567501	-2.89751283802297	nein
2024-03-31	Bayern	2694	2869.30927713314	-1.77381021373574	nein
2024-04-07	Bayern	2686	2835.53718348053	-1.51994552799834	nein
2024-04-14	Bayern	2530	2801.31967463121	-2.79647188869051	nein
2024-04-21	Bayern	2538	2767.16235581962	-2.3707468966061	nein
2024-04-28	Bayern	2682	2733.55189178832	-0.530722665663079	nein
2024-05-05	Bayern	2660	2700.94934006479	-0.423875357909551	nein
2024-05-12	Bayern	2650	2669.78482985957	-0.205736031671129	nein
2024-05-19	Bayern	2676	2640.45354165955	0.3704216317509	nein
2024-05-26	Bayern	2531	2613.31288387286	-0.868792977278146	nein
2024-06-02	Bayern	2492	2588.68071865056	-1.02637542272777	nein
2024-06-09	Bayern	2434	2566.8344596955	-1.41977693887991	nein
2024-06-16	Bayern	2508	2548.0108498413	-0.426613150866008	nein
2024-06-23	Bayern	2595	2532.40622404767	0.665007916260825	nein
2024-06-30	Bayern	2686	2520.17707236197	1.75441047605686	nein
2024-07-07	Bayern	2397	2511.4407352977	-1.23551055839642	nein
2024-07-14	Bayern	2610	2506.27608896526	1.10484617250119	nein
2024-07-21	Bayern	2635	2504.72410731623	1.38576964437774	nein
2024-07-28	Bayern	2559	2506.78822243319	0.557991540658108	nein
2024-08-04	Bayern	2530	2512.43443956985	0.18794603837523	nein
2024-08-11	Bayern	2560	2521.59120049118	0.409662794690922	nein
2024-08-18	Bayern	2599	2534.14902557366	0.688807822502117	nein
2024-08-25	Bayern	2419	2549.96000112539	-1.40473270331882	nein
2024-09-01	Bayern	2524	2568.83721241033	-0.476400390515055	nein
2024-09-08	Bayern	2634	2590.55425367868	0.457054591961333	nein
2024-09-15	Bayern	2459	2614.84497264763	-1.65307756089762	nein
2024-09-22	Bayern	2647	2641.40362663644	0.0584433812183845	nein
2024-09-29	Bayern	2661	2669.88563903252	-0.0923771804124149	nein
2024-10-06	Bayern	2813	2699.90914597555	1.16044641429334	nein
2024-10-13	Bayern	2942	2731.05751223061	2.13988873419774	nein
2024-10-20	Bayern	2940	2762.88297067631	1.78997562484788	nein
2024-10-27	Bayern	2797	2794.91150081187	0.0212015826653288	nein
2024-11-03	Bayern	2720	2826.64900828267	-1.08349547874367	nein
2024-11-10	Bayern	2830	2857.58880094944	-0.277418085861527	nein
2024-11-17	Bayern	2893	2887.22028017924	0.0577011809277811	nein
2024-11-24	Bayern	2898	2915.03868295515	-0.169497124364243	nein
2024-12-01	Bayern	2925	2940.55562653133	-0.154043505459199	nein
2024-12-08	Bayern	2962	2963.31012913167	-0.0129124463989762	nein
2024-12-15	Bayern	2907	2982.87971450437	-0.748486188947455	nein
2024-12-22	Bayern	3007	2998.89116170001	0.0793908184182715	nein
2024-12-29	Bayern	2957	3011.0304399768	-0.529724463477939	nein
2025-01-05	Bayern	3117	3019.05137628904	0.951004851207223	nein
2025-01-12	Bayern	3106	3022.78264108625	0.808095920907618	nein
2025-01-19	Bayern	3111	3022.13270610589	0.862770190063473	nein
2025-01-26	Bayern	3321	3017.09252161662	2.91958035411946	nein
2025-02-02	Bayern	3208	3007.73577370667	1.93727436082481	nein
2025-02-09	Bayern	3224	2994.21670625873	2.22429958450942	nein
2025-02-16	Bayern	3261	2976.76561759777	2.75141808003773	nein
2025-02-23	Bayern	3247	2955.68225869051	2.82878791424032	nein
2025-03-02	Bayern	3101	2931.3274593465	1.66514591239784	nein
2025-03-09	Bayern	3135	2904.11338404976	2.26881533603978	nein
2025-03-16	Bayern	3117	2874.49286522427	2.39357412291118	nein
2025-03-23	Bayern	3041	2842.9482771048	1.97031343990591	nein
2025-03-30	Bayern	2917	2809.9803989453	1.07642581031526	nein
2025-04-06	Bayern	2793	2776.09767553206	0.171953888819891	nein
2025-04-13	Bayern	2769	2741.80622125685	0.278220111344484	nein
2025-04-20	Bayern	2764	2707.60083790044	0.579649152050593	nein
2025-04-27	Bayern	2576	2673.957232736	-1.02295118779188	nein
2025-05-04	Bayern	2708	2641.32553923866	0.6933787462049	nein
2025-05-11	Bayern	2513	2610.12516336429	-1.02680003595902	nein
2025-05-18	Bayern	2590	2580.74090856618	0.0977709730436479	nein
2025-05-25	Bayern	2406	2553.5202755475	-1.5824946434642	nein
2025-06-01	Bayern	2699	2528.77178986052	1.79729294435384	nein
2025-06-08	Bayern	2586	2506.76418223772	0.845105779885944	nein
2025-06-15	Bayern	2472	2487.72623231445	-0.169431749056532	nein
2025-06-22	Bayern	2470	2471.84708477807	-0.0199454186252088	nein
2025-06-29	Bayern	2521	2459.27685611062	0.665354314255613	nein
2025-07-06	Bayern	2621	2450.12736796315	1.83211818255612	nein
2025-07-13	Bayern	2456	2444.47286782356	0.125047700401095	nein
2025-07-20	Bayern	2393	2442.35062720589	-0.537813982857354	nein
2025-07-27	Bayern	2413	2443.76134053069	-0.334686674924662	nein
2025-08-03	Bayern	2368	2448.66928287172	-0.879783337638438	nein
2025-08-10	Bayern	2576	2457.00222071037	1.27813180498173	nein
2025-08-17	Bayern	2615	2468.65110578843	1.56532106208918	nein
2025-08-24	Bayern	2392	2483.46961713502	-0.990945324594631	nein
2025-08-31	Bayern	2359	2501.27364933595	-1.54097764647271	nein
2025-09-07	Bayern	2363	2521.84087492158	-1.71498117761974	nein
2025-09-14	Bayern	2402	2544.91053395749	-1.53391725358364	nein
2025-09-21	Bayern	2489	2570.18362287969	-0.863279961611966	nein
2025-09-28	Bayern	2482	2597.32366549165	-1.22235174417428	nein
2025-10-05	Bayern	2565	2625.95824992855	-0.640136711755558	nein
2025-10-12	Bayern	2739	2655.68150450824	0.861999743501388	nein
2025-10-19	Bayern	2671	2686.05766129173	-0.155815359628247	nein
2025-10-26	Bayern	2902	2716.62581806978	1.88415458553829	nein
2025-11-02	Bayern	2756	2746.90595749646	0.0928744693167891	nein
2025-11-09	Bayern	2782	2776.40621750159	0.0568215841256628	nein
2025-11-16	Bayern	2743	2804.63133257336	-0.625252445816049	nein
2025-11-23	Bayern	2762	2831.09208503873	-0.697775447202733	nein
2025-11-30	Bayern	2901	2855.31552437396	0.456213249844385	nein
2025-12-07	Bayern	2900	2876.8556370838	0.230506068534748	nein
2025-12-14	Bayern	2790	2895.30408647383	-1.05304445318043	nein
2025-12-21	Bayern	2817	2910.30059717351	-0.92972440057503	nein
2025-12-28	Bayern	2960	2921.54253907505	0.379520173059316	nein
2026-01-04	Bayern	3279	2928.79327329979	3.39321622350716	nein
2026-01-11	Bayern	3352	2931.88886048813	4.05311096112815	nein
2026-01-18	Bayern	3340	2930.74279807677	3.95085750798632	nein
2026-01-25	Bayern	3163	2925.3485444832	2.31691606037366	nein
2026-02-01	Bayern	3272	2915.77969797391	3.45624972776365	nein
2026-02-08	Bayern	3120	2902.18781823028	2.13376232591052	nein
2026-02-15	Bayern	2891	2884.79799993268	0.061662711613112	nein
2026-02-22	Bayern	2972	2863.90242061929	1.07236021991538	nein
2026-03-01	Bayern	2790	2839.85218108207	-0.501207495749779	nein
2026-03-08	Bayern	2813	2813.04782882728	-0.000481742051767454	nein
2026-03-15	Bayern	2644	2783.92899923424	-1.42893274636953	nein
2026-03-22	Bayern	2629	2752.96362330045	-1.27190188269798	nein
2026-03-29	Bayern	2626	2720.63713628082	-0.975087674146798	nein
2026-04-05	Bayern	2722	2687.44208152697	0.355419665005431	nein
2026-04-12	Bayern	2634	2653.86844365092	-0.206338310538533	nein
2026-04-19	Bayern	2678	2620.39497114143	0.599144687113682	nein
2026-04-26	Bayern	2611	2587.48166749438	0.24669713175217	nein
2026-05-03	Bayern	2644	2555.56354821871	0.929567298117487	nein
2026-05-10	Bayern	2660	2525.04568433058	1.42276651476853	nein
2026-05-17	Bayern	2524	2496.29948551558	0.295748200876613	nein
2026-05-24	Bayern	2496	2469.66012099279	0.282753401656602	nein
2026-05-31	Bayern	2562	2445.42493483803	1.24999964567995	nein
2026-06-07	Bayern	2535	2423.85268545713	1.19740010682276	nein
2026-06-14	Bayern	2350	2405.16342538443	-0.603377236241476	nein
2026-06-21	Bayern	2552	2389.53883624261	1.75627479416954	nein
2026-06-28	Bayern	3070	2377.12284274245	7.26478874038395	nein
2026-07-05	Bayern	2940	2368.02234706159	6.05020632978718	nein
2026-07-12	Bayern	2524	2362.30794889351	1.75727356290146	nein
2026-07-19	Bayern	2611	2360.01454514743	2.71243116661213	nein
2026-07-26	Bayern	2407	2361.14173519157	0.502303145121647	nein
2026-08-02	Bayern	2716	2365.65399139962	3.75619131696364	nein
2026-08-09	Bayern	2773	2373.48058951813	4.26238864762345	nein
2026-08-16	Bayern	2599	2384.51532808336	2.30985876665328	ja
2026-08-23	Bayern	2471	2398.61609986545	0.784464815550367	ja
2026-08-30	Bayern	2411	2415.60441012075	-0.0499729309326141	ja
2026-09-06	Bayern	2349	2435.26496514355	-0.937444976485094	ja
2026-09-13	Bayern	2324	2457.34547886501	-1.44670240159783	ja
2026-09-20	Bayern	2356	2481.5568634659	-1.35414573679822	ja
2026-09-27	Bayern	2341	2507.57398038669	-1.79136034244758	ja
2016-10-09	Bremen	153	146.293612608787	0.54334236038205	nein
2016-10-16	Bremen	148	147.705221268149	0.0239437052485715	nein
2016-10-23	Bremen	143	149.202891790714	-0.505091773693984	nein
2016-10-30	Bremen	173	150.765929950169	1.74742256942889	nein
2016-11-06	Bremen	159	152.372052667546	0.526707967454768	nein
2016-11-13	Bremen	175	153.99762132267	1.63644024610183	nein
2016-11-20	Bremen	171	155.617935639305	1.1993359994488	nein
2016-11-27	Bremen	142	157.207588550123	-1.21902127016151	nein
2016-12-04	Bremen	162	158.740879022619	0.254839341649238	nein
2016-12-11	Bremen	165	160.192276076154	0.373690581344943	nein
2016-12-18	Bremen	157	161.536923373423	-0.354632371188316	nein
2016-12-25	Bremen	172	162.751170103391	0.710310596961181	nein
2017-01-01	Bremen	161	163.81311068975	-0.218008912586994	nein
2017-01-08	Bremen	176	164.703113460896	0.861051222266112	nein
2017-01-15	Bremen	178	165.404317073404	0.956986429543692	nein
2017-01-22	Bremen	166	165.903073394857	0.00744482676258675	nein
2017-01-29	Bremen	184	166.189316833739	1.34383162540565	nein
2017-02-05	Bremen	179	166.256842749425	0.966017370262477	nein
2017-02-12	Bremen	185	166.103481456257	1.42506562551532	nein
2017-02-19	Bremen	181	165.731159206706	1.15681970787002	nein
2017-02-26	Bremen	209	165.14584305587	3.24454667956933	nein
2017-03-05	Bremen	190	164.357372263997	1.93244083852544	nein
2017-03-12	Bremen	152	163.379184451528	-0.892263924178024	nein
2017-03-19	Bremen	155	162.227949668747	-0.566373010519277	nein
2017-03-26	Bremen	133	160.923129527185	-2.24916891830316	nein
2017-04-02	Bremen	159	159.486481305774	-0.0381882074400972	nein
2017-04-09	Bremen	134	157.941528351088	-1.93910673807496	nein
2017-04-16	Bremen	148	156.313018121429	-0.665005488594571	nein
2017-04-23	Bremen	150	154.626387978871	-0.370677481987169	nein
2017-04-30	Bremen	163	152.90725650826	0.800575613188836	nein
2017-05-07	Bremen	149	151.180955002803	-0.176315780389686	nein
2017-05-14	Bremen	139	149.472110103417	-0.859746779943631	nein
2017-05-21	Bremen	147	147.804284718845	-0.0656812416557647	nein
2017-05-28	Bremen	160	146.1996805669	1.1152027774286	nein
2017-06-04	Bremen	147	144.6789022004	0.190964523108698	nein
2017-06-11	Bremen	144	143.260779392513	0.0612380311018237	nein
2017-06-18	Bremen	139	141.962242370803	-0.247631572817445	nein
2017-06-25	Bremen	143	140.798242662262	0.183721774526768	nein
2017-07-02	Bremen	145	139.781711245663	0.435527917118082	nein
2017-07-09	Bremen	136	138.923545264202	-0.247171904236346	nein
2017-07-16	Bremen	140	138.232614663494	0.148973212475748	nein
2017-07-23	Bremen	157	137.715780704377	1.59629929197001	nein
2017-07-30	Bremen	125	137.377919267337	-1.06550158789698	nein
2017-08-06	Bremen	119	137.221943128763	-1.58185561307503	nein
2017-08-13	Bremen	120	137.24881886845	-1.49545365908473	nein
2017-08-20	Bremen	119	137.457575691858	-1.60175669186796	nein
2017-08-27	Bremen	137	137.845305157207	-0.0716288943702339	nein
2017-09-03	Bremen	138	138.407152530421	-0.0344161075724196	nein
2017-09-10	Bremen	135	139.136302196784	-0.350332202396422	nein
2017-09-17	Bremen	149	140.023961181994	0.746275608348411	nein
2017-09-24	Bremen	139	141.059346316955	-0.172813939461924	nein
2017-10-01	Bremen	157	142.22968185236	1.2110615548189	nein
2017-10-08	Bremen	164	143.520215314182	1.66182908866689	nein
2017-10-15	Bremen	151	144.914260006439	0.499277632925108	nein
2017-10-22	Bremen	145	146.393272726794	-0.114701869972182	nein
2017-10-29	Bremen	136	147.936974882694	-0.989692326438895	nein
2017-11-05	Bremen	144	149.523524214165	-0.452082107622524	nein
2017-11-12	Bremen	159	151.129742704007	0.631359407490749	nein
2017-11-19	Bremen	151	152.731403985415	-0.139616565912217	nein
2017-11-26	Bremen	160	154.303580689555	0.453387476191854	nein
2017-12-03	Bremen	127	155.82104881788	-2.37402650168861	nein
2017-12-10	Bremen	164	157.258742543752	0.531000095196556	nein
2017-12-17	Bremen	162	158.592249070558	0.268232406037451	nein
2017-12-24	Bremen	141	159.798329569816	-1.50998504836063	nein
2017-12-31	Bremen	154	160.855449089908	-0.541626203219246	nein
2018-01-07	Bremen	161	161.744295960172	-0.0582670709691112	nein
2018-01-14	Bremen	178	162.448269880957	1.19533181932536	nein
2018-01-21	Bremen	151	162.953917788758	-0.943439102058337	nein
2018-01-28	Bremen	186	163.251297826013	1.73262967486847	nein
2018-02-04	Bremen	179	163.334254324414	1.20088729738993	nein
2018-02-11	Bremen	143	163.200590504697	-1.60771258450424	nein
2018-02-18	Bremen	180	162.852130364906	1.31460841241803	nein
2018-02-25	Bremen	195	162.294666636905	2.47562122965098	nein
2018-03-04	Bremen	256	161.537797336405	6.81597055953482	nein
2018-03-11	Bremen	230	160.594658889585	5.11810509302571	nein
2018-03-18	Bremen	229	159.481568683144	5.14205340015	nein
2018-03-25	Bremen	174	158.217593808059	1.2288055594086	nein
2018-04-01	Bremen	184	156.824065497109	2.10175716493443	nein
2018-04-08	Bremen	172	155.324060153666	1.3089763561976	nein
2018-04-15	Bremen	164	153.741867916553	0.814555661568403	nein
2018-04-22	Bremen	144	152.102468499739	-0.659881888973458	nein
2018-04-29	Bremen	128	150.431031777991	-1.86900486619164	nein
2018-05-06	Bremen	134	148.752457519736	-1.22491473119274	nein
2018-05-13	Bremen	132	147.090965091406	-1.26091017279456	nein
2018-05-20	Bremen	114	145.46974017287	-2.7015697028965	nein
2018-05-27	Bremen	130	143.91064180746	-1.17391218639728	nein
2018-06-03	Bremen	147	142.433969694843	0.378910793111032	nein
2018-06-10	Bremen	138	141.058288696027	-0.257322487787022	nein
2018-06-17	Bremen	135	139.800305171149	-0.40659826892775	nein
2018-06-24	Bremen	147	138.674788067081	0.697096007947544	nein
2018-07-01	Bremen	132	137.694526616727	-0.486635544013168	nein
2018-07-08	Bremen	136	136.870316067969	-0.0741588354076566	nein
2018-07-15	Bremen	139	136.21096296236	0.237174829099209	nein
2018-07-22	Bremen	147	135.723302050648	0.951077348737821	nein
2018-07-29	Bremen	153	135.412217876791	1.47436297800459	nein
2018-08-05	Bremen	189	135.280665299295	4.33913892664851	nein
2018-08-12	Bremen	154	135.329684669887	1.56370493664811	nein
2018-08-19	Bremen	123	135.558408985363	-1.09153432998952	nein
2018-08-26	Bremen	138	135.964062007649	0.173459419148304	nein
2018-09-02	Bremen	138	136.541948054847	0.124048075983277	nein
2018-09-09	Bremen	160	137.28543584951	1.88099568892397	nein
2018-09-16	Bremen	148	138.1859404158	0.821878937053996	nein
2018-09-23	Bremen	145	139.232908485036	0.483419764420188	nein
2018-09-30	Bremen	114	140.413814132461	-2.29589465076874	nein
2018-10-07	Bremen	143	141.714172350997	0.10739447976994	nein
2018-10-14	Bremen	129	143.117578887583	-1.19526151057425	nein
2018-10-21	Bremen	148	144.605784838887	0.279949586098937	nein
2018-10-28	Bremen	144	146.158814144628	-0.178226090409132	nein
2018-11-04	Bremen	137	147.755131161853	-0.891918090090575	nein
2018-11-11	Bremen	126	149.371863911156	-1.95715257556709	nein
2018-11-18	Bremen	165	150.985086353368	1.11848828998022	nein
2018-11-25	Bremen	144	152.570160229029	-0.697250552673562	nein
2018-12-02	Bremen	154	154.102133676999	-0.00818970406247594	nein
2018-12-09	Bremen	167	155.556190207509	0.902331684627089	nein
2018-12-16	Bremen	141	156.908137860567	-1.28623780472576	nein
2018-12-23	Bremen	155	158.13492480057	-0.248906243902891	nein
2018-12-30	Bremen	141	159.215164476007	-1.46535071204312	nein
2019-01-06	Bremen	171	160.129651103359	0.845366814533409	nein
2019-01-13	Bremen	168	160.861844880008	0.555924560867576	nein
2019-01-20	Bremen	117	161.398306193267	-3.6598858936662	nein
2019-01-27	Bremen	159	161.729059282389	-0.214112262916979	nein
2019-02-03	Bremen	171	161.847868327388	0.709158545786501	nein
2019-02-10	Bremen	168	161.752412663133	0.485637382280061	nein
2019-02-17	Bremen	162	161.444352514637	0.0434831723467705	nein
2019-02-24	Bremen	168	160.929281988968	0.550553658734352	nein
2019-03-03	Bremen	178	160.216571645215	1.37316163040078	nein
2019-03-10	Bremen	151	159.319108375427	-0.661597327670498	nein
2019-03-17	Bremen	174	158.252945163384	1.22567401849386	nein
2019-03-24	Bremen	129	157.036877199945	-2.29824275865261	nein
2019-03-31	Bremen	153	155.69196357032	-0.215292882123444	nein
2019-04-07	Bremen	141	154.241015149607	-1.07667924610776	nein
2019-04-14	Bremen	140	152.708069427722	-1.03807026801736	nein
2019-04-21	Bremen	146	151.117871826373	-0.416672520721683	nein
2019-04-28	Bremen	151	149.495380856294	0.122260150947856	nein
2019-05-05	Bremen	165	147.865311447594	1.37657725355936	nein
2019-05-12	Bremen	134	146.251727260939	-1.02290044221276	nein
2019-05-19	Bremen	156	144.677689048402	0.925059518837321	nein
2019-05-26	Bremen	122	143.16496245422	-1.80710042192475	nein
2019-06-02	Bremen	135	141.73378525813	-0.567539806777781	nein
2019-06-09	Bremen	153	140.402691142596	1.04299653368035	nein
2019-06-16	Bremen	154	139.188384724387	1.22850038136394	nein
2019-06-23	Bremen	145	138.105660886556	0.57921839756525	nein
2019-06-30	Bremen	123	137.167360383646	-1.22587729046214	nein
2019-07-07	Bremen	126	136.384353235602	-0.896773523638813	nein
2019-07-14	Bremen	131	135.765541510916	-0.409552197056678	nein
2019-07-21	Bremen	139	135.317873647586	0.313680959748488	nein
2019-07-28	Bremen	178	135.046363385753	3.50765682878998	nein
2019-08-04	Bremen	146	134.95410760483	0.934025848633415	nein
2019-08-11	Bremen	141	135.042298793059	0.50663903979711	nein
2019-08-18	Bremen	123	135.310229460194	-1.07003904116218	nein
2019-08-25	Bremen	130	135.755287473998	-0.495194374106118	nein
2019-09-01	Bremen	132	136.372943003816	-0.374722359936916	nein
2019-09-08	Bremen	123	137.156729437509	-1.22475709465886	nein
2019-09-15	Bremen	131	138.098222247592	-0.606389297870073	nein
2019-09-22	Bremen	140	139.187021259117	0.0685069246542752	nein
2019-09-29	Bremen	152	140.410743048449	0.960279228004249	nein
2019-10-06	Bremen	147	141.755031202214	0.435655690735816	nein
2019-10-13	Bremen	158	143.20359280589	1.20988084516827	nein
2019-10-20	Bremen	144	144.738269725101	-0.0610990069453233	nein
2019-10-27	Bremen	128	146.339152907129	-1.54139363698626	nein
2019-11-03	Bremen	164	147.984746997013	1.28690322919114	nein
2019-11-10	Bremen	148	149.652190988883	-0.134569646006018	nein
2019-11-17	Bremen	157	151.317538413801	0.456560301206893	nein
2019-11-24	Bremen	170	152.95609774481	1.34610326149085	nein
2019-12-01	Bremen	166	154.542830379987	0.905404365327242	nein
2019-12-08	Bremen	149	156.052799908449	-0.565637047283794	nein
2019-12-15	Bremen	168	157.461662593501	0.825869045625655	nein
2019-12-22	Bremen	126	158.746185389294	-2.68181261001695	nein
2019-12-29	Bremen	135	159.884774637759	-2.01095171854987	nein
2020-01-05	Bremen	144	160.857996167712	-1.34546778041518	nein
2020-01-12	Bremen	178	161.649066104659	1.25769914510802	nein
2020-01-19	Bremen	134	162.244291503533	-2.27356023384215	nein
2020-01-26	Bremen	175	162.63344105278	0.95207242260803	nein
2020-02-02	Bremen	178	162.810028571461	1.16565675366934	nein
2020-02-09	Bremen	160	162.771495715779	-0.216554398525314	nein
2020-02-16	Bremen	181	162.519280887318	1.41505069328738	nein
2020-02-23	Bremen	170	162.058766773544	0.615182579076601	nein
2020-03-01	Bremen	155	161.39914155754	-0.504133079921153	nein
2020-03-08	Bremen	188	160.553148221515	2.09652244184396	nein
2020-03-15	Bremen	167	159.536738402471	0.583026464170744	nein
2020-03-22	Bremen	144	158.368651272293	-1.15326151623385	nein
2020-03-29	Bremen	160	157.069936606301	0.231780222826635	nein
2020-04-05	Bremen	188	155.663442695307	2.49576159069179	nein
2020-04-12	Bremen	161	154.173289904964	0.542888037975633	nein
2020-04-19	Bremen	167	152.624349580972	1.14002143067087	nein
2020-04-26	Bremen	140	151.041745824094	-0.905015451757174	nein
2020-05-03	Bremen	157	149.450394667957	0.609324706851904	nein
2020-05-10	Bremen	134	147.874591676467	-1.15373342758952	nein
2020-05-17	Bremen	137	146.337655233303	-0.776459730926429	nein
2020-05-24	Bremen	127	144.86162909961	-1.50888419311378	nein
2020-05-31	Bremen	169	143.467044401152	2.06294981872697	nein
2020-06-07	Bremen	143	142.172738251237	0.0689810415160386	nein
2020-06-14	Bremen	139	140.995723838108	-0.167674273661909	nein
2020-06-21	Bremen	158	139.951105064111	1.48763015523339	nein
2020-06-28	Bremen	161	139.052027726153	1.80701227385066	nein
2020-07-05	Bremen	155	138.309658739422	1.38566210239456	nein
2020-07-12	Bremen	146	137.733184967171	0.694343431975254	nein
2020-07-19	Bremen	154	137.329823750081	1.38883965925794	nein
2020-07-26	Bremen	129	137.104838144302	-0.696013106340421	nein
2020-08-02	Bremen	159	137.061551094149	1.81890590740391	nein
2020-08-09	Bremen	144	137.201354206305	0.573127065685342	nein
2020-08-16	Bremen	195	137.52370838828	4.59018107349431	nein
2020-08-23	Bremen	163	138.026135303929	2.05690772148201	nein
2020-08-30	Bremen	146	138.704200327903	0.611376605628151	nein
2020-09-06	Bremen	159	139.551489395734	1.60291823948362	nein
2020-09-13	Bremen	135	140.559583791963	-0.469905661649029	nein
2020-09-20	Bremen	142	141.718038434251	0.0235673951732849	nein
2020-09-27	Bremen	152	143.014370527687	0.740237097342878	nein
2020-10-04	Bremen	143	144.43406650166	-0.118958633323109	nein
2020-10-11	Bremen	143	145.960615815497	-0.244715783693841	nein
2020-10-18	Bremen	148	147.575580438522	0.0347517137400749	nein
2020-10-25	Bremen	151	149.25870848956	0.141557666263873	nein
2020-11-01	Bremen	161	150.988099588082	0.802057657260015	nein
2020-11-08	Bremen	147	152.740427878266	-0.465105089612438	nein
2020-11-15	Bremen	137	154.491226430913	-1.42798577835622	nein
2020-11-22	Bremen	156	156.215233849656	-0.0171368576636145	nein
2020-11-29	Bremen	164	157.886800509709	0.480944655381648	nein
2020-12-06	Bremen	174	159.480348105185	1.12711059069496	nein
2020-12-13	Bremen	167	160.97087230037	0.46982874152883	nein
2020-12-20	Bremen	162	162.334474545429	-0.0261234684863385	nein
2020-12-27	Bremen	160	163.548905831402	-0.277058464705339	nein
2021-01-03	Bremen	161	164.594102628508	-0.279699637091253	nein
2021-01-10	Bremen	181	165.452693752306	1.18427781460719	nein
2021-01-17	Bremen	158	166.110456648116	-0.631201660830755	nein
2021-01-24	Bremen	156	166.556702698104	-0.822577638179714	nein
2021-01-31	Bremen	151	166.784573646324	-1.235944776841	nein
2021-02-07	Bremen	185	166.791234990417	1.37832189649176	nein
2021-02-14	Bremen	166	166.577956970104	-0.0445782752249172	nein
2021-02-21	Bremen	167	166.15007925682	0.0655491497562951	nein
2021-02-28	Bremen	157	165.516861210722	-0.664489932565275	nein
2021-03-07	Bremen	155	164.691225186709	-0.759028560230288	nein
2021-03-14	Bremen	146	163.689405421332	-1.4019748699871	nein
2021-03-21	Bremen	154	162.530519156175	-0.671895539847711	nein
2021-03-28	Bremen	169	161.236079581785	0.603774111049854	nein
2021-04-04	Bremen	138	159.829471765615	-1.76038937946306	nein
2021-04-11	Bremen	169	158.335412927537	0.834459194789544	nein
2021-04-18	Bremen	167	156.779417334767	0.804007031019005	nein
2021-04-25	Bremen	155	155.187283891096	-0.0149702119505609	nein
2021-05-02	Bremen	174	153.584621451227	1.60578934096195	nein
2021-05-09	Bremen	150	151.996423297955	-0.161589037702624	nein
2021-05-16	Bremen	137	150.446698382744	-1.10855672509207	nein
2021-05-23	Bremen	147	148.958163133451	-0.160117874795222	nein
2021-05-30	Bremen	130	147.551994117823	-1.46908623385375	nein
2021-06-06	Bremen	153	146.247638802643	0.551861439332573	nein
2021-06-13	Bremen	150	145.062679188871	0.405978388333283	nein
2021-06-20	Bremen	138	144.012741294985	-0.502549627127762	nein
2021-06-27	Bremen	150	143.111442313289	0.569006513811339	nein
2021-07-04	Bremen	152	142.370366744453	0.795026498708543	nein
2021-07-11	Bremen	165	141.799062861535	1.8912131666035	nein
2021-07-18	Bremen	143	141.405051386294	0.133345576356761	nein
2021-07-25	Bremen	139	141.193839190966	-0.18437833205036	nein
2021-08-01	Bremen	129	141.168932082163	-1.03540497903449	nein
2021-08-08	Bremen	132	141.331842200631	-0.790731132658912	nein
2021-08-15	Bremen	174	141.682087210347	2.6107832931905	nein
2021-08-22	Bremen	149	142.217180189919	0.562104230593292	nein
2021-08-29	Bremen	148	142.932610921194	0.41971483324828	nein
2021-09-05	Bremen	134	143.821821039453	-0.82529561743677	nein
2021-09-12	Bremen	164	144.876177209168	1.54951481026987	nein
2021-09-19	Bremen	158	146.084948055932	0.968926340739209	nein
2021-09-26	Bremen	131	147.435291946728	-1.37439010407732	nein
2021-10-03	Bremen	172	148.912263785668	1.8385491415906	nein
2021-10-10	Bremen	153	150.498849690911	0.202469179003108	nein
2021-10-17	Bremen	142	152.176038647488	-0.830859856855252	nein
2021-10-24	Bremen	152	153.922939901156	-0.154653995431837	nein
2021-10-31	Bremen	148	155.716953895438	-0.62093631115337	nein
2021-11-07	Bremen	150	157.534002910067	-0.602496601429166	nein
2021-11-14	Bremen	152	159.348825226323	-0.584128549463546	nein
2021-11-21	Bremen	186	161.135333668007	1.90300658653073	nein
2021-11-28	Bremen	168	162.867035851995	0.398309777398398	nein
2021-12-05	Bremen	166	164.517509600811	0.114878780761597	nein
2021-12-12	Bremen	184	166.060922955009	1.36182160999367	nein
2021-12-19	Bremen	177	167.472584359098	0.72599654751539	nein
2021-12-26	Bremen	190	168.729505195367	1.59734215712927	nein
2022-01-02	Bremen	206	169.810954221731	2.67407441203586	nein
2022-01-09	Bremen	159	170.698981918589	-0.901669845154474	nein
2022-01-16	Bremen	180	171.378892487471	0.650018109336205	nein
2022-01-23	Bremen	159	171.839642397797	-0.987331417623479	nein
2022-01-30	Bremen	163	172.074146956609	-0.694619298404644	nein
2022-02-06	Bremen	183	172.079480261115	0.819958503797463	nein
2022-02-13	Bremen	177	171.856958842722	0.388506147249391	nein
2022-02-20	Bremen	179	171.412104976649	0.572601397048322	nein
2022-02-27	Bremen	166	170.754491594187	-0.363800077303134	nein
2022-03-06	Bremen	177	169.897476545532	0.538580649157121	nein
2022-03-13	Bremen	158	168.857839186777	-0.840749835222819	nein
2022-03-20	Bremen	166	167.655336531031	-0.127443639460903	nein
2022-03-27	Bremen	159	166.312199232774	-0.568524985031329	nein
2022-04-03	Bremen	166	164.852589307407	0.0888391218783548	nein
2022-04-10	Bremen	170	163.302041693319	0.5181590775455	nein
2022-04-17	Bremen	165	161.686910632561	0.258447386351711	nein
2022-04-24	Bremen	158	160.033839571422	-0.160357770376132	nein
2022-05-01	Bremen	171	158.369270131498	0.986145076820957	nein
2022-05-08	Bremen	147	156.719001983418	-0.780945526021343	nein
2022-05-15	Bremen	185	155.107811485305	2.31816822269904	nein
2022-05-22	Bremen	164	153.559133020419	0.829414234458503	nein
2022-05-29	Bremen	176	152.094803332962	1.88207440697682	nein
2022-06-05	Bremen	159	150.734866008952	0.664105035131964	nein
2022-06-12	Bremen	161	149.497430707065	0.92479853391905	nein
2022-06-19	Bremen	166	148.398579876854	1.41119156697894	nein
2022-06-26	Bremen	146	147.452314517944	-0.119246259190161	nein
2022-07-03	Bremen	168	146.670529999773	1.71313281956454	nein
2022-07-10	Bremen	156	146.063013012095	0.80941711113987	nein
2022-07-17	Bremen	171	145.637451268993	2.03549949826565	nein
2022-07-24	Bremen	170	145.399448553426	1.97740293800903	nein
2022-07-31	Bremen	158	145.352538976362	1.02960494810064	nein
2022-08-07	Bremen	151	145.498195851817	0.451188420095869	nein
2022-08-14	Bremen	177	145.835832282857	2.48486634687027	nein
2022-08-21	Bremen	165	146.362792348397	1.50248819003108	nein
2022-08-28	Bremen	163	147.074333617044	1.28450414342797	nein
2022-09-04	Bremen	152	147.963603535086	0.328777592164644	nein
2022-09-11	Bremen	165	149.021613981672	1.28043520127745	nein
2022-09-18	Bremen	129	150.237219889997	-1.76772858684072	nein
2022-09-25	Bremen	151	151.597109224668	-0.0482929133471581	nein
2022-10-02	Bremen	163	153.085812698437	0.788998843392757	nein
2022-10-09	Bremen	145	154.685742314302	-0.783234074838236	nein
2022-10-16	Bremen	189	156.377268036263	2.51292163227161	nein
2022-10-23	Bremen	204	158.138841533104	3.47246079415703	nein
2022-10-30	Bremen	181	159.947174929015	1.62175753930387	nein
2022-11-06	Bremen	167	161.777480785136	0.406303993634177	nein
2022-11-13	Bremen	137	163.603777121191	-2.12954685557534	nein
2022-11-20	Bremen	169	165.399258214186	0.277488383216091	nein
2022-11-27	Bremen	210	167.136728292624	3.17070687452	nein
2022-12-04	Bremen	175	168.789091257819	0.472586782336806	nein
2022-12-11	Bremen	202	170.329885449922	2.34406322966167	nein
2022-12-18	Bremen	207	171.733848527569	2.59200634026806	nein
2022-12-25	Bremen	226	172.977494069282	3.82777356909469	nein
2023-01-01	Bremen	255	174.039678855715	5.70644337568444	nein
2023-01-08	Bremen	201	174.902138246474	1.91627117598153	nein
2023-01-15	Bremen	224	175.54996684818	3.4861765173357	nein
2023-01-22	Bremen	167	175.972022908222	-0.678277936107359	nein
2023-01-29	Bremen	150	176.161237566757	-2.0116217282523	nein
2023-02-05	Bremen	179	176.114814131736	0.21555273416439	nein
2023-02-12	Bremen	157	175.834307655464	-1.43852866333206	nein
2023-02-19	Bremen	183	175.325580926857	0.572067541501999	nein
2023-02-26	Bremen	182	174.598639118962	0.552980276705483	nein
2023-03-05	Bremen	164	173.66735128487	-0.736209124711032	nein
2023-03-12	Bremen	177	172.549072232791	0.33541725387333	nein
2023-03-19	Bremen	195	171.264182651688	1.76380648878921	nein
2023-03-26	Bremen	156	169.835568420195	-1.0703093911031	nein
2023-04-02	Bremen	177	168.288061654674	0.662008905612443	nein
2023-04-09	Bremen	180	166.64786620948	1.01501945561447	nein
2023-04-16	Bremen	144	164.941989131101	-1.65754724280874	nein
2023-04-23	Bremen	164	163.197697189704	0.0623888094585075	nein
2023-04-30	Bremen	163	161.442014343814	0.12171679833124	nein
2023-05-07	Bremen	166	159.701272154542	0.492364614564589	nein
2023-05-14	Bremen	152	158.00072107966	-0.47772400851538	nein
2023-05-21	Bremen	165	156.364206546331	0.680522013308877	nein
2023-05-28	Bremen	148	154.813909979516	-0.548619722408384	nein
2023-06-04	Bremen	141	153.370151745219	-1.00710955288913	nein
2023-06-11	Bremen	157	152.051250381782	0.396955847856546	nein
2023-06-18	Bremen	143	150.873434773308	-0.643121127834614	nein
2023-06-25	Bremen	141	149.850804505611	-0.726307936707044	nein
2023-07-02	Bremen	142	148.99529598911	-0.574498441818074	nein
2023-07-09	Bremen	156	148.316679108602	0.622152593628034	nein
2023-07-16	Bremen	147	147.822571263898	-0.067350840621871	nein
2023-07-23	Bremen	137	147.518456988877	-0.871917277653203	nein
2023-07-30	Bremen	147	147.40770690629	-0.0334152801570756	nein
2023-08-06	Bremen	162	147.491591344821	1.16955659926402	nein
2023-08-13	Bremen	143	147.769285677672	-0.392370641329606	nein
2023-08-20	Bremen	165	148.23786627083	1.34479579056297	nein
2023-08-27	Bremen	134	148.892297793282	-1.23515306285013	nein
2023-09-03	Bremen	144	149.725414482281	-0.468431146729391	nein
2023-09-10	Bremen	145	150.727899714186	-0.467053036762029	nein
2023-09-17	Bremen	141	151.888269839386	-0.889611535363072	nein
2023-09-24	Bremen	136	153.192869623953	-1.40887657106416	nein
2023-10-01	Bremen	152	154.625887716963	-0.210636774700086	nein
2023-10-08	Bremen	145	156.169401239543	-0.899914042377343	nein
2023-10-15	Bremen	164	157.803458775286	0.487450590215861	nein
2023-10-22	Bremen	151	159.506210642692	-0.675949130988302	nein
2023-10-29	Bremen	166	161.254094275604	0.36988990933447	nein
2023-11-05	Bremen	169	163.022080782539	0.462817460747999	nein
2023-11-12	Bremen	178	164.783986298121	1.01061822188884	nein
2023-11-19	Bremen	162	166.512848631203	-0.349366856827799	nein
2023-11-26	Bremen	166	168.181366069958	-0.167626370121555	nein
2023-12-03	Bremen	178	169.762391206071	0.623697840223232	nein
2023-12-10	Bremen	197	171.229468532666	1.91215297160803	nein
2023-12-17	Bremen	177	172.557400648289	0.334847758712298	nein
2023-12-24	Bremen	195	173.722824485334	1.57399474961676	nein
2023-12-31	Bremen	221	174.704776398355	3.34443367786381	nein
2024-01-07	Bremen	172	175.485223484432	-0.262459866874807	nein
2024-01-14	Bremen	189	176.049538383696	0.958920568187774	nein
2024-01-21	Bremen	195	176.386896143269	1.37002302378539	nein
2024-01-28	Bremen	212	176.490574520021	2.57563999170412	nein
2024-02-04	Bremen	176	176.358143213012	-0.0268239139254084	nein
2024-02-11	Bremen	178	175.991532695234	0.150252615165409	nein
2024-02-18	Bremen	187	175.396979191238	0.861827471382123	nein
2024-02-25	Bremen	162	174.584848486714	-0.958863059274851	nein
2024-03-03	Bremen	180	173.569347195053	0.482438349819604	nein
2024-03-10	Bremen	157	172.368135402281	-1.18209762130446	nein
2024-03-17	Bremen	177	171.001858887903	0.453542905908271	nein
2024-03-24	Bremen	151	169.493622099063	-1.43981124701585	nein
2024-03-31	Bremen	150	167.868424586985	-1.39725590007828	nein
2024-04-07	Bremen	160	166.15258367792	-0.477749956805853	nein
2024-04-14	Bremen	158	164.373164850155	-0.497727348136923	nein
2024-04-21	Bremen	149	162.55743883219	-1.07308147508587	nein
2024-04-28	Bremen	152	160.73238110658	-0.691593110623477	nein
2024-05-05	Bremen	173	158.924225620121	1.09508189828938	nein
2024-05-12	Bremen	145	157.158080389775	-0.977846574129759	nein
2024-05-19	Bremen	148	155.457608655506	-0.600019444850601	nein
2024-05-26	Bremen	146	153.844775519114	-0.634839180643944	nein
2024-06-02	Bremen	142	152.339656813183	-0.843386798099043	nein
2024-06-09	Bremen	127	150.960304390848	-1.9961115285415	nein
2024-06-16	Bremen	153	149.722660174863	0.2656095587301	nein
2024-06-23	Bremen	154	148.640510157333	0.434949643129291	nein
2024-06-30	Bremen	148	147.725469058999	0.0224755881312549	nein
2024-07-07	Bremen	134	146.986986468166	-1.08263006461657	nein
2024-07-14	Bremen	166	146.432365895675	1.5758046538534	nein
2024-07-21	Bremen	157	146.066789208569	0.889671771901687	nein
2024-07-28	Bremen	157	145.893340248324	0.904168218719712	nein
2024-08-04	Bremen	148	145.913023013856	0.171593141561589	nein
2024-08-11	Bremen	159	146.12477151884	1.04538604870924	nein
2024-08-18	Bremen	153	146.525450250088	0.528661393921321	nein
2024-08-25	Bremen	159	147.10984599851	0.963286888283202	nein
2024-09-01	Bremen	140	147.870653648819	-0.650240415913621	nein
2024-09-08	Bremen	164	148.798460239716	1.22046151177495	nein
2024-09-15	Bremen	127	149.881733178217	-1.91159013274098	nein
2024-09-22	Bremen	165	151.106819837526	1.10858966340155	nein
2024-09-29	Bremen	145	152.457966805783	-0.60630838520492	nein
2024-10-06	Bremen	144	153.917367694456	-0.804556913912966	nein
2024-10-13	Bremen	156	155.465248568974	0.0426674621619227	nein
2024-10-20	Bremen	176	157.079999644717	1.47397112585252	nein
2024-10-27	Bremen	154	158.738360828942	-0.376218331296325	nein
2024-11-03	Bremen	143	160.415666942314	-1.39459362961288	nein
2024-11-10	Bremen	173	162.086156022513	0.843852332253189	nein
2024-11-17	Bremen	172	163.723341050368	0.638413484029402	nein
2024-11-24	Bremen	185	165.300441861367	1.49594002556408	nein
2024-12-01	Bremen	170	166.790870092436	0.246470955006984	nein
2024-12-08	Bremen	180	168.168756006524	0.897459369507213	nein
2024-12-15	Bremen	171	169.409502224706	0.121392049189436	nein
2024-12-22	Bremen	171	170.490346093189	0.0388144394395879	nein
2024-12-29	Bremen	145	171.390909934803	-2.0608666830016	nein
2025-01-05	Bremen	178	172.093717061015	0.445380114904452	nein
2025-01-12	Bremen	171	172.584651361984	-0.120182554890963	nein
2025-01-19	Bremen	152	172.853339661471	-1.61142614166181	nein
2025-01-26	Bremen	208	172.893438813243	2.57338244487837	nein
2025-02-02	Bremen	194	172.702813590107	1.58069377592129	nein
2025-02-09	Bremen	190	172.283596517405	1.32069449771328	nein
2025-02-16	Bremen	168	171.642126569343	-0.277540100355365	nein
2025-02-23	Bremen	185	170.788769650917	1.06732038336065	nein
2025-03-02	Bremen	213	169.73762957802	3.17703645891725	nein
2025-03-09	Bremen	183	168.506163412409	1.09546626270894	nein
2025-03-16	Bremen	188	167.114719140925	1.57560778011837	nein
2025-03-23	Bremen	177	165.586016543812	0.872668753354905	nein
2025-03-30	Bremen	170	163.944593531445	0.467698554860816	nein
2025-04-06	Bremen	149	162.216240227903	-1.047046733122	nein
2025-04-13	Bremen	176	160.427441750067	1.20440403077832	nein
2025-04-20	Bremen	155	158.604848179814	-0.285922161518879	nein
2025-04-27	Bremen	155	156.774786932274	-0.141321208736507	nein
2025-05-04	Bremen	152	154.962828900473	-0.237617328511798	nein
2025-05-11	Bremen	151	153.193415724461	-0.176786225555334	nein
2025-05-18	Bremen	154	151.489551584493	0.202435076980188	nein
2025-05-25	Bremen	148	149.872559298434	-0.15254982830122	nein
2025-06-01	Bremen	131	148.361897398034	-1.44785760347583	nein
2025-06-08	Bremen	155	146.975032385988	0.652961935084558	nein
2025-06-15	Bremen	120	145.727358591676	-2.18902730637698	nein
2025-06-22	Bremen	147	144.632156949544	0.195428479378302	nein
2025-06-29	Bremen	142	143.700583578709	-0.141472062397237	nein
2025-07-06	Bremen	138	142.941679174532	-0.413774260525513	nein
2025-07-13	Bremen	143	142.36239084476	0.0531441935970606	nein
2025-07-20	Bremen	150	141.96759904068	0.664726885411679	nein
2025-07-27	Bremen	154	141.760143556048	1.00883901132482	nein
2025-08-03	Bremen	133	141.740844109396	-0.738299960480955	nein
2025-08-10	Bremen	137	141.908512714297	-0.412392788889124	nein
2025-08-17	Bremen	146	142.259956811951	0.310630466454556	nein
2025-08-24	Bremen	129	142.789973932469	-1.16738671923569	nein
2025-08-31	Bremen	147	143.491340409805	0.290188033432987	nein
2025-09-07	Bremen	136	144.354798343412	-0.698478623648055	nein
2025-09-14	Bremen	133	145.369046515348	-1.03526756511642	nein
2025-09-21	Bremen	141	146.520742264921	-0.4563992190474	nein
2025-09-28	Bremen	136	147.794522315708	-0.977833532508246	nein
2025-10-05	Bremen	137	149.173051156865	-1.00469259850995	nein
2025-10-12	Bremen	155	150.637105714847	0.351598083040663	nein
2025-10-19	Bremen	125	152.165704631124	-2.25912218562359	nein
2025-10-26	Bremen	148	153.736289420069	-0.462516902654756	nein
2025-11-02	Bremen	155	155.324963080128	-0.0259074677908327	nein
2025-11-09	Bremen	152	156.906789372299	-0.391054930921646	nein
2025-11-16	Bremen	143	158.456153015609	-1.23980252769871	nein
2025-11-23	Bremen	142	159.947177592387	-1.43639622740996	nein
2025-11-30	Bremen	184	161.354194181617	1.7303133369602	nein
2025-12-07	Bremen	168	162.652249879725	0.413819281211624	nein
2025-12-14	Bremen	187	163.817641704043	1.75695643028951	nein
2025-12-21	Bremen	181	164.828458209099	1.2298020352495	nein
2025-12-28	Bremen	183	165.665108782255	1.31338598056501	nein
2026-01-04	Bremen	199	166.310819290791	2.43755323692554	nein
2026-01-11	Bremen	199	166.752072729067	2.40224345125153	nein
2026-01-18	Bremen	192	166.978974867652	1.87447424172807	nein
2026-01-25	Bremen	170	166.985527626916	0.230533592805346	nein
2026-02-01	Bremen	181	166.7697968519	1.07715558863288	nein
2026-02-08	Bremen	196	166.333966101677	2.2166956648374	nein
2026-02-15	Bremen	195	165.684273635927	2.19513514135774	nein
2026-02-22	Bremen	185	164.830835570643	1.526577759598	nein
2026-03-01	Bremen	173	163.787363747281	0.706769306166324	nein
2026-03-08	Bremen	160	162.570791800855	-0.200314424534175	nein
2026-03-15	Bremen	191	161.200826871316	2.25924780680027	nein
2026-03-22	Bremen	145	159.699447125085	-1.17099015937617	nein
2026-03-29	Bremen	165	158.09036660383	0.540626059955904	nein
2026-04-05	Bremen	162	156.398488884166	0.441206404142417	nein
2026-04-12	Bremen	177	154.649369720048	1.74051586762618	nein
2026-04-19	Bremen	137	152.868706451062	-1.29483595770537	nein
2026-04-26	Bremen	157	151.081868764025	0.474029951527423	nein
2026-05-03	Bremen	158	149.313481696886	0.697743851351002	nein
2026-05-10	Bremen	159	147.587067880158	0.919284261039252	nein
2026-05-17	Bremen	142	145.924752204153	-0.323395125621727	nein
2026-05-24	Bremen	164	144.347028615922	1.58610763777455	nein
2026-05-31	Bremen	145	142.872585764908	0.175915439876827	nein
2026-06-07	Bremen	130	141.518185844298	-0.972814819589558	nein
2026-06-14	Bremen	144	140.298589268508	0.308250726753825	nein
2026-06-21	Bremen	144	139.226516786275	0.398516773174844	nein
2026-06-28	Bremen	152	138.31264021249	1.13462882888514	nein
2026-07-05	Bremen	153	137.565593100833	1.28015493109543	nein
2026-07-12	Bremen	129	136.991993288392	-0.682975293547254	nein
2026-07-19	Bremen	157	136.596470231833	1.68823477951246	nein
2026-07-26	Bremen	137	136.381691334239	0.0523775269002281	nein
2026-08-02	Bremen	129	136.3483829513	-0.628648903630498	nein
2026-08-09	Bremen	153	136.495343393622	1.3712714772663	nein
2026-08-16	Bremen	115	136.819446945744	-1.89848590561357	ja
2026-08-23	Bremen	135	137.315639645872	-0.196015991613743	ja
2026-08-30	Bremen	149	137.976929259931	0.916020897305455	ja
2026-09-06	Bremen	117	138.794373484938	-1.88028853828407	ja
2026-09-13	Bremen	137	139.757071870422	-0.231233533110418	ja
2026-09-20	Bremen	140	140.852168186014	-0.0710036995832363	ja
2026-09-27	Bremen	139	142.064870913451	-0.254847095205138	ja
2016-10-09	Hessen	1118	1187.08009469717	-1.283689605253	nein
2016-10-16	Hessen	1246	1198.749230371	0.859676477255343	nein
2016-10-23	Hessen	1200	1210.84240167814	-0.197875384635609	nein
2016-10-30	Hessen	1264	1223.1939996084	0.735872834290076	nein
2016-11-06	Hessen	1242	1235.62953202924	0.114846266956435	nein
2016-11-13	Hessen	1222	1247.96792762759	-0.467910217797408	nein
2016-11-20	Hessen	1363	1260.02424460334	1.81615161036168	nein
2016-11-27	Hessen	1292	1271.61275195821	0.36176493885615	nein
2016-12-04	Hessen	1318	1282.55032621261	0.625226386256902	nein
2016-12-11	Hessen	1321	1292.66008153692	0.498390619695747	nein
2016-12-18	Hessen	1342	1301.77512844582	0.703960895251524	nein
2016-12-25	Hessen	1300	1309.7423373091	-0.171077184665203	nein
2017-01-01	Hessen	1391	1316.42596982052	1.2927162872339	nein
2017-01-08	Hessen	1429	1321.71103579482	1.84911141954084	nein
2017-01-15	Hessen	1541	1325.50623530548	3.66316662309501	nein
2017-01-22	Hessen	1497	1327.74635767284	2.89039411098207	nein
2017-01-29	Hessen	1588	1328.39402886242	4.38814817533492	nein
2017-02-05	Hessen	1757	1327.44072639791	7.13465481329406	nein
2017-02-12	Hessen	1684	1324.90701417303	6.01434883888334	nein
2017-02-19	Hessen	1628	1320.84198625216	5.18143216515671	nein
2017-02-26	Hessen	1596	1315.32194623809	4.75860970110066	nein
2017-03-05	Hessen	1489	1308.44838433437	3.10413992956805	nein
2017-03-12	Hessen	1374	1300.34534531169	1.28669180086395	nein
2017-03-19	Hessen	1273	1291.15630510675	-0.322079646732549	nein
2017-03-26	Hessen	1243	1281.04069026952	-0.679393640858655	nein
2017-04-02	Hessen	1244	1270.17018219282	-0.468747153718678	nein
2017-04-09	Hessen	1190	1258.72494703478	-1.24399507730229	nein
2017-04-16	Hessen	1128	1246.88992320511	-2.17819030830329	nein
2017-04-23	Hessen	1166	1234.85128253324	-1.25895431977149	nein
2017-04-30	Hessen	1280	1222.79316046886	1.03346881868195	nein
2017-05-07	Hessen	1280	1210.89472678566	1.25266399457465	nein
2017-05-14	Hessen	1193	1199.3276431775	-0.116451897635257	nein
2017-05-21	Hessen	1169	1188.25392960908	-0.356696836202616	nein
2017-05-28	Hessen	1162	1177.82423878486	-0.294358321514695	nein
2017-06-04	Hessen	1208	1168.17651874957	0.738114457871654	nein
2017-06-11	Hessen	1124	1159.43502816619	-0.666471026502798	nein
2017-06-18	Hessen	1153	1151.70965759768	0.0242238918174546	nein
2017-06-25	Hessen	1200	1145.09550319014	1.02594041366534	nein
2017-07-02	Hessen	1166	1139.67263630173	0.495176957264557	nein
2017-07-09	Hessen	1185	1135.50601344731	0.929621148664695	nein
2017-07-16	Hessen	1072	1132.64547492404	-1.1593408041122	nein
2017-07-23	Hessen	1162	1131.12578709042	0.582695959513947	nein
2017-07-30	Hessen	1132	1130.96669193068	0.0195905533625395	nein
2017-08-06	Hessen	1191	1132.172937713	1.10556625728971	nein
2017-08-13	Hessen	1172	1134.73427575018	0.701804352588633	nein
2017-08-20	Hessen	1210	1138.62542003723	1.33555841145342	nein
2017-08-27	Hessen	1148	1143.80597843896	0.0790641195412899	nein
2017-09-03	Hessen	1149	1150.22037570381	-0.0229619902311216	nein
2017-09-10	Hessen	1153	1157.79779944325	-0.0900310720156503	nein
2017-09-17	Hessen	1172	1166.45220986223	0.103572015099186	nein
2017-09-24	Hessen	1213	1176.08246193485	0.683433423686502	nein
2017-10-01	Hessen	1229	1186.57259433544	0.781445789611934	nein
2017-10-08	Hessen	1153	1197.79234218281	-0.831253919511239	nein
2017-10-15	Hessen	1245	1209.59792998217	0.646555814244955	nein
2017-10-22	Hessen	1210	1221.83319657443	-0.216425120232016	nein
2017-10-29	Hessen	1239	1234.33109509127	0.0847703406412333	nein
2017-11-05	Hessen	1177	1246.91559774537	-1.27592082506613	nein
2017-11-12	Hessen	1243	1259.40401793157	-0.295694834630798	nein
2017-11-19	Hessen	1224	1271.60974109721	-0.85762367239716	nein
2017-11-26	Hessen	1239	1283.34533206653	-0.7947666572931	nein
2017-12-03	Hessen	1265	1294.4259612637	-0.524060124006821	nein
2017-12-10	Hessen	1290	1304.67306719714	-0.259786638858584	nein
2017-12-17	Hessen	1274	1313.91814950266	-0.706544507103152	nein
2017-12-24	Hessen	1237	1322.00656774683	-1.50880672263517	nein
2017-12-31	Hessen	1361	1328.80120792493	0.561573772974807	nein
2018-01-07	Hessen	1309	1334.18587271952	-0.441537839368824	nein
2018-01-14	Hessen	1329	1338.06825420653	-0.158427376003214	nein
2018-01-21	Hessen	1346	1340.38235924926	0.0978824637291326	nein
2018-01-28	Hessen	1327	1341.09027800991	-0.246059475792258	nein
2018-02-04	Hessen	1327	1340.18321376591	-0.230282790275038	nein
2018-02-11	Hessen	1369	1337.68172577344	0.544594886729732	nein
2018-02-18	Hessen	1484	1333.63517394511	2.58190740967737	nein
2018-02-25	Hessen	1612	1328.12039193643	4.81180289245688	nein
2018-03-04	Hessen	1701	1321.23965112044	6.38723906862571	nein
2018-03-11	Hessen	1833	1313.11800931912	8.64467298469566	nein
2018-03-18	Hessen	1661	1303.90016293771	6.058250878722	nein
2018-03-25	Hessen	1546	1293.74693782726	4.34532389577499	nein
2018-04-01	Hessen	1429	1282.83156203646	2.55974344533123	nein
2018-04-08	Hessen	1403	1271.33586262656	2.32002792050896	nein
2018-04-15	Hessen	1287	1259.44651964563	0.494232593799314	nein
2018-04-22	Hessen	1252	1247.35149449866	0.0840413762604704	nein
2018-04-29	Hessen	1233	1235.23672902301	-0.0406760343664977	nein
2018-05-06	Hessen	1193	1223.28318750035	-0.555569988997939	nein
2018-05-13	Hessen	1188	1211.66428853653	-0.435852869947686	nein
2018-05-20	Hessen	1199	1200.54374898943	-0.0284782942762501	nein
2018-05-27	Hessen	1111	1190.07383941408	-1.48158167483617	nein
2018-06-03	Hessen	1133	1180.39403095181	-0.887617455287133	nein
2018-06-10	Hessen	1148	1171.62999796213	-0.442710421891296	nein
2018-06-17	Hessen	1097	1163.89292935147	-1.2655130621232	nein
2018-06-24	Hessen	1089	1157.27909453674	-1.29580272414131	nein
2018-07-01	Hessen	1182	1151.86960708036	0.564994132038094	nein
2018-07-08	Hessen	1163	1147.73032984557	0.287460202872415	nein
2018-07-15	Hessen	1118	1144.91186953637	-0.510398153857802	nein
2018-07-22	Hessen	1161	1143.44961514281	0.330914800081497	nein
2018-07-29	Hessen	1285	1143.36378354476	2.6250718789714	nein
2018-08-05	Hessen	1430	1144.65944579822	5.18885834242314	nein
2018-08-12	Hessen	1323	1147.32651893816	3.23596358767808	nein
2018-08-19	Hessen	1187	1151.33972002057	0.66838023158216	nein
2018-08-26	Hessen	1258	1156.65849115565	1.8779785493291	nein
2018-09-02	Hessen	1140	1163.22691602276	-0.436783668736625	nein
2018-09-09	Hessen	1204	1170.97365935499	0.614057487740448	nein
2018-09-16	Hessen	1232	1179.811970656	0.964148916531298	nein
2018-09-23	Hessen	1190	1189.6398014367	0.00667464503677761	nein
2018-09-30	Hessen	1165	1200.34009097108	-0.655187834313994	nein
2018-10-07	Hessen	1182	1211.78127838706	-0.549033236917777	nein
2018-10-14	Hessen	1193	1223.81809826601	-0.565368657522029	nein
2018-10-21	Hessen	1219	1236.2927123382	-0.315016550037352	nein
2018-10-28	Hessen	1203	1249.03622098464	-0.837518926173187	nein
2018-11-04	Hessen	1232	1261.87058496639	-0.53939296144085	nein
2018-11-11	Hessen	1257	1274.61097026865	-0.315864214931328	nein
2018-11-18	Hessen	1188	1287.06850769351	-1.78742376854784	nein
2018-11-25	Hessen	1296	1299.05343477663	-0.0541331860291078	nein
2018-12-02	Hessen	1284	1310.37856204159	-0.466979514908096	nein
2018-12-09	Hessen	1291	1320.86298018358	-0.526735266972826	nein
2018-12-16	Hessen	1293	1330.3359013729	-0.656749915533706	nein
2018-12-23	Hessen	1422	1338.64050846529	1.44006739675742	nein
2018-12-30	Hessen	1289	1345.63767238648	-0.992833040282639	nein
2019-01-06	Hessen	1329	1351.2093919175	-0.386803479296377	nein
2019-01-13	Hessen	1303	1355.26181265385	-0.912231496158228	nein
2019-01-20	Hessen	1376	1357.72769350473	0.315869848089156	nein
2019-01-27	Hessen	1371	1358.56820944325	0.214990329310395	nein
2019-02-03	Hessen	1479	1357.7740072442	2.0701710780653	nein
2019-02-10	Hessen	1415	1355.36546486461	1.02666731397782	nein
2019-02-17	Hessen	1423	1351.39214258296	1.2328611874545	nein
2019-02-24	Hessen	1468	1345.93145231703	2.09342961339802	nein
2019-03-03	Hessen	1483	1339.08660790863	2.46802901417456	nein
2019-03-10	Hessen	1470	1330.98395100699	2.39254189493587	nein
2019-03-17	Hessen	1365	1321.76977235425	0.755208380310585	nein
2019-03-24	Hessen	1310	1311.60676526417	-0.0283376340707291	nein
2019-03-31	Hessen	1321	1300.67025612442	0.359066606660011	nein
2019-04-07	Hessen	1296	1289.14435585934	0.121840599786622	nein
2019-04-14	Hessen	1307	1277.21816719481	0.53021222726346	nein
2019-04-21	Hessen	1298	1265.08216659049	0.588619730158642	nein
2019-04-28	Hessen	1259	1252.92485857779	0.109545544277273	nein
2019-05-05	Hessen	1220	1240.92977590314	-0.380619064510866	nein
2019-05-12	Hessen	1194	1229.27287327719	-0.645809468542623	nein
2019-05-19	Hessen	1202	1218.12033746803	-0.295730210420136	nein
2019-05-26	Hessen	1208	1207.62681345979	0.00686047584227269	nein
2019-06-02	Hessen	1222	1197.93402657692	0.44276250053415	nein
2019-06-09	Hessen	1213	1189.16976460577	0.440050141832931	nein
2019-06-16	Hessen	1167	1181.44717240799	-0.269095772606976	nein
2019-06-23	Hessen	1148	1174.86430436575	-0.502686290843948	nein
2019-06-30	Hessen	1272	1169.50387701149	1.88800635141638	nein
2019-07-07	Hessen	1109	1165.43316497487	-1.06489728643663	nein
2019-07-14	Hessen	1158	1162.7039874108	-0.088200786481825	nein
2019-07-21	Hessen	1216	1161.35273878823	1.0166721403577	nein
2019-07-28	Hessen	1385	1161.40042674909	4.06782428655276	nein
2019-08-04	Hessen	1241	1162.85269014712	1.44821027332096	nein
2019-08-11	Hessen	1196	1165.69978184252	0.56455726393635	nein
2019-08-18	Hessen	1118	1169.91651289306	-0.97700985701252	nein
2019-08-25	Hessen	1143	1175.46216700364	-0.607689461901232	nein
2019-09-01	Hessen	1245	1182.28040603402	1.15516448634415	nein
2019-09-08	Hessen	1123	1190.2991985635	-1.25807296699472	nein
2019-09-15	Hessen	1216	1199.43081347912	0.304885139231625	nein
2019-09-22	Hessen	1161	1209.57192875618	-0.898059577463857	nein
2019-09-29	Hessen	1187	1220.60391145949	-0.617114309945052	nein
2019-10-06	Hessen	1220	1232.39332791799	-0.225815992590241	nein
2019-10-13	Hessen	1267	1244.79274243632	0.400710931664658	nein
2019-10-20	Hessen	1233	1257.64185830743	-0.445087170045545	nein
2019-10-27	Hessen	1176	1270.76904592183	-1.71892048234827	nein
2019-11-03	Hessen	1255	1283.99328930277	-0.518425957270905	nein
2019-11-10	Hessen	1270	1297.12656459575	-0.482392304474718	nein
2019-11-17	Hessen	1348	1309.97664243486	0.667205847187037	nein
2019-11-24	Hessen	1292	1322.35028162108	-0.534608025461788	nein
2019-12-01	Hessen	1357	1334.05675550086	0.399626345251883	nein
2019-12-08	Hessen	1374	1344.91162649544	0.504195932798955	nein
2019-12-15	Hessen	1389	1354.7406603183	0.59126023110503	nein
2019-12-22	Hessen	1339	1363.38375154377	-0.422477563840608	nein
2019-12-29	Hessen	1294	1370.69871828121	-1.33393700744282	nein
2020-01-05	Hessen	1361	1376.56481739716	-0.268060683799904	nein
2020-01-12	Hessen	1377	1380.8858341537	-0.0667213907660311	nein
2020-01-19	Hessen	1338	1383.59261177314	-0.786065689512553	nein
2020-01-26	Hessen	1394	1384.64490701108	0.160159410396154	nein
2020-02-02	Hessen	1345	1384.03248624247	-0.672344761197839	nein
2020-02-09	Hessen	1351	1381.77541102916	-0.530041153113103	nein
2020-02-16	Hessen	1396	1377.92348192736	0.309945888271347	nein
2020-02-23	Hessen	1302	1372.55484888974	-1.22551321244143	nein
2020-03-01	Hessen	1346	1365.77399845281	-0.34218665141287	nein
2020-03-08	Hessen	1401	1357.70906550557	0.745693410098807	nein
2020-03-15	Hessen	1417	1348.508609574	1.18030296833669	nein
2020-03-22	Hessen	1326	1338.33801296737	-0.215563331930624	nein
2020-03-29	Hessen	1325	1327.37564809978	-0.0416299799298098	nein
2020-04-05	Hessen	1382	1315.80896057367	1.15522120209395	nein
2020-04-12	Hessen	1421	1303.83060551664	2.04167109707439	nein
2020-04-19	Hessen	1371	1291.63475853241	1.39584798820432	nein
2020-04-26	Hessen	1269	1279.4137012161	-0.18614948729543	nein
2020-05-03	Hessen	1220	1267.35475646424	-0.854803691866758	nein
2020-05-10	Hessen	1279	1255.63762276903	0.419751961984205	nein
2020-05-17	Hessen	1204	1244.43213115498	-0.736035658662418	nein
2020-05-24	Hessen	1246	1233.89642493958	0.21972221023941	nein
2020-05-31	Hessen	1248	1224.17554225289	0.433546295362907	nein
2020-06-07	Hessen	1215	1215.40036501482	-0.00733629046064972	nein
2020-06-14	Hessen	1196	1207.68688623588	-0.215179555735493	nein
2020-06-21	Hessen	1169	1201.13574013652	-0.595034037332156	nein
2020-06-28	Hessen	1155	1195.8319364602	-0.758711212087003	nein
2020-07-05	Hessen	1143	1191.84474108211	-0.910208556596753	nein
2020-07-12	Hessen	1123	1189.22764906892	-1.23866320046295	nein
2020-07-19	Hessen	1152	1188.01840315014	-0.67107567056253	nein
2020-07-26	Hessen	1235	1188.23901953895	0.861128522717488	nein
2020-08-02	Hessen	1296	1189.89579363816	1.93718042142535	nein
2020-08-09	Hessen	1210	1192.979269869	0.314110460410326	nein
2020-08-16	Hessen	1336	1197.46417219278	2.51091327777911	nein
2020-08-23	Hessen	1228	1203.30930440279	0.453220773816043	nein
2020-08-30	Hessen	1193	1210.45744149823	-0.321355310275702	nein
2020-09-06	Hessen	1231	1218.835244944	0.222243259194635	nein
2020-09-13	Hessen	1209	1228.35324486531	-0.353704310712038	nein
2020-09-20	Hessen	1300	1238.90594067249	1.09990093777749	nein
2020-09-27	Hessen	1282	1250.37207766684	0.56897629044142	nein
2020-10-04	Hessen	1232	1262.61516022856	-0.552588750933025	nein
2020-10-11	Hessen	1254	1275.484261639	-0.385309302093502	nein
2020-10-18	Hessen	1272	1288.81518592286	-0.29979328289479	nein
2020-10-25	Hessen	1342	1302.43202794299	0.696662207443034	nein
2020-11-01	Hessen	1381	1316.14916419831	1.13227683832581	nein
2020-11-08	Hessen	1375	1329.7736885308	0.787457138370059	nein
2020-11-15	Hessen	1460	1343.10828477513	2.0078781321886	nein
2020-11-22	Hessen	1444	1355.95450323131	1.51033992562696	nein
2020-11-29	Hessen	1540	1368.11638105872	2.9074758960314	nein
2020-12-06	Hessen	1659	1379.40431999335	4.65590037624971	nein
2020-12-13	Hessen	1692	1389.63911014557	5.00530759389682	nein
2020-12-20	Hessen	1840	1398.6559681173	7.18275429387526	nein
2020-12-27	Hessen	1867	1406.30844326779	7.46475570764309	nein
2021-01-03	Hessen	1865	1412.4720393421	7.32351895066315	nein
2021-01-10	Hessen	1869	1417.04740103587	7.30384223981888	nein
2021-01-17	Hessen	1816	1419.96292690644	6.42909109965959	nein
2021-01-24	Hessen	1745	1421.17669107091	5.29280227843615	nein
2021-01-31	Hessen	1683	1420.67758525551	4.31559253765544	nein
2021-02-07	Hessen	1540	1418.48562812656	2.03111124960387	nein
2021-02-14	Hessen	1514	1414.65142799064	1.66705088276553	nein
2021-02-21	Hessen	1497	1409.25482508283	1.47717058850172	nein
2021-02-28	Hessen	1375	1402.40277785245	-0.468745386413825	nein
2021-03-07	Hessen	1316	1394.22659118683	-1.35062280084497	nein
2021-03-14	Hessen	1324	1384.87861111971	-1.05254350999706	nein
2021-03-21	Hessen	1297	1374.52852864776	-1.34849117479516	nein
2021-03-28	Hessen	1327	1363.35944400321	-0.631834109982136	nein
2021-04-04	Hessen	1316	1351.56384209503	-0.620726537411045	nein
2021-04-11	Hessen	1329	1339.3396205806	-0.180737980244208	nein
2021-04-18	Hessen	1391	1326.8862955307	1.11574750746564	nein
2021-04-25	Hessen	1343	1314.40148770253	0.50225406055639	nein
2021-05-02	Hessen	1428	1302.07776706385	2.19561657939132	nein
2021-05-09	Hessen	1373	1290.09990645931	1.45970967648247	nein
2021-05-16	Hessen	1312	1278.64256906314	0.59366806513091	nein
2021-05-23	Hessen	1253	1267.86843010998	-0.267423817066177	nein
2021-05-30	Hessen	1208	1257.92671255345	-0.905857501507039	nein
2021-06-06	Hessen	1287	1248.95209957217	0.68475232677539	nein
2021-06-13	Hessen	1238	1241.06397463797	-0.0556209584363015	nein
2021-06-20	Hessen	1372	1234.36593224135	2.4599358243274	nein
2021-06-27	Hessen	1200	1228.9454991229	-0.529941868089406	nein
2021-07-04	Hessen	1214	1224.8740065718	-0.1989256134382	nein
2021-07-11	Hessen	1157	1222.20655849131	-1.20327742109113	nein
2021-07-18	Hessen	1287	1220.98204690473	1.19723914200051	nein
2021-07-25	Hessen	1319	1221.22317578938	1.76570952128434	nein
2021-08-01	Hessen	1210	1222.93646501043	-0.236918096715692	nein
2021-08-08	Hessen	1178	1226.11221815263	-0.884272044120776	nein
2021-08-15	Hessen	1203	1230.72445072344	-0.507150236346339	nein
2021-08-22	Hessen	1224	1236.73078805945	-0.23182959735372	nein
2021-08-29	Hessen	1201	1244.0723548456	-0.785248792747557	nein
2021-09-05	Hessen	1255	1252.67368996874	0.0420044039193668	nein
2021-09-12	Hessen	1303	1262.44273095502	0.725818688482885	nein
2021-09-19	Hessen	1293	1273.27092091387	0.352513047069433	nein
2021-09-26	Hessen	1256	1285.03349712158	-0.51965063030831	nein
2021-10-03	Hessen	1269	1297.59002349183	-0.509150953950647	nein
2021-10-10	Hessen	1287	1310.78522858872	-0.421139572325168	nein
2021-10-17	Hessen	1272	1324.45020600785	-0.927184437510849	nein
2021-10-24	Hessen	1397	1338.40402450423	1.01612215727571	nein
2021-10-31	Hessen	1360	1352.45578103919	0.130949163527213	nein
2021-11-07	Hessen	1480	1366.40711112509	1.93699922587687	nein
2021-11-14	Hessen	1473	1380.05514802058	1.58084281527062	nein
2021-11-21	Hessen	1612	1393.19589644698	3.6526524286867	nein
2021-11-28	Hessen	1595	1405.62795895284	3.15765338423377	nein
2021-12-05	Hessen	1641	1417.15652561338	3.70391041135621	nein
2021-12-12	Hessen	1569	1427.59751243944	2.35207646068875	nein
2021-12-19	Hessen	1549	1436.78171281969	1.86664741328397	nein
2021-12-26	Hessen	1507	1444.55881156783	1.0415812927484	nein
2022-01-02	Hessen	1469	1450.80110442468	0.30443165720663	nein
2022-01-09	Hessen	1440	1455.40676838109	-0.25830284315086	nein
2022-01-16	Hessen	1401	1458.3025404539	-0.964429414973949	nein
2022-01-23	Hessen	1423	1459.44568426432	-0.611662261478436	nein
2022-01-30	Hessen	1433	1458.82515379792	-0.432984972034763	nein
2022-02-06	Hessen	1516	1456.46190015733	0.989425249517595	nein
2022-02-13	Hessen	1486	1452.40830742784	0.560657403551555	nein
2022-02-20	Hessen	1484	1446.74678506006	0.622746880034866	nein
2022-02-27	Hessen	1372	1439.587583436	-1.14662012804473	nein
2022-03-06	Hessen	1514	1431.0659337288	1.38686218266518	nein
2022-03-13	Hessen	1481	1421.33864046758	1.00373130511242	nein
2022-03-20	Hessen	1433	1410.58027373041	0.380259948652373	nein
2022-03-27	Hessen	1467	1398.97911677376	1.15238249181987	nein
2022-04-03	Hessen	1363	1386.73302416215	-0.408269547493166	nein
2022-04-10	Hessen	1456	1374.04533586241	1.39866145429408	nein
2022-04-17	Hessen	1392	1361.12097572359	0.532688593627799	nein
2022-04-24	Hessen	1379	1348.16284013156	0.534522365416227	nein
2022-05-01	Hessen	1319	1335.36855649338	-0.286761541778393	nein
2022-05-08	Hessen	1388	1322.92766367236	1.13386640674002	nein
2022-05-15	Hessen	1303	1311.0192394996	-0.141649298821288	nein
2022-05-22	Hessen	1364	1299.80997566485	1.12840386701032	nein
2022-05-29	Hessen	1159	1289.45267888411	-2.3621683486881	nein
2022-06-05	Hessen	1274	1280.08516007752	-0.108756462330301	nein
2022-06-12	Hessen	1268	1271.82946078627	-0.0686437115639834	nein
2022-06-19	Hessen	1344	1264.79135827128	1.40860366603423	nein
2022-06-26	Hessen	1398	1259.06008744625	2.45796236750886	nein
2022-07-03	Hessen	1265	1254.70821857385	0.185388702534263	nein
2022-07-10	Hessen	1234	1251.79163394526	-0.322059798255093	nein
2022-07-17	Hessen	1299	1250.34955395899	0.873457003838732	nein
2022-07-24	Hessen	1559	1250.40457250112	5.36848327416603	nein
2022-07-31	Hessen	1506	1251.96267271779	4.44448497624507	nein
2022-08-07	Hessen	1528	1255.01320661621	4.76001392271567	nein
2022-08-14	Hessen	1406	1259.52883492636	2.58808376376593	nein
2022-08-21	Hessen	1439	1265.46543682063	3.04926020762258	nein
2022-08-28	Hessen	1437	1272.76201194665	2.88106026430502	nein
2022-09-04	Hessen	1390	1281.3406092831	1.91268257069505	nein
2022-09-11	Hessen	1349	1291.1063280471	1.02164403712992	nein
2022-09-18	Hessen	1311	1301.94744468362	0.160062783512262	nein
2022-09-25	Hessen	1346	1313.7357262309	0.566231642549663	nein
2022-10-02	Hessen	1416	1326.32699343881	1.55529587253014	nein
2022-10-09	Hessen	1413	1339.56199629989	1.26988909164538	nein
2022-10-16	Hessen	1563	1353.26765959915	3.55233326237317	nein
2022-10-23	Hessen	1611	1367.25874632041	4.09255029061568	nein
2022-10-30	Hessen	1569	1381.33997212811	3.15447811789448	nein
2022-11-06	Hessen	1479	1395.3085848609	1.41624328474792	nein
2022-11-13	Hessen	1436	1408.95739960618	0.458368273643501	nein
2022-11-20	Hessen	1474	1422.07825347919	0.873426129111621	nein
2022-11-27	Hessen	1499	1434.46581614102	1.07929698028433	nein
2022-12-04	Hessen	1568	1445.92166416355	2.02064617139549	nein
2022-12-11	Hessen	1685	1456.25850165637	3.73050746111755	nein
2022-12-18	Hessen	1775	1465.30438828453	4.99463017710391	nein
2022-12-25	Hessen	2002	1472.90682099924	8.3374409664252	nein
2023-01-01	Hessen	1786	1478.9365092283	4.93133001954853	nein
2023-01-08	Hessen	1700	1483.29068614504	3.50680621804339	nein
2023-01-15	Hessen	1533	1485.89581145278	0.775334171070045	nein
2023-01-22	Hessen	1515	1486.70954355957	0.466493456000725	nein
2023-01-29	Hessen	1449	1485.72188988951	-0.610167296263819	nein
2023-02-05	Hessen	1460	1482.95548141468	-0.381191656079003	nein
2023-02-12	Hessen	1423	1478.46495870358	-0.925918450286869	nein
2023-02-19	Hessen	1465	1472.33549890099	-0.1220425070773	nein
2023-02-26	Hessen	1523	1464.6805530218	0.9657059323322	nein
2023-03-05	Hessen	1581	1455.63889791309	2.06707358544677	nein
2023-03-12	Hessen	1556	1445.3711348576	1.83349546473672	nein
2023-03-19	Hessen	1571	1434.05578539799	2.27193798786708	nein
2023-03-26	Hessen	1544	1421.88514372405	2.03775821120753	nein
2023-04-02	Hessen	1439	1409.06104390357	0.507131843633629	nein
2023-04-09	Hessen	1422	1395.79069016652	0.446269115547196	nein
2023-04-16	Hessen	1445	1382.28268082643	1.06852205468861	nein
2023-04-23	Hessen	1395	1368.74333315093	0.451490493204454	nein
2023-04-30	Hessen	1335	1355.37338970977	-0.354077169992768	nein
2023-05-07	Hessen	1322	1342.36515858039	-0.355668995172602	nein
2023-05-14	Hessen	1353	1329.90011225282	0.403141644274121	nein
2023-05-21	Hessen	1290	1318.14694480558	-0.496625982462846	nein
2023-05-28	Hessen	1311	1307.26006518307	0.0659952560195236	nein
2023-06-04	Hessen	1251	1297.3784870201	-0.826902158336205	nein
2023-06-11	Hessen	1380	1288.62506284449	1.60627091597552	nein
2023-06-18	Hessen	1306	1281.10602490557	0.442564415131626	nein
2023-06-25	Hessen	1299	1274.91079080051	0.42934404341097	nein
2023-07-02	Hessen	1152	1270.11179480049	-2.14996553551567	nein
2023-07-09	Hessen	1230	1266.76446685871	-0.662676298833234	nein
2023-07-16	Hessen	1277	1264.90728499702	0.216725444178133	nein
2023-07-23	Hessen	1216	1264.56183785142	-0.877515935144614	nein
2023-07-30	Hessen	1206	1265.73286806367	-1.08052157274995	nein
2023-08-06	Hessen	1163	1268.40827975829	-1.9167602350506	nein
2023-08-13	Hessen	1318	1272.55910651986	0.808491091081694	nein
2023-08-20	Hessen	1355	1278.13944959391	1.3591618285	nein
2023-08-27	Hessen	1261	1285.08640899445	-0.430314211419313	nein
2023-09-03	Hessen	1184	1293.32004230958	-1.9690989585359	nein
2023-09-10	Hessen	1265	1302.74339671923	-0.670852874029747	nein
2023-09-17	Hessen	1229	1313.24266849377	-1.50036430993504	nein
2023-09-24	Hessen	1193	1324.68755040749	-2.34974895163304	nein
2023-10-01	Hessen	1295	1336.93183043903	-0.735917497371302	nein
2023-10-08	Hessen	1278	1349.81430422847	-1.25898294908683	nein
2023-10-15	Hessen	1363	1363.16005849064	-0.00276697021691073	nein
2023-10-22	Hessen	1460	1376.7821725825	1.41729752846407	nein
2023-10-29	Hessen	1503	1390.48387056786	1.90048987760869	nein
2023-11-05	Hessen	1516	1404.06113662385	1.88178007496744	nein
2023-11-12	Hessen	1440	1417.30578308738	0.38360866960863	nein
2023-11-19	Hessen	1450	1430.0089338761	0.336498117211411	nein
2023-11-26	Hessen	1431	1441.964857889	-0.184445284554554	nein
2023-12-03	Hessen	1586	1452.97505911952	2.19354099706228	nein
2023-12-10	Hessen	1634	1462.85250467821	2.80137928243331	nein
2023-12-17	Hessen	1659	1471.42585089602	3.05622967895992	nein
2023-12-24	Hessen	1667	1478.5435132283	3.06310074877998	nein
2023-12-31	Hessen	1612	1484.07741953807	2.08858055640625	nein
2024-01-07	Hessen	1564	1487.9262896916	1.24736214810104	nein
2024-01-14	Hessen	1547	1490.0182977192	0.935612752814211	nein
2024-01-21	Hessen	1531	1490.31299571028	0.669204050609907	nein
2024-01-28	Hessen	1469	1488.80240990502	-0.328082992133134	nein
2024-02-04	Hessen	1558	1485.51125710932	1.19015285991097	nein
2024-02-11	Hessen	1453	1480.49627097979	-0.457294193433865	nein
2024-02-18	Hessen	1488	1473.84466991493	0.234860002785037	nein
2024-02-25	Hessen	1390	1465.67183818514	-1.27224867429964	nein
2024-03-03	Hessen	1360	1456.1183267024	-1.62552637506987	nein
2024-03-10	Hessen	1435	1445.34630713002	-0.173881645378768	nein
2024-03-17	Hessen	1373	1433.53563123593	-1.02776023146649	nein
2024-03-24	Hessen	1335	1420.87965569928	-1.469305017397	nein
2024-03-31	Hessen	1353	1407.58099104915	-0.934810730192318	nein
2024-04-07	Hessen	1326	1393.84732289204	-1.16984461740933	nein
2024-04-14	Hessen	1286	1379.8874355586	-1.63265547689927	nein
2024-04-21	Hessen	1244	1365.90754470067	-2.13893334769697	nein
2024-04-28	Hessen	1325	1352.10801834541	-0.47237807156753	nein
2024-05-05	Hessen	1316	1338.68053761811	-0.397026542435871	nein
2024-05-12	Hessen	1323	1325.80572074992	-0.0492335158161357	nein
2024-05-19	Hessen	1346	1313.65120874182	0.567785160510309	nein
2024-05-26	Hessen	1268	1302.37018940684	-0.611087615985275	nein
2024-06-02	Hessen	1251	1292.1003192704	-0.734364247553269	nein
2024-06-09	Hessen	1223	1282.96299036875	-1.07801751743184	nein
2024-06-16	Hessen	1243	1275.06288137845	-0.576106185400209	nein
2024-06-23	Hessen	1307	1268.48772948094	0.687432353766449	nein
2024-06-30	Hessen	1351	1263.30826045469	1.55871244966382	nein
2024-07-07	Hessen	1219	1259.57821911047	-0.734547621688904	nein
2024-07-14	Hessen	1272	1257.3344497079	0.263770025281505	nein
2024-07-21	Hessen	1263	1256.59698577519	0.115324736996854	nein
2024-07-28	Hessen	1212	1257.36912019491	-0.822598836858385	nein
2024-08-04	Hessen	1293	1259.63743895641	0.598075543894988	nein
2024-08-11	Hessen	1229	1263.37181509559	-0.620793261305	nein
2024-08-18	Hessen	1331	1268.52537255755	1.11191503066048	nein
2024-08-25	Hessen	1181	1275.03444254977	-1.70423101204116	nein
2024-09-01	Hessen	1305	1282.81854690779	0.394612791573996	nein
2024-09-08	Hessen	1368	1291.78045354514	1.3420976880978	nein
2024-09-15	Hessen	1218	1301.8063576323	-1.50055886416435	nein
2024-09-22	Hessen	1388	1312.76624813827	1.3143445988001	nein
2024-09-29	Hessen	1394	1324.51452214721	1.20939102104743	nein
2024-10-06	Hessen	1334	1336.89090833613	-0.0505289285970056	nein
2024-10-13	Hessen	1361	1349.72175565546	0.195829510183592	nein
2024-10-20	Hessen	1442	1362.82173324504	1.35703033335278	nein
2024-10-27	Hessen	1387	1375.99597283669	0.189211243381868	nein
2024-11-03	Hessen	1392	1389.04266555887	0.050655418054974	nein
2024-11-10	Hessen	1415	1401.75610177166	0.225522813007585	nein
2024-11-17	Hessen	1484	1413.9301163479	1.18015932160674	nein
2024-11-24	Hessen	1464	1425.36187411993	0.650451095541909	nein
2024-12-01	Hessen	1492	1435.85590283435	0.939768888633966	nein
2024-12-08	Hessen	1528	1445.22825594848	1.37682251896215	nein
2024-12-15	Hessen	1475	1453.31066710222	0.362231876059168	nein
2024-12-22	Hessen	1569	1459.95454412996	1.79944915107747	nein
2024-12-29	Hessen	1426	1465.03464473305	-0.653765040806058	nein
2025-01-05	Hessen	1520	1468.45227956391	0.853504406529714	nein
2025-01-12	Hessen	1525	1470.13790191303	0.907524618180904	nein
2025-01-19	Hessen	1637	1470.0529660551	2.72862015595293	nein
2025-01-26	Hessen	1661	1468.19096737209	3.14481454688193	nein
2025-02-02	Hessen	1635	1464.57761463518	2.7895953180475	nein
2025-02-09	Hessen	1631	1459.27012570302	2.81568378775082	nein
2025-02-16	Hessen	1665	1452.35567943227	3.47977674438423	nein
2025-02-23	Hessen	1705	1443.94909578462	4.26273062963411	nein
2025-03-02	Hessen	1621	1434.18985016778	3.08435883744265	nein
2025-03-09	Hessen	1557	1423.23855467978	2.22960915226089	nein
2025-03-16	Hessen	1503	1411.27305655286	1.54259713744752	nein
2025-03-23	Hessen	1430	1398.48431195294	0.536140090468987	nein
2025-03-30	Hessen	1429	1385.07219146575	0.749842946469633	nein
2025-04-06	Hessen	1309	1371.24136294567	-1.08177301598124	nein
2025-04-13	Hessen	1355	1357.19737940315	-0.0381073000931609	nein
2025-04-20	Hessen	1335	1343.14307617299	-0.142071030900869	nein
2025-04-27	Hessen	1246	1329.27535486318	-1.47474071841746	nein
2025-05-04	Hessen	1370	1315.78240365365	0.948415829812609	nein
2025-05-11	Hessen	1186	1302.84137633315	-2.10025919714494	nein
2025-05-18	Hessen	1226	1290.61652764746	-1.1589422543325	nein
2025-05-25	Hessen	1309	1279.25778129938	0.529252427965572	nein
2025-06-01	Hessen	1337	1268.89969007615	1.21079137741504	nein
2025-06-08	Hessen	1292	1259.66073546092	0.579710824996341	nein
2025-06-15	Hessen	1241	1251.64290672932	-0.192480523563535	nein
2025-06-22	Hessen	1256	1244.93149667932	0.200133657700199	nein
2025-06-29	Hessen	1288	1239.59505233029	0.872770166955911	nein
2025-07-06	Hessen	1286	1235.68542357569	0.908364922776279	nein
2025-07-13	Hessen	1186	1233.23786025241	-0.864942746802684	nein
2025-07-20	Hessen	1244	1232.27111776886	0.213110435376384	nein
2025-07-27	Hessen	1191	1232.7875427162	-0.764625359764736	nein
2025-08-03	Hessen	1145	1234.77312222218	-1.65230325726063	nein
2025-08-10	Hessen	1242	1238.19749368903	0.0689837564182792	nein
2025-08-17	Hessen	1296	1243.01392450932	0.953094354818948	nein
2025-08-24	Hessen	1115	1249.15928390793	-2.46949420477374	nein
2025-08-31	Hessen	1238	1256.55404073415	-0.335018604877324	nein
2025-09-07	Hessen	1208	1265.10233130959	-1.03275358154038	nein
2025-09-14	Hessen	1134	1274.69214977062	-2.5639512106772	nein
2025-09-21	Hessen	1295	1285.19571913673	0.174308616783542	nein
2025-09-28	Hessen	1232	1296.47010398253	-1.15212188357042	nein
2025-10-05	Hessen	1272	1308.35812451297	-0.644223251002505	nein
2025-10-12	Hessen	1328	1320.68962654615	0.128177194166643	nein
2025-10-19	Hessen	1283	1333.28315206009	-0.883691698339121	nein
2025-10-26	Hessen	1364	1345.94804046461	0.312976855845042	nein
2025-11-02	Hessen	1333	1358.48697183386	-0.442099229157152	nein
2025-11-09	Hessen	1317	1370.69894057633	-0.930306217589416	nein
2025-11-16	Hessen	1348	1382.38262243321	-0.591546722595603	nein
2025-11-23	Hessen	1312	1393.34007069597	-1.40163792498075	nein
2025-11-30	Hessen	1485	1403.38065087945	1.37411220965658	nein
2025-12-07	Hessen	1448	1412.32509877963	0.601766368786286	nein
2025-12-14	Hessen	1356	1420.00956696809	-1.08935931751289	nein
2025-12-21	Hessen	1443	1426.2895112967	0.281004904615204	nein
2025-12-28	Hessen	1380	1431.04326354794	-0.863631303141211	nein
2026-01-04	Hessen	1551	1434.17514007985	1.93661164149817	nein
2026-01-11	Hessen	1697	1435.61794958997	4.26436657791232	nein
2026-01-18	Hessen	1684	1435.33478557187	4.0622133560395	nein
2026-01-25	Hessen	1559	1433.32001945026	2.08139842004539	nein
2026-02-01	Hessen	1635	1429.59944680129	3.37669461057731	nein
2026-02-08	Hessen	1529	1424.22957895977	1.74439830642342	nein
2026-02-15	Hessen	1443	1417.29611280635	0.432860786477621	nein
2026-02-22	Hessen	1420	1408.91164967841	0.187606021693811	nein
2026-03-01	Hessen	1427	1399.21276744846	0.47084484666232	nein
2026-03-08	Hessen	1295	1388.3565756434	-1.61176762599727	nein
2026-03-15	Hessen	1262	1376.51690050392	-1.99125964296856	nein
2026-03-22	Hessen	1284	1363.88025437648	-1.38944872125853	nein
2026-03-29	Hessen	1333	1350.64174188199	-0.305986533261236	nein
2026-04-05	Hessen	1344	1337.00104476376	0.121644055279899	nein
2026-04-12	Hessen	1293	1323.15860963554	-0.529406483413632	nein
2026-04-19	Hessen	1340	1309.31213990251	0.537400973150172	nein
2026-04-26	Hessen	1243	1295.65346698659	-0.936947679014005	nein
2026-05-03	Hessen	1281	1282.3658487214	-0.024267635899854	nein
2026-05-10	Hessen	1291	1269.62171627787	0.38060901818307	nein
2026-05-17	Hessen	1234	1257.58086681077	-0.424334544933173	nein
2026-05-24	Hessen	1294	1246.38907835927	0.852493503121633	nein
2026-05-31	Hessen	1263	1236.17710715059	0.483534861755285	nein
2026-06-07	Hessen	1166	1227.06001570683	-1.11811959705625	nein
2026-06-14	Hessen	1286	1219.13677305275	1.20706637890065	nein
2026-06-21	Hessen	1300	1212.49006560647	1.57960510052989	nein
2026-06-28	Hessen	1969	1207.18625855219	12.7798423013674	nein
2026-07-05	Hessen	1818	1203.27545207497	10.4769842233321	nein
2026-07-12	Hessen	1330	1200.79158416625	2.32974107472187	nein
2026-07-19	Hessen	1290	1199.75254116973	1.63593110463429	nein
2026-07-26	Hessen	1248	1200.16024824832	0.871804283549909	nein
2026-08-02	Hessen	1239	1202.00072397845	0.674586114781697	nein
2026-08-09	Hessen	1321	1205.24409582538	2.08535002081659	nein
2026-08-16	Hessen	1224	1209.84458585914	0.257926094093811	ja
2026-08-23	Hessen	1135	1215.74048828233	-1.48680022822287	ja
2026-08-30	Hessen	1150	1222.85417168924	-1.33565256616945	ja
2026-09-06	Hessen	1123	1231.09214896374	-1.98420380311147	ja
2026-09-13	Hessen	1227	1240.34526581148	-0.240740883092241	ja
2026-09-20	Hessen	1179	1250.48906453728	-1.29410418573371	ja
2026-09-27	Hessen	1224	1261.38438223398	-0.670347736776314	ja
2016-10-09	Hamburg	304	323.66447734955	-0.954432669636437	nein
2016-10-16	Hamburg	355	326.672255499132	1.33582009803855	nein
2016-10-23	Hamburg	351	329.795295193084	0.998860446132288	nein
2016-10-30	Hamburg	346	332.989953829249	0.612459602784665	nein
2016-11-06	Hamburg	330	336.210260466651	-0.293770396758775	nein
2016-11-13	Hamburg	333	339.408517982529	-0.301773279712915	nein
2016-11-20	Hamburg	369	342.536008897999	1.22128152842824	nein
2016-11-27	Hamburg	311	345.543796768884	-1.63542858089337	nein
2016-12-04	Hamburg	347	348.383608681329	-0.0641676466367138	nein
2016-12-11	Hamburg	367	351.008778061785	0.732932309822904	nein
2016-12-18	Hamburg	363	353.37522117071	0.441009699157507	nein
2016-12-25	Hamburg	361	355.442415785828	0.254417247649356	nein
2017-01-01	Hamburg	379	357.174347160259	0.989494942908339	nein
2017-01-08	Hamburg	379	358.540384759907	0.926493863766958	nein
2017-01-15	Hamburg	420	359.516053822463	2.68902522489324	nein
2017-01-22	Hamburg	406	360.083668559059	2.05257724617819	nein
2017-01-29	Hamburg	419	360.232798776941	2.61275833915289	nein
2017-02-05	Hamburg	429	359.960548584849	3.05806067871672	nein
2017-02-12	Hamburg	383	359.27163422215	1.07260127938322	nein
2017-02-19	Hamburg	423	358.178257356629	2.88386910147073	nein
2017-02-26	Hamburg	407	356.699779762945	2.25627269162544	nein
2017-03-05	Hamburg	402	354.862214437364	2.12289638241001	nein
2017-03-12	Hamburg	350	352.697556278832	-0.12464570190991	nein
2017-03-19	Hamburg	357	350.242981929071	0.311973266758588	nein
2017-03-26	Hamburg	327	347.539952824585	-0.964905772122813	nein
2017-04-02	Hamburg	366	344.633257762522	0.988022762670703	nein
2017-04-09	Hamburg	327	341.570031302931	-0.688709066192219	nein
2017-04-16	Hamburg	314	338.398782283843	-1.16485838889662	nein
2017-04-23	Hamburg	358	335.168462923595	1.07010784667658	nein
2017-04-30	Hamburg	324	331.927603844706	-0.379121191258686	nein
2017-05-07	Hamburg	338	328.723534350853	0.442010860633121	nein
2017-05-14	Hamburg	295	325.601700908459	-1.49626222577386	nein
2017-05-21	Hamburg	321	322.605090479026	-0.0776520224985455	nein
2017-05-28	Hamburg	322	319.7737595039	0.107979752568167	nein
2017-06-04	Hamburg	320	317.144464258621	0.139048900358657	nein
2017-06-11	Hamburg	313	314.750384172611	-0.0857774870013233	nein
2017-06-18	Hamburg	267	312.620926660735	-2.29986381936022	nein
2017-06-25	Hamburg	306	310.781600061321	-0.236266759850371	nein
2017-07-02	Hamburg	305	309.253940377704	-0.210682182639693	nein
2017-07-09	Hamburg	336	308.055477584309	1.36354561569614	nein
2017-07-16	Hamburg	291	307.199728159042	-0.810571061460482	nein
2017-07-23	Hamburg	337	306.696202100708	1.48043005360968	nein
2017-07-30	Hamburg	312	306.550414839138	0.269798710984404	nein
2017-08-06	Hamburg	319	306.763897007129	0.603463112947492	nein
2017-08-13	Hamburg	330	307.334197886244	1.11088554188299	nein
2017-08-20	Hamburg	325	308.254881340859	0.822107538421549	nein
2017-08-27	Hamburg	319	309.51551610078	0.466526733330065	nein
2017-09-03	Hamburg	328	311.101665228368	0.825994712444129	nein
2017-09-10	Hamburg	309	312.994882394575	-0.196854578716473	nein
2017-09-17	Hamburg	290	315.172725065882	-1.25063680406476	nein
2017-09-24	Hamburg	306	317.608796737981	-0.570264735109148	nein
2017-10-01	Hamburg	297	320.272831801525	-1.14571792399719	nein
2017-10-08	Hamburg	320	323.130837346381	-0.15180533499187	nein
2017-10-15	Hamburg	303	326.145306065908	-1.12892616137109	nein
2017-10-22	Hamburg	303	329.275513293124	-1.27753939277088	nein
2017-10-29	Hamburg	356	332.477909003573	1.1098558143246	nein
2017-11-05	Hamburg	285	335.706612326298	-2.47368524504414	nein
2017-11-12	Hamburg	315	338.914011757831	-1.14428228577628	nein
2017-11-19	Hamburg	371	342.05146900413	1.34375348334373	nein
2017-11-26	Hamburg	336	345.070118406906	-0.426840592940004	nein
2017-12-03	Hamburg	357	347.921747563232	0.421768279046938	nein
2017-12-10	Hamburg	309	350.559738423676	-1.97217776419532	nein
2017-12-17	Hamburg	360	352.940042316234	0.325980084577456	nein
2017-12-24	Hamburg	366	355.022157477452	0.504486879281307	nein
2017-12-31	Hamburg	335	356.770074243981	-1.01357547219109	nein
2018-01-07	Hamburg	350	358.153151464232	-0.376380127036412	nein
2018-01-14	Hamburg	344	359.14688821048	-0.700593251773324	nein
2018-01-21	Hamburg	388	359.733557629393	1.28066092175578	nein
2018-01-28	Hamburg	377	359.902674703043	0.778309896129037	nein
2018-02-04	Hamburg	394	359.651276551624	1.55237867244789	nein
2018-02-11	Hamburg	369	358.984002265558	0.458027191114929	nein
2018-02-18	Hamburg	399	357.912968538247	1.85604959127301	nein
2018-02-25	Hamburg	426	356.457446922009	3.11037667766358	nein
2018-03-04	Hamburg	432	354.643357662903	3.45736135134647	nein
2018-03-11	Hamburg	427	352.50260314032	3.34319788662267	nein
2018-03-18	Hamburg	460	350.072270401883	4.87973449356001	nein
2018-03-25	Hamburg	406	347.393736752159	2.66638907235446	nein
2018-04-01	Hamburg	418	344.511714615598	3.33579274899833	nein
2018-04-08	Hamburg	365	341.473271931146	1.09648944726435	nein
2018-04-15	Hamburg	353	338.326862308571	0.689899018931545	nein
2018-04-22	Hamburg	344	335.121395393885	0.420627375574318	nein
2018-04-29	Hamburg	273	331.905372769799	-2.90729428846459	nein
2018-05-06	Hamburg	336	328.726108730972	0.348233479477422	nein
2018-05-13	Hamburg	342	325.629048907551	0.783920175214205	nein
2018-05-20	Hamburg	318	322.657193415316	-0.226443468447903	nein
2018-05-27	Hamburg	319	319.850625372813	-0.0414603156192027	nein
2018-06-03	Hamburg	343	317.246140544181	1.24344140026348	nein
2018-06-10	Hamburg	310	314.876969744495	-0.240111934789629	nein
2018-06-17	Hamburg	317	312.772582592035	0.20782924179503	nein
2018-06-24	Hamburg	306	310.95855923463	-0.245694595907427	nein
2018-07-01	Hamburg	320	309.456515772995	0.519383249792145	nein
2018-07-08	Hamburg	323	308.284069160627	0.724708295766144	nein
2018-07-15	Hamburg	289	307.454828253299	-0.926651746322554	nein
2018-07-22	Hamburg	295	306.978399271522	-0.599750945221596	nein
2018-07-29	Hamburg	350	306.860396082934	2.09882581517941	nein
2018-08-05	Hamburg	414	307.102448269294	5.04754290974494	nein
2018-08-12	Hamburg	341	307.70220278397	1.62584167946229	nein
2018-08-19	Hamburg	328	308.653318008821	0.949960176005179	nein
2018-08-26	Hamburg	331	309.945452068321	1.03079763455812	nein
2018-09-02	Hamburg	299	311.564250240047	-0.624585974036668	nein
2018-09-09	Hamburg	305	313.491339097087	-0.419859869435099	nein
2018-09-16	Hamburg	291	315.704337505869	-1.22804964819223	nein
2018-09-23	Hamburg	312	318.176896648844	-0.302754471647519	nein
2018-09-30	Hamburg	306	320.878782704378	-0.729515102579518	nein
2018-10-07	Hamburg	315	323.776016551227	-0.426933522278929	nein
2018-10-14	Hamburg	330	326.831084733519	0.152485915743472	nein
2018-10-21	Hamburg	305	330.003234804367	-1.21487192511911	nein
2018-10-28	Hamburg	332	333.248865978086	-0.0596382379306667	nein
2018-11-04	Hamburg	300	336.522022732426	-1.76733191301119	nein
2018-11-11	Hamburg	348	339.774994654962	0.387127125171024	nein
2018-11-18	Hamburg	347	342.95902055072	0.189682464230682	nein
2018-11-25	Hamburg	405	346.025088845167	2.68808931870032	nein
2018-12-02	Hamburg	370	348.924819947475	0.972870960288989	nein
2018-12-09	Hamburg	351	351.611409886485	-0.0283998546275092	nein
2018-12-16	Hamburg	362	354.040608659194	0.366935580684112	nein
2018-12-23	Hamburg	374	356.171701826822	0.815710269682324	nein
2018-12-30	Hamburg	363	357.968460424808	0.230966807639834	nein
2019-01-06	Hamburg	353	359.400022619904	-0.294744785146335	nein
2019-01-13	Hamburg	355	360.441671032843	-0.250120042340244	nein
2019-01-20	Hamburg	356	361.075472374396	-0.233034250388892	nein
2019-01-27	Hamburg	370	361.29075095817	0.397221965470369	nein
2019-02-03	Hamburg	374	361.084374505909	0.588116632495233	nein
2019-02-10	Hamburg	383	360.460839023394	1.02280878301233	nein
2019-02-17	Hamburg	348	359.432148827291	-0.527681291089819	nein
2019-02-24	Hamburg	350	358.017497384731	-0.370220052284044	nein
2019-03-03	Hamburg	384	356.242763800159	1.26408237112386	nein
2019-03-10	Hamburg	386	354.139847900119	1.45256151927659	nein
2019-03-17	Hamburg	388	351.745873380239	1.65522572065282	nein
2019-03-24	Hamburg	317	349.102292994905	-1.51980935050025	nein
2019-03-31	Hamburg	346	346.253932076053	-0.0118834931975041	nein
2019-04-07	Hamburg	361	343.248006741709	0.827310533483494	nein
2019-04-14	Hamburg	326	340.133151155276	-0.672044921726644	nein
2019-04-21	Hamburg	365	336.95848443148	1.3125638732557	nein
2019-04-28	Hamburg	332	333.772742670005	-0.0845839887328312	nein
2019-05-05	Hamburg	330	330.623495608263	-0.0298750344344123	nein
2019-05-12	Hamburg	308	327.556461005997	-0.950801494588118	nein
2019-05-19	Hamburg	369	324.614923559722	2.09967772720942	nein
2019-05-26	Hamburg	346	321.839259282523	1.15891909711116	nein
2019-06-02	Hamburg	280	319.266561175703	-1.95585651914703	nein
2019-06-09	Hamburg	343	316.930357868937	1.25875294152106	nein
2019-06-16	Hamburg	304	314.860413826307	-0.536280417241435	nein
2019-06-23	Hamburg	275	313.082597734411	-1.91511007220947	nein
2019-06-30	Hamburg	333	311.618804764524	1.04339761174665	nein
2019-07-07	Hamburg	300	310.486918442405	-0.521405917679739	nein
2019-07-14	Hamburg	285	309.700798743269	-1.23952804792636	nein
2019-07-21	Hamburg	308	309.270284616025	-0.0629640441755654	nein
2019-07-28	Hamburg	336	309.201201286584	1.30907091511529	nein
2019-08-04	Hamburg	316	309.495365255677	0.32094425893117	nein
2019-08-11	Hamburg	293	310.150582761373	-0.856265651390166	nein
2019-08-18	Hamburg	322	311.160640498167	0.532153788047864	nein
2019-08-25	Hamburg	312	312.515290456945	-0.0253942240993541	nein
2019-09-01	Hamburg	332	314.200233758791	0.866505477790856	nein
2019-09-08	Hamburg	277	316.1971111826	-1.96171393272497	nein
2019-09-15	Hamburg	299	318.483510606741	-0.960692612600855	nein
2019-09-22	Hamburg	329	321.033003663639	0.385604620348636	nein
2019-09-29	Hamburg	310	323.815225400104	-0.673313195227175	nein
2019-10-06	Hamburg	326	326.796011498467	-0.0383524576300551	nein
2019-10-13	Hamburg	342	329.93760750295	0.574649319390855	nein
2019-10-20	Hamburg	360	333.198963389658	1.2615247408895	nein
2019-10-27	Hamburg	360	336.536124630597	1.1007070894859	nein
2019-11-03	Hamburg	285	339.902727599674	-2.66699563138061	nein
2019-11-10	Hamburg	329	343.25060279184	-0.674058101750155	nein
2019-11-17	Hamburg	364	346.530484003429	0.809835054350172	nein
2019-11-24	Hamburg	357	349.692815576574	0.338788659579723	nein
2019-12-01	Hamburg	327	352.688643364864	-1.20486808012359	nein
2019-12-08	Hamburg	365	355.470568637306	0.437701318570342	nein
2019-12-15	Hamburg	371	357.993738171305	0.59431188560686	nein
2019-12-22	Hamburg	318	360.216838786624	-1.97438502840542	nein
2019-12-29	Hamburg	327	362.103061016343	-1.63131842340149	nein
2020-01-05	Hamburg	344	363.620994904389	-0.903011877479033	nein
2020-01-12	Hamburg	378	364.745421351796	0.599893518315106	nein
2020-01-19	Hamburg	344	365.457965136848	-0.985842584980834	nein
2020-01-26	Hamburg	340	365.747580653342	-1.18487942564642	nein
2020-02-02	Hamburg	370	365.610848298724	0.199212256659442	nein
2020-02-09	Hamburg	369	365.052067871388	0.179367077093816	nein
2020-02-16	Hamburg	342	364.083139033941	-1.01696956273318	nein
2020-02-23	Hamburg	351	362.723228762517	-0.538292874785087	nein
2020-03-01	Hamburg	339	360.998286207008	-1.01760486310249	nein
2020-03-08	Hamburg	364	358.940381979167	0.231775498184127	nein
2020-03-15	Hamburg	350	356.586907206729	-0.304416853725601	nein
2020-03-22	Hamburg	355	353.979672301365	0.0471645415489967	nein
2020-03-29	Hamburg	370	351.163942064043	0.867061211865411	nein
2020-04-05	Hamburg	426	348.187443889606	3.5059791868251	nein
2020-04-12	Hamburg	394	345.099383868516	2.24025318560771	nein
2020-04-19	Hamburg	387	341.949501825477	2.07671381516151	nein
2020-04-26	Hamburg	377	338.787191200039	1.77504342399028	nein
2020-05-03	Hamburg	316	335.660703642267	-0.943703569513311	nein
2020-05-10	Hamburg	365	332.61645175774	1.52206128975483	nein
2020-05-17	Hamburg	312	329.698417049937	-0.856570296389601	nein
2020-05-24	Hamburg	331	326.94766416845	0.194771660373836	nein
2020-05-31	Hamburg	313	324.401957385485	-0.554615540097764	nein
2020-06-07	Hamburg	331	322.095471001314	0.430165559442218	nein
2020-06-14	Hamburg	302	320.058582237094	-0.887676239627119	nein
2020-06-21	Hamburg	339	318.317733141052	0.999082749928911	nein
2020-06-28	Hamburg	340	316.895347072154	1.11722128062933	nein
2020-07-05	Hamburg	308	315.809785343702	-0.384399096638492	nein
2020-07-12	Hamburg	301	315.075330484424	-0.695976202628671	nein
2020-07-19	Hamburg	317	314.702184166249	0.112693300405471	nein
2020-07-26	Hamburg	329	314.696470011821	0.697142769806852	nein
2020-08-02	Hamburg	316	315.060234090161	0.0460965648117097	nein
2020-08-09	Hamburg	328	315.791438803784	0.594652531440556	nein
2020-08-16	Hamburg	426	316.883948940834	5.0721905012241	nein
2020-08-23	Hamburg	350	318.327511793714	1.52172771171238	nein
2020-08-30	Hamburg	321	320.107736314133	0.0434192700388322	nein
2020-09-06	Hamburg	330	322.206079163508	0.376687117938983	nein
2020-09-13	Hamburg	317	324.599848098757	-0.36885287266256	nein
2020-09-20	Hamburg	319	327.262235268615	-0.399475445121501	nein
2020-09-27	Hamburg	288	330.162394537582	-2.06651840258894	nein
2020-10-04	Hamburg	311	333.26557775204	-1.07435807100847	nein
2020-10-11	Hamburg	314	336.533344770457	-1.08195049414849	nein
2020-10-18	Hamburg	337	339.92386096983	-0.138289672515912	nein
2020-10-25	Hamburg	340	343.392293723445	-0.159655720446523	nein
2020-11-01	Hamburg	314	346.891315985134	-1.56290181635716	nein
2020-11-08	Hamburg	331	350.371720651751	-0.909474904895591	nein
2020-11-15	Hamburg	359	353.783143937135	0.240850398274587	nein
2020-11-22	Hamburg	380	357.074889805443	1.04501899198948	nein
2020-11-29	Hamburg	384	360.196840906711	1.07992868605727	nein
2020-12-06	Hamburg	436	363.100434848003	3.22705232419971	nein
2020-12-13	Hamburg	393	365.739678498503	1.22556957911884	nein
2020-12-20	Hamburg	433	368.072167872945	2.86462182348776	nein
2020-12-27	Hamburg	404	370.060077453047	1.51271637779427	nein
2021-01-03	Hamburg	445	371.671081010215	3.2095117486486	nein
2021-01-10	Hamburg	450	372.879166384582	3.36531101152914	nein
2021-01-17	Hamburg	434	373.665309393707	2.64771383296718	nein
2021-01-24	Hamburg	463	374.017977037479	3.8598251905489	nein
2021-01-31	Hamburg	395	373.933437183812	0.939368828447496	nein
2021-02-07	Hamburg	414	373.415860527097	1.79617414958313	nein
2021-02-14	Hamburg	359	372.477210222404	-0.611505201829572	nein
2021-02-21	Hamburg	401	371.136924530974	1.3318023283343	nein
2021-02-28	Hamburg	340	369.421407353241	-1.35088104243222	nein
2021-03-07	Hamburg	349	367.363350000218	-0.841224346820561	nein
2021-03-14	Hamburg	358	365.000914391046	-0.320093075984147	nein
2021-03-21	Hamburg	328	362.376812647601	-1.59852428710901	nein
2021-03-28	Hamburg	332	359.537320557272	-1.28150821217342	nein
2021-04-04	Hamburg	332	356.531262561715	-1.1449728026641	nein
2021-04-11	Hamburg	309	353.409003958562	-2.10344558082857	nein
2021-04-18	Hamburg	342	350.221482187881	-0.384233500805966	nein
2021-04-25	Hamburg	360	347.019303841925	0.603380103383655	nein
2021-05-02	Hamburg	341	343.85192787522	-0.134193470357085	nein
2021-05-09	Hamburg	352	340.766948905112	0.527373281260379	nein
2021-05-16	Hamburg	331	337.809487951409	-0.323953147456942	nein
2021-05-23	Hamburg	316	335.021691872918	-0.914462116908425	nein
2021-05-30	Hamburg	319	332.442337434358	-0.646937291007708	nein
2021-06-06	Hamburg	360	330.106531596744	1.41315274729489	nein
2021-06-13	Hamburg	361	328.045496387896	1.56037393292093	nein
2021-06-20	Hamburg	381	326.286424609624	2.57124738273529	nein
2021-06-27	Hamburg	313	324.852391635677	-0.576708677714337	nein
2021-07-04	Hamburg	362	323.762308557968	1.81758243726345	nein
2021-07-11	Hamburg	291	323.030902822412	-1.58022700841796	nein
2021-07-18	Hamburg	343	322.668714116555	0.976449800205812	nein
2021-07-25	Hamburg	337	322.68209548135	0.689689173429595	nein
2021-08-01	Hamburg	343	323.073212274848	0.956618719643219	nein
2021-08-08	Hamburg	335	323.840034580597	0.537464569283014	nein
2021-08-15	Hamburg	339	324.976321800755	0.673241115361227	nein
2021-08-22	Hamburg	333	326.471601381991	0.313870086523516	nein
2021-08-29	Hamburg	349	328.311146770848	0.984977682559656	nein
2021-09-05	Hamburg	347	330.4759626605	0.785728828259967	nein
2021-09-12	Hamburg	372	332.942788240644	1.83076138215888	nein
2021-09-19	Hamburg	369	335.684131354286	1.55954356365089	nein
2021-09-26	Hamburg	317	338.668348047958	-1.03731754503223	nein
2021-10-03	Hamburg	361	341.859782819706	0.893836907278302	nein
2021-10-10	Hamburg	337	345.218984772195	-0.386982800919502	nein
2021-10-17	Hamburg	324	348.703013735985	-1.1666479803847	nein
2021-10-24	Hamburg	347	352.265848147699	-0.245043242991779	nein
2021-10-31	Hamburg	386	355.858903013097	1.37295492447741	nein
2021-11-07	Hamburg	380	359.431661696622	0.936231587183312	nein
2021-11-14	Hamburg	370	362.93241968905	0.322085978967591	nein
2021-11-21	Hamburg	359	366.309132148327	-0.333712367368382	nein
2021-11-28	Hamburg	390	369.510350222019	0.919863524454084	nein
2021-12-05	Hamburg	418	372.486224370122	2.01377580817513	nein
2021-12-12	Hamburg	440	375.189546606577	2.83529298602366	nein
2021-12-19	Hamburg	363	377.57679828744	-0.657400165727769	nein
2021-12-26	Hamburg	395	379.609166294802	0.683141224272908	nein
2022-01-02	Hamburg	448	381.25348862874	2.89514388383455	nein
2022-01-09	Hamburg	409	382.483090832389	1.16705380493301	nein
2022-01-16	Hamburg	396	383.27847747928	0.562559515824364	nein
2022-01-23	Hamburg	392	383.62784809356	0.37074160894243	nein
2022-01-30	Hamburg	429	383.527414094942	1.98323309681199	nein
2022-02-06	Hamburg	398	382.98150221275	0.66375081722594	nein
2022-02-13	Hamburg	380	382.00243969497	-0.0892660650011806	nein
2022-02-20	Hamburg	397	380.610226847017	0.726208061079668	nein
2022-02-27	Hamburg	328	378.832012238179	-2.32784432333126	nein
2022-03-06	Hamburg	360	376.701394618049	-0.754849800158511	nein
2022-03-13	Hamburg	359	374.257582604298	-0.691460076200073	nein
2022-03-20	Hamburg	397	371.544448109277	1.13719632433727	nein
2022-03-27	Hamburg	402	368.60951203197	1.49249893409012	nein
2022-04-03	Hamburg	348	365.502900922884	-0.803795778548763	nein
2022-04-10	Hamburg	382	362.276311293921	0.894501381093179	nein
2022-04-17	Hamburg	382	358.98201431565	1.04711564680707	nein
2022-04-24	Hamburg	350	355.671928259462	-0.262656220201675	nein
2022-05-01	Hamburg	324	352.396779705674	-1.33598257414015	nein
2022-05-08	Hamburg	388	349.205367767515	1.77641901396468	nein
2022-05-15	Hamburg	400	346.143938859278	2.46031063360716	nein
2022-05-22	Hamburg	313	343.255673280597	-1.44430675449887	nein
2022-05-29	Hamburg	365	340.580279422259	1.13931240525737	nein
2022-06-05	Hamburg	351	338.153686945084	0.60475917173216	nein
2022-06-12	Hamburg	324	336.007826964853	-0.57409468764201	nein
2022-06-19	Hamburg	329	334.170485125859	-0.247026655671503	nein
2022-06-26	Hamburg	363	332.665212422844	1.42761177659819	nein
2022-07-03	Hamburg	360	331.511278641176	1.3441519154272	nein
2022-07-10	Hamburg	330	330.72365419842	-0.0346745141383994	nein
2022-07-17	Hamburg	354	330.313007839205	1.12210006724028	nein
2022-07-24	Hamburg	373	330.28570990718	2.00545756451054	nein
2022-07-31	Hamburg	356	330.643833644458	1.19957595832769	nein
2022-08-07	Hamburg	365	331.385150010379	1.5823209117468	nein
2022-08-14	Hamburg	339	332.50311473666	0.309320248336651	nein
2022-08-21	Hamburg	379	333.986849619921	2.09968848641518	nein
2022-08-28	Hamburg	352	335.821123271769	0.76285875159451	nein
2022-09-04	Hamburg	341	337.986339573765	0.142548471337563	nein
2022-09-11	Hamburg	343	340.458544784454	0.119799123439503	nein
2022-09-18	Hamburg	370	343.209466472735	1.24344063851026	nein
2022-09-25	Hamburg	353	346.206599051548	0.316887539237265	nein
2022-10-02	Hamburg	363	349.41335149974	0.628832515159689	nein
2022-10-09	Hamburg	406	352.789272735878	2.40830754580227	nein
2022-10-16	Hamburg	376	356.290368913876	0.900851141784062	nein
2022-10-23	Hamburg	398	359.869524553503	1.7201795778039	nein
2022-10-30	Hamburg	386	363.477035864583	1.01794582311071	nein
2022-11-06	Hamburg	405	367.061259915485	1.69504136502852	nein
2022-11-13	Hamburg	378	370.569377572549	0.334802566201338	nein
2022-11-20	Hamburg	419	373.948261639338	1.98854995385361	nein
2022-11-27	Hamburg	446	377.145434699219	2.99783556183986	nein
2022-12-04	Hamburg	440	380.110094249197	2.6067491835007	nein
2022-12-11	Hamburg	431	382.794176310732	2.1006538401758	nein
2022-12-18	Hamburg	462	385.153423345529	3.30166402449783	nein
2022-12-25	Hamburg	516	387.14841850165	5.41898697743471	nein
2023-01-01	Hamburg	510	388.745546404158	5.1031211873519	nein
2023-01-08	Hamburg	512	389.9178411951	5.12911606659159	nein
2023-01-15	Hamburg	402	390.645685459566	0.497173611781632	nein
2023-01-22	Hamburg	341	390.917328987739	-2.24501644962474	nein
2023-01-29	Hamburg	400	390.729203748981	0.406239092146965	nein
2023-02-05	Hamburg	426	390.086020530916	1.55789487203626	nein
2023-02-12	Hamburg	401	389.000642805697	0.526369150598921	nein
2023-02-19	Hamburg	354	387.493743809156	-1.50183561140949	nein
2023-02-26	Hamburg	369	385.593262807842	-0.740251981707846	nein
2023-03-05	Hamburg	382	383.333685378077	-0.059277175105575	nein
2023-03-12	Hamburg	413	380.755179634436	1.41769332405173	nein
2023-03-19	Hamburg	394	377.902625290498	0.71523889986747	nein
2023-03-26	Hamburg	355	374.824574978408	-0.898761692555325	nein
2023-04-02	Hamburg	392	371.572187369461	0.913644127922295	nein
2023-04-09	Hamburg	394	368.198169495458	1.15656013319403	nein
2023-04-16	Hamburg	418	364.755761603449	2.37004180653259	nein
2023-04-23	Hamburg	363	361.297792335758	0.0778569570927815	nein
2023-04-30	Hamburg	366	357.875825529067	0.372274781476439	nein
2023-05-07	Hamburg	371	354.539412999095	0.754932230490003	nein
2023-05-14	Hamburg	376	351.335460814451	1.13206924313137	nein
2023-05-21	Hamburg	371	348.307710187737	1.0469402265591	nein
2023-05-28	Hamburg	345	345.496328552665	-0.0232433345350909	nein
2023-06-04	Hamburg	344	342.937601877596	0.0499015343960197	nein
2023-06-11	Hamburg	375	340.663715910843	1.59299537887938	nein
2023-06-18	Hamburg	360	338.702618128135	0.996876919134208	nein
2023-06-25	Hamburg	361	337.077950901962	1.12100149697328	nein
2023-07-02	Hamburg	303	335.808990802115	-1.58478847390263	nein
2023-07-09	Hamburg	348	334.910630011144	0.61852762812052	nein
2023-07-16	Hamburg	299	334.393380385368	-1.71579186093272	nein
2023-07-23	Hamburg	319	334.263383396715	-0.732269797642262	nein
2023-07-30	Hamburg	294	334.52241828783	-1.96955753391181	nein
2023-08-06	Hamburg	322	335.167903867682	-0.630202813650302	nein
2023-08-13	Hamburg	327	336.192892647597	-0.43839816454791	nein
2023-08-20	Hamburg	352	337.586059340732	0.678045434272858	nein
2023-08-27	Hamburg	329	339.331688996207	-0.490680484552395	nein
2023-09-03	Hamburg	313	341.409673083636	-1.3575294091924	nein
2023-09-10	Hamburg	351	343.795524548516	0.337015399534192	nein
2023-09-17	Hamburg	341	346.460425077749	-0.256001245203549	nein
2023-09-24	Hamburg	356	349.371319392993	0.307683220366158	nein
2023-10-01	Hamburg	359	352.491072169753	0.300800218079709	nein
2023-10-08	Hamburg	349	355.778703011348	-0.313760875453028	nein
2023-10-15	Hamburg	334	359.189713659595	-1.1705885547397	nein
2023-10-22	Hamburg	348	362.676519208158	-0.675221442077746	nein
2023-10-29	Hamburg	405	366.18899146946	1.73497314855477	nein
2023-11-05	Hamburg	366	369.675117880123	-0.166586340118116	nein
2023-11-12	Hamburg	413	373.081773556316	1.76739718571232	nein
2023-11-19	Hamburg	389	376.355597576734	0.563887521726799	nein
2023-11-26	Hamburg	395	379.443957628091	0.690028488177622	nein
2023-12-03	Hamburg	422	382.295980237871	1.73708788479502	nein
2023-12-10	Hamburg	453	384.86361744784	2.93813042131626	nein
2023-12-17	Hamburg	427	387.102715481488	1.73468725935685	nein
2023-12-24	Hamburg	457	388.974047238369	2.91847934281923	nein
2023-12-31	Hamburg	439	390.444268740918	2.09505060653414	nein
2024-01-07	Hamburg	438	391.486760268844	2.00592028404566	nein
2024-01-14	Hamburg	378	392.082315974351	-0.622253260804961	nein
2024-01-21	Hamburg	453	392.219651208867	2.60444564599863	nein
2024-01-28	Hamburg	397	391.895704330947	0.223758003991982	nein
2024-02-04	Hamburg	382	391.115718934295	-0.402462615701423	nein
2024-02-11	Hamburg	401	389.893102608669	0.486956908562052	nein
2024-02-18	Hamburg	376	388.2490688016	-0.543626906230079	nein
2024-02-25	Hamburg	345	386.212078334711	-1.85836294715146	nein
2024-03-03	Hamburg	360	383.817105939787	-1.06891137400966	nein
2024-03-10	Hamburg	379	381.104764224871	-0.0938952922147667	nein
2024-03-17	Hamburg	372	378.120322333753	-0.274627747332316	nein
2024-03-24	Hamburg	339	374.912658997261	-1.64104694818568	nein
2024-03-31	Hamburg	373	371.533189674555	0.0661891795517554	nein
2024-04-07	Hamburg	333	368.034805225627	-1.61598308429076	nein
2024-04-14	Hamburg	341	364.470855383844	-1.08206864658877	nein
2024-04-21	Hamburg	328	360.894204667057	-1.53136658057859	nein
2024-04-28	Hamburg	314	357.35638179818	-2.03965798078279	nein
2024-05-05	Hamburg	343	353.906836731581	-0.507464851136186	nein
2024-05-12	Hamburg	321	350.592312493965	-1.39639882317966	nein
2024-05-19	Hamburg	377	347.456332669158	1.36143167514749	nein
2024-05-26	Hamburg	358	344.538799811041	0.627561880610397	nein
2024-06-02	Hamburg	323	341.87569557907	-0.897533773043116	nein
2024-06-09	Hamburg	316	339.498870073885	-1.12406537820675	nein
2024-06-16	Hamburg	343	337.435905733162	0.263120015881566	nein
2024-06-23	Hamburg	334	335.710040181587	-0.0813675123381994	nein
2024-06-30	Hamburg	369	334.340132511279	1.62392847123099	nein
2024-07-07	Hamburg	331	333.340658462678	-0.111811824089075	nein
2024-07-14	Hamburg	350	332.72172172641	0.8182103993312	nein
2024-07-21	Hamburg	362	332.489070935458	1.38986063186172	nein
2024-07-28	Hamburg	334	332.64411471103	0.0647219248151594	nein
2024-08-04	Hamburg	303	333.183930221058	-1.46330906672484	nein
2024-08-11	Hamburg	296	334.101263973457	-1.85242749552881	nein
2024-08-18	Hamburg	339	335.384526870497	0.171689028318992	nein
2024-08-25	Hamburg	320	337.017788771298	-0.814565901454842	nein
2024-09-01	Hamburg	334	338.980780819539	-0.23626650748068	nein
2024-09-08	Hamburg	371	341.248916458646	1.38344960003763	nein
2024-09-15	Hamburg	291	343.793344233302	-2.5487411464672	nein
2024-09-22	Hamburg	346	346.581047012604	-0.0271971918332186	nein
2024-09-29	Hamburg	310	349.575003012079	-1.88052240912367	nein
2024-10-06	Hamburg	316	352.734423791987	-1.73477376807702	nein
2024-10-13	Hamburg	371	356.015083142274	0.686986814605695	nein
2024-10-20	Hamburg	405	359.369748343927	2.05440813062165	nein
2024-10-27	Hamburg	352	362.748721695142	-0.49395798925648	nein
2024-11-03	Hamburg	368	366.100495459488	0.0863770002422499	nein
2024-11-10	Hamburg	383	369.372517676791	0.613681860406183	nein
2024-11-17	Hamburg	355	372.512059822921	-0.796317314048421	nein
2024-11-24	Hamburg	364	375.467170460845	-0.517874118276403	nein
2024-12-01	Hamburg	404	378.18769222966	1.14269732398312	nein
2024-12-08	Hamburg	371	380.62631327076	-0.431323907960469	nein
2024-12-15	Hamburg	392	382.739619014634	0.410349683143967	nein
2024-12-22	Hamburg	365	384.489106648112	-0.872515450811075	nein
2024-12-29	Hamburg	361	385.842122972993	-1.11280484347376	nein
2025-01-05	Hamburg	373	386.772687048008	-0.613123597571621	nein
2025-01-12	Hamburg	408	387.262162100959	0.909062491800411	nein
2025-01-19	Hamburg	417	387.299746632214	1.297079235667	nein
2025-01-26	Hamburg	414	386.882762124632	1.18615952474929	nein
2025-02-02	Hamburg	455	386.016723858876	2.97109106281497	nein
2025-02-09	Hamburg	465	384.715191386194	3.44864663833502	nein
2025-02-16	Hamburg	432	382.999405518265	2.13515819692671	nein
2025-02-23	Hamburg	424	380.897728515527	1.88771399049838	nein
2025-03-02	Hamburg	432	378.444912798655	2.34309474266855	nein
2025-03-09	Hamburg	444	375.681230392552	2.9821986815073	nein
2025-03-16	Hamburg	364	372.651500024108	-0.391697691414058	nein
2025-03-23	Hamburg	377	369.404051116886	0.342930468376749	nein
2025-03-30	Hamburg	384	365.989663846838	0.813157694301037	nein
2025-04-06	Hamburg	375	362.46052212485	0.570291685428632	nein
2025-04-13	Hamburg	369	358.869212195172	0.463558850558433	nein
2025-04-20	Hamburg	368	355.267793938397	0.584851097024853	nein
2025-04-27	Hamburg	305	351.706965458277	-2.22027006709308	nein
2025-05-04	Hamburg	323	348.235334637042	-1.19257703237613	nein
2025-05-11	Hamburg	318	344.898804549763	-1.27861599812872	nein
2025-05-18	Hamburg	341	341.74007334855	-0.0348848960827252	nein
2025-05-25	Hamburg	326	338.798243780395	-0.609555825679255	nein
2025-06-01	Hamburg	310	336.108533103428	-1.25717180532635	nein
2025-06-08	Hamburg	322	333.702070928177	-0.561329988786997	nein
2025-06-15	Hamburg	307	331.605770456274	-1.19208178056928	nein
2025-06-22	Hamburg	316	329.842257668797	-0.668635286564942	nein
2025-06-29	Hamburg	343	328.429843126858	0.695217520193391	nein
2025-07-06	Hamburg	316	327.382522051046	-0.551166083285335	nein
2025-07-13	Hamburg	293	326.709990090467	-1.65365266036961	nein
2025-07-20	Hamburg	316	326.417664519497	-0.504895407668471	nein
2025-07-27	Hamburg	287	326.506703359701	-1.94467319146336	nein
2025-08-03	Hamburg	315	326.974017974016	-0.580220645937082	nein
2025-08-10	Hamburg	331	327.812277888733	0.153057676023482	nein
2025-08-17	Hamburg	348	329.009909841635	0.902980999505744	nein
2025-08-24	Hamburg	316	330.551096210137	-0.701972420731097	nein
2025-08-31	Hamburg	331	332.415780917158	-0.0676426020914253	nein
2025-09-07	Hamburg	329	334.579693513878	-0.266242138938794	nein
2025-09-14	Hamburg	321	337.014404257362	-0.765293974244218	nein
2025-09-21	Hamburg	293	339.687424490094	-2.25797007502505	nein
2025-09-28	Hamburg	359	342.562367337486	0.766582475555011	nein
2025-10-05	Hamburg	415	345.599183525862	3.14718550590707	nein
2025-10-12	Hamburg	355	348.754485865885	0.289977330915173	nein
2025-10-19	Hamburg	329	351.98197356203	-1.07702200003132	nein
2025-10-26	Hamburg	354	355.232963972761	-0.056899587371084	nein
2025-11-02	Hamburg	367	358.457034809777	0.390614230189486	nein
2025-11-09	Hamburg	308	361.602774171308	-2.51418267507344	nein
2025-11-16	Hamburg	363	364.618629496709	-0.0736922366159443	nein
2025-11-23	Hamburg	383	367.453839849625	0.69948529689431	nein
2025-11-30	Hamburg	423	370.059429312676	2.33599475468873	nein
2025-12-07	Hamburg	383	372.38923319629	0.475105657097658	nein
2025-12-14	Hamburg	383	374.400923739065	0.384263899129445	nein
2025-12-21	Hamburg	368	376.056998493568	-0.361844681827842	nein
2025-12-28	Hamburg	367	377.325693060828	-0.463339911684705	nein
2026-01-04	Hamburg	382	378.181780544159	0.170041220201272	nein
2026-01-11	Hamburg	406	378.607223156325	1.20684402066331	nein
2026-01-18	Hamburg	423	378.591646757527	1.94265110480946	nein
2026-01-25	Hamburg	417	378.132616448837	1.70496404890001	nein
2026-02-01	Hamburg	443	377.235700235526	2.8569001505733	nein
2026-02-08	Hamburg	464	375.914317599337	3.7998080984535	nein
2026-02-15	Hamburg	462	374.189379879391	3.79638995587974	nein
2026-02-22	Hamburg	404	372.088738935944	1.41471466265583	nein
2026-03-01	Hamburg	362	369.646468984112	-0.346060552944062	nein
2026-03-08	Hamburg	383	366.902013172383	0.72352643233628	nein
2026-03-15	Hamburg	374	363.899231041125	0.457057907305757	nein
2026-03-22	Hamburg	345	360.685385220926	-0.721506054836343	nein
2026-03-29	Hamburg	368	357.310105611612	0.488015412951637	nein
2026-04-05	Hamburg	325	353.824367000652	-1.34766837402516	nein
2026-04-12	Hamburg	321	350.279511969332	-1.37641300328041	nein
2026-04-19	Hamburg	378	346.726345442225	1.43555045741545	nein
2026-04-26	Hamburg	343	343.214320863432	-0.0100343740179857	nein
2026-05-03	Hamburg	368	339.790831243202	1.30951507044126	nein
2026-05-10	Hamburg	342	336.500611684617	0.25929962170282	nein
2026-05-17	Hamburg	317	333.385253874835	-0.784777316940728	nein
2026-05-24	Hamburg	341	330.482827718643	0.499082654611286	nein
2026-05-31	Hamburg	334	327.827601011931	0.294698193151409	nein
2026-06-07	Hamburg	324	325.449844908085	-0.0697380751251455	nein
2026-06-14	Hamburg	345	323.375710942112	1.03130867828609	ja
2026-06-21	Hamburg	356	321.627164495514	1.6333038394993	ja
2026-06-28	Hamburg	366	320.221959707492	2.16774179069704	ja
2026-07-05	Hamburg	344	319.173641830632	1.18928669697723	ja
2026-07-12	Hamburg	339	318.49156474133	0.985424758721903	ja
2026-07-19	Hamburg	323	318.180913593439	0.233483455514108	ja
2026-07-26	Hamburg	301	318.24272530041	-0.845008253638965	ja
2026-08-02	Hamburg	328	318.67390250817	0.450267148213874	ja
2026-08-09	Hamburg	309	319.467219850206	-0.509865819054571	ja
2026-08-16	Hamburg	324	320.61132443664	0.163532803733742	ja
2026-08-23	Hamburg	291	322.09073560228	-1.52437617384494	ja
2016-10-09	Mecklenburg-Vorpommern	377	373.300184848991	0.177548968981466	nein
2016-10-16	Mecklenburg-Vorpommern	385	376.889684750124	0.386662937262829	nein
2016-10-23	Mecklenburg-Vorpommern	414	380.630990066372	1.56655691088655	nein
2016-10-30	Mecklenburg-Vorpommern	405	384.474727247942	0.964114299992958	nein
2016-11-06	Mecklenburg-Vorpommern	387	388.368544019328	-0.0645668551219477	nein
2016-11-13	Mecklenburg-Vorpommern	352	392.257762124578	-1.92286964687711	nein
2016-11-20	Mecklenburg-Vorpommern	403	396.086153499817	0.321943426872496	nein
2016-11-27	Mecklenburg-Vorpommern	374	399.796833107568	-1.21249942659459	nein
2016-12-04	Mecklenburg-Vorpommern	403	403.33325435684	-0.0154274470246864	nein
2016-12-11	Mecklenburg-Vorpommern	409	406.640285567707	0.108683241123123	nein
2016-12-18	Mecklenburg-Vorpommern	420	409.665338838225	0.472754522793018	nein
2016-12-25	Mecklenburg-Vorpommern	430	412.359516499068	0.802089005470695	nein
2017-01-01	Mecklenburg-Vorpommern	413	414.678735656926	-0.0767108462381774	nein
2017-01-08	Mecklenburg-Vorpommern	436	416.584788631302	0.877906344403221	nein
2017-01-15	Mecklenburg-Vorpommern	443	418.04629676343	1.12411274194905	nein
2017-01-22	Mecklenburg-Vorpommern	470	419.039517334919	2.27106155635254	nein
2017-01-29	Mecklenburg-Vorpommern	470	419.54896818633	2.24771534467067	nein
2017-02-05	Mecklenburg-Vorpommern	474	419.567841858716	2.42181138460077	nein
2017-02-12	Mecklenburg-Vorpommern	429	419.0981902655	0.448315465318893	nein
2017-02-19	Mecklenburg-Vorpommern	527	418.150871426222	4.76057924071141	nein
2017-02-26	Mecklenburg-Vorpommern	526	416.745260917572	4.78586272388728	nein
2017-03-05	Mecklenburg-Vorpommern	471	414.908741622454	2.50901182486033	nein
2017-03-12	Mecklenburg-Vorpommern	440	412.675995306251	1.23895604878455	nein
2017-03-19	Mecklenburg-Vorpommern	373	410.08812783756	-1.73237875537377	nein
2017-03-26	Mecklenburg-Vorpommern	385	407.191665973286	-1.03388023089412	nein
2017-04-02	Mecklenburg-Vorpommern	411	404.03746722184	0.321775212472356	nein
2017-04-09	Mecklenburg-Vorpommern	404	400.679585281675	0.154352181960369	nein
2017-04-16	Mecklenburg-Vorpommern	391	397.174132039827	-0.289477720918762	nein
2017-04-23	Mecklenburg-Vorpommern	360	393.57817340925	-1.60101213056174	nein
2017-04-30	Mecklenburg-Vorpommern	428	389.948690830661	1.76846367913031	nein
2017-05-07	Mecklenburg-Vorpommern	396	386.341633598881	0.456307748289398	nein
2017-05-14	Mecklenburg-Vorpommern	373	382.811079861159	-0.469682674563137	nein
2017-05-21	Mecklenburg-Vorpommern	397	379.408516720383	0.836039334388628	nein
2017-05-28	Mecklenburg-Vorpommern	412	376.182242839812	1.69660505407727	nein
2017-06-04	Mecklenburg-Vorpommern	392	373.176890675086	0.901699148865314	nein
2017-06-11	Mecklenburg-Vorpommern	349	370.433060231783	-1.04950616379428	nein
2017-06-18	Mecklenburg-Vorpommern	333	367.987052229294	-1.73045550220078	nein
2017-06-25	Mecklenburg-Vorpommern	364	365.870685808902	-0.0913702481058715	nein
2017-07-02	Mecklenburg-Vorpommern	336	364.111184433556	-1.39369154994	nein
2017-07-09	Mecklenburg-Vorpommern	354	362.73111330155	-0.429777161521204	nein
2017-07-16	Mecklenburg-Vorpommern	350	361.748352303992	-0.579981629192856	nein
2017-07-23	Mecklenburg-Vorpommern	385	361.176090139623	1.15825059950858	nein
2017-07-30	Mecklenburg-Vorpommern	378	361.022827494183	0.828161134072896	nein
2017-08-06	Mecklenburg-Vorpommern	383	361.2923800313	1.05642550501156	nein
2017-08-13	Mecklenburg-Vorpommern	358	361.983875172057	-0.195984938571086	nein
2017-08-20	Mecklenburg-Vorpommern	345	363.091740115741	-0.894651872599942	nein
2017-08-27	Mecklenburg-Vorpommern	349	364.605682136971	-0.769258205423529	nein
2017-09-03	Mecklenburg-Vorpommern	375	366.510665750423	0.412824295644475	nein
2017-09-10	Mecklenburg-Vorpommern	357	368.786894727211	-0.576755186818495	nein
2017-09-17	Mecklenburg-Vorpommern	381	371.409810032625	0.463155878481679	nein
2017-09-24	Mecklenburg-Vorpommern	356	374.350117378525	-0.893979091946513	nein
2017-10-01	Mecklenburg-Vorpommern	347	377.573860079451	-1.49155026202056	nein
2017-10-08	Mecklenburg-Vorpommern	365	381.042554096727	-0.773854891693035	nein
2017-10-15	Mecklenburg-Vorpommern	392	384.713402379491	0.346256763483581	nein
2017-10-22	Mecklenburg-Vorpommern	382	388.539604711896	-0.311089366306487	nein
2017-10-29	Mecklenburg-Vorpommern	379	392.470777133472	-0.639510652081252	nein
2017-11-05	Mecklenburg-Vorpommern	382	396.453491552806	-0.682978675480464	nein
2017-11-12	Mecklenburg-Vorpommern	425	400.431941440036	1.13664800532742	nein
2017-11-19	Mecklenburg-Vorpommern	390	404.348733575709	-0.671286464194383	nein
2017-11-26	Mecklenburg-Vorpommern	392	408.145798978072	-0.752365407495236	nein
2017-12-03	Mecklenburg-Vorpommern	368	411.765408668732	-2.05439139920152	nein
2017-12-10	Mecklenburg-Vorpommern	415	415.151272314567	-0.00694303572557679	nein
2017-12-17	Mecklenburg-Vorpommern	447	418.249690531971	1.2999601083293	nein
2017-12-24	Mecklenburg-Vorpommern	431	421.010725333285	0.453461771215951	nein
2017-12-31	Mecklenburg-Vorpommern	407	423.389348406321	-0.749695153621906	nein
2018-01-07	Mecklenburg-Vorpommern	463	425.346524156767	1.68294101363738	nein
2018-01-14	Mecklenburg-Vorpommern	467	426.850184100772	1.78979532563117	nein
2018-01-21	Mecklenburg-Vorpommern	440	427.876051490816	0.545508898968262	nein
2018-01-28	Mecklenburg-Vorpommern	448	428.408280001721	0.878494023176726	nein
2018-02-04	Mecklenburg-Vorpommern	426	428.439877678273	-0.110330873349698	nein
2018-02-11	Mecklenburg-Vorpommern	429	427.972896714417	0.046409456053204	nein
2018-02-18	Mecklenburg-Vorpommern	478	427.018380372619	2.26355171865951	nein
2018-02-25	Mecklenburg-Vorpommern	540	425.596069705507	4.97797878711884	nein
2018-03-04	Mecklenburg-Vorpommern	527	423.733883895707	4.51944824288691	nein
2018-03-11	Mecklenburg-Vorpommern	589	421.467198189154	7.20004102802594	nein
2018-03-18	Mecklenburg-Vorpommern	572	418.837951864092	6.63120492864314	nein
2018-03-25	Mecklenburg-Vorpommern	546	415.893624915895	5.6936724810695	nein
2018-04-01	Mecklenburg-Vorpommern	494	412.686125815988	3.63142267992192	nein
2018-04-08	Mecklenburg-Vorpommern	500	409.270633717066	4.05457982953425	nein
2018-04-15	Mecklenburg-Vorpommern	464	405.704436942362	2.64706602389353	nein
2018-04-22	Mecklenburg-Vorpommern	387	402.045805822442	-0.706626834268643	nein
2018-04-29	Mecklenburg-Vorpommern	414	398.352932383517	0.728941949052652	nein
2018-05-06	Mecklenburg-Vorpommern	382	394.682962592049	-0.600726634890091	nein
2018-05-13	Mecklenburg-Vorpommern	395	391.091139398938	0.184690345258008	nein
2018-05-20	Mecklenburg-Vorpommern	386	387.630067258694	-0.0775496541747233	nein
2018-05-27	Mecklenburg-Vorpommern	364	384.349101615492	-0.980369867715187	nein
2018-06-03	Mecklenburg-Vorpommern	400	381.293860444191	0.889577246689304	nein
2018-06-10	Mecklenburg-Vorpommern	381	378.505849594299	0.11987990402667	nein
2018-06-17	Mecklenburg-Vorpommern	373	376.022189579338	-0.146099502807108	nein
2018-06-24	Mecklenburg-Vorpommern	369	373.875428649028	-0.236570408911014	nein
2018-07-01	Mecklenburg-Vorpommern	396	372.093425455399	1.14820250833616	nein
2018-07-08	Mecklenburg-Vorpommern	395	370.699284287335	1.16910662525639	nein
2018-07-15	Mecklenburg-Vorpommern	367	369.711326566525	-0.132182123880854	nein
2018-07-22	Mecklenburg-Vorpommern	361	369.143083911567	-0.398288412800488	nein
2018-07-29	Mecklenburg-Vorpommern	408	369.003300416647	1.8687086754616	nein
2018-08-05	Mecklenburg-Vorpommern	476	369.295934689642	4.97600535398926	nein
2018-08-12	Mecklenburg-Vorpommern	399	370.020155493123	1.39276542191871	nein
2018-08-19	Mecklenburg-Vorpommern	357	371.170328381928	-0.693118319579017	nein
2018-08-26	Mecklenburg-Vorpommern	377	372.735994392538	0.206397776061683	nein
2018-09-02	Mecklenburg-Vorpommern	379	374.701845475151	0.207502757884144	nein
2018-09-09	Mecklenburg-Vorpommern	361	377.047704829947	-0.779386174439955	nein
2018-09-16	Mecklenburg-Vorpommern	385	379.748523467171	0.251733454790707	nein
2018-09-23	Mecklenburg-Vorpommern	366	382.774406998043	-0.808713791931529	nein
2018-09-30	Mecklenburg-Vorpommern	389	386.090688710348	0.13844788675978	nein
2018-10-07	Mecklenburg-Vorpommern	361	389.658066212179	-1.37640505359578	nein
2018-10-14	Mecklenburg-Vorpommern	414	393.432819165186	0.962448823423987	nein
2018-10-21	Mecklenburg-Vorpommern	388	397.367124717395	-0.441633711382811	nein
2018-10-28	Mecklenburg-Vorpommern	384	401.409485063298	-0.819383436500564	nein
2018-11-04	Mecklenburg-Vorpommern	372	405.505278041662	-1.57964225626576	nein
2018-11-11	Mecklenburg-Vorpommern	380	409.597436845417	-1.38577130817034	nein
2018-11-18	Mecklenburg-Vorpommern	406	413.62725887956	-0.352059233418589	nein
2018-11-25	Mecklenburg-Vorpommern	430	417.535336792256	0.568023380733664	nein
2018-12-02	Mecklenburg-Vorpommern	397	421.262597069268	-1.11699139849825	nein
2018-12-09	Mecklenburg-Vorpommern	417	424.751423779019	-0.352967043242849	nein
2018-12-16	Mecklenburg-Vorpommern	447	427.946837627029	0.855363164284735	nein
2018-12-23	Mecklenburg-Vorpommern	445	430.797694012952	0.636613189948946	nein
2018-12-30	Mecklenburg-Vorpommern	406	433.257858866324	-1.23809821803795	nein
2019-01-06	Mecklenburg-Vorpommern	422	435.287318191592	-0.598723797670747	nein
2019-01-13	Mecklenburg-Vorpommern	451	436.853176880247	0.629634866871803	nein
2019-01-20	Mecklenburg-Vorpommern	433	437.930504674119	-0.220748942869966	nein
2019-01-27	Mecklenburg-Vorpommern	448	438.502992200684	0.422590165080961	nein
2019-02-03	Mecklenburg-Vorpommern	459	438.56338752826	0.905604572913792	nein
2019-02-10	Mecklenburg-Vorpommern	459	438.113693260583	0.92583672821774	nein
2019-02-17	Mecklenburg-Vorpommern	441	437.165115169461	0.171260585132505	nein
2019-02-24	Mecklenburg-Vorpommern	459	435.737764978991	1.03303671157933	nein
2019-03-03	Mecklenburg-Vorpommern	424	433.860131331937	-0.444373958718948	nein
2019-03-10	Mecklenburg-Vorpommern	476	431.568343374587	1.96733637672706	nein
2019-03-17	Mecklenburg-Vorpommern	443	428.905260075832	0.633064521684631	nein
2019-03-24	Mecklenburg-Vorpommern	456	425.919424798801	1.34767043771649	nein
2019-03-31	Mecklenburg-Vorpommern	412	422.663928429109	-0.487233983112921	nein
2019-04-07	Mecklenburg-Vorpommern	415	419.195225424021	-0.19198937199117	nein
2019-04-14	Mecklenburg-Vorpommern	411	415.571945598504	-0.210188386627093	nein
2019-04-21	Mecklenburg-Vorpommern	420	411.853740621296	0.374303480838794	nein
2019-04-28	Mecklenburg-Vorpommern	445	408.100198521099	1.68416395170175	nein
2019-05-05	Mecklenburg-Vorpommern	382	404.369852556889	-1.05067580536989	nein
2019-05-12	Mecklenburg-Vorpommern	400	400.719303177962	-0.0336318897534293	nein
2019-05-19	Mecklenburg-Vorpommern	434	397.202464057443	1.70203486997798	nein
2019-05-26	Mecklenburg-Vorpommern	386	393.869935830256	-0.372318119026385	nein
2019-06-02	Mecklenburg-Vorpommern	416	390.7685046081	1.18192332367555	nein
2019-06-09	Mecklenburg-Vorpommern	417	387.940756871458	1.36396687277936	nein
2019-06-16	Mecklenburg-Vorpommern	370	385.424798127599	-0.740249393202147	nein
2019-06-23	Mecklenburg-Vorpommern	397	383.254059842516	0.653220406198922	nein
2019-06-30	Mecklenburg-Vorpommern	416	381.457177582362	1.63108636994717	nein
2019-07-07	Mecklenburg-Vorpommern	361	380.057922945607	-0.922652264911334	nein
2019-07-14	Mecklenburg-Vorpommern	386	379.075172594171	0.331832448020528	nein
2019-07-21	Mecklenburg-Vorpommern	408	378.522899336836	1.40002055540861	nein
2019-07-28	Mecklenburg-Vorpommern	407	378.410172608472	1.35855568169254	nein
2019-08-04	Mecklenburg-Vorpommern	357	378.74115865341	-1.05564663412284	nein
2019-08-11	Mecklenburg-Vorpommern	391	379.515114098281	0.54890537152141	nein
2019-08-18	Mecklenburg-Vorpommern	404	380.726370237114	1.10501210261036	nein
2019-08-25	Mecklenburg-Vorpommern	382	382.364309105668	-0.0174351365321953	nein
2019-09-01	Mecklenburg-Vorpommern	429	384.413336152441	2.08857510820743	nein
2019-09-08	Mecklenburg-Vorpommern	380	386.852857877758	-0.326948371696746	nein
2019-09-15	Mecklenburg-Vorpommern	383	389.657276058554	-0.316423194073817	nein
2019-09-22	Mecklenburg-Vorpommern	418	392.796012942314	1.17730870286863	nein
2019-09-29	Mecklenburg-Vorpommern	419	396.233583904588	1.05989373906633	nein
2019-10-06	Mecklenburg-Vorpommern	399	399.929735338659	-0.0435035552665247	nein
2019-10-13	Mecklenburg-Vorpommern	414	403.839665803589	0.470928376819658	nein
2019-10-20	Mecklenburg-Vorpommern	409	407.914347535409	0.0502497822929951	nein
2019-10-27	Mecklenburg-Vorpommern	381	412.10096319962	-1.45134769668697	nein
2019-11-03	Mecklenburg-Vorpommern	401	416.343469164474	-0.707524674163921	nein
2019-11-10	Mecklenburg-Vorpommern	425	420.583291619152	0.201007419235465	nein
2019-11-17	Mecklenburg-Vorpommern	404	424.760155666943	-0.949537352307035	nein
2019-11-24	Mecklenburg-Vorpommern	423	428.813040326048	-0.263003203416304	nein
2019-12-01	Mecklenburg-Vorpommern	455	432.681244525799	0.994442945990909	nein
2019-12-08	Mecklenburg-Vorpommern	400	436.305541162209	-1.64780397577761	nein
2019-12-15	Mecklenburg-Vorpommern	452	439.629388630094	0.548788096697689	nein
2019-12-22	Mecklenburg-Vorpommern	431	442.600162584812	-0.517497360038656	nein
2019-12-29	Mecklenburg-Vorpommern	416	445.170365606775	-1.30628686873901	nein
2020-01-05	Mecklenburg-Vorpommern	411	447.298769485589	-1.62599482566794	nein
2020-01-12	Mecklenburg-Vorpommern	413	448.951444421994	-1.60708396168978	nein
2020-01-19	Mecklenburg-Vorpommern	421	450.102631799572	-1.29570412882964	nein
2020-01-26	Mecklenburg-Vorpommern	396	450.73542231929	-2.46002668905497	nein
2020-02-02	Mecklenburg-Vorpommern	454	450.84220899439	0.138770362012161	nein
2020-02-09	Mecklenburg-Vorpommern	399	450.42489431575	-2.30903593041114	nein
2020-02-16	Mecklenburg-Vorpommern	424	449.494837230131	-1.1343348489776	nein
2020-02-23	Mecklenburg-Vorpommern	421	448.07253763002	-1.20728916168608	nein
2020-03-01	Mecklenburg-Vorpommern	476	446.187112195057	1.30448266030442	nein
2020-03-08	Mecklenburg-Vorpommern	452	443.875546765221	0.359253928119571	nein
2020-03-15	Mecklenburg-Vorpommern	458	441.181764071445	0.743611439521099	nein
2020-03-22	Mecklenburg-Vorpommern	447	438.155552273123	0.393593727403326	nein
2020-03-29	Mecklenburg-Vorpommern	465	434.851398731255	1.33625577486339	nein
2020-04-05	Mecklenburg-Vorpommern	432	431.327274576278	0.0302733490649945	nein
2020-04-12	Mecklenburg-Vorpommern	419	427.643414077696	-0.392108109513132	nein
2020-04-19	Mecklenburg-Vorpommern	394	423.861128908462	-1.3726626893116	nein
2020-04-26	Mecklenburg-Vorpommern	382	420.041691595727	-1.7630927084058	nein
2020-05-03	Mecklenburg-Vorpommern	421	416.245315332442	0.217543894832378	nein
2020-05-10	Mecklenburg-Vorpommern	403	412.530249497596	-0.440580504049437	nein
2020-05-17	Mecklenburg-Vorpommern	382	408.952002281698	-1.26078544921564	nein
2020-05-24	Mecklenburg-Vorpommern	408	405.562694255324	0.113103716305681	nein
2020-05-31	Mecklenburg-Vorpommern	416	402.410539970107	0.63024598299278	nein
2020-06-07	Mecklenburg-Vorpommern	389	399.539449044449	-0.495504244080234	nein
2020-06-14	Mecklenburg-Vorpommern	409	396.988733842579	0.561222190043003	nein
2020-06-21	Mecklenburg-Vorpommern	382	394.792907877568	-0.605726047212391	nein
2020-06-28	Mecklenburg-Vorpommern	404	392.981557435889	0.517674291209422	nein
2020-07-05	Mecklenburg-Vorpommern	413	391.579268541456	1.00388315142876	nein
2020-07-12	Mecklenburg-Vorpommern	356	390.605592111212	-1.66362571684793	nein
2020-07-19	Mecklenburg-Vorpommern	392	390.075031835305	0.0911274055399096	nein
2020-07-26	Mecklenburg-Vorpommern	404	389.997041765581	0.659603705552373	nein
2020-08-02	Mecklenburg-Vorpommern	397	390.376023641371	0.312836983026929	nein
2020-08-09	Mecklenburg-Vorpommern	408	391.211317454783	0.788702766860656	nein
2020-08-16	Mecklenburg-Vorpommern	424	392.497182502685	1.46873324620906	nein
2020-08-23	Mecklenburg-Vorpommern	394	394.222770041298	-0.010499853728043	nein
2020-08-30	Mecklenburg-Vorpommern	406	396.372092507058	0.450700857299873	nein
2020-09-06	Mecklenburg-Vorpommern	414	398.92399794652	0.701916880824513	nein
2020-09-13	Mecklenburg-Vorpommern	390	401.852161652335	-0.555975958065276	nein
2020-09-20	Mecklenburg-Vorpommern	417	405.125109863464	0.549359809557944	nein
2020-09-27	Mecklenburg-Vorpommern	365	408.706292574928	-2.06064236403098	nein
2020-10-04	Mecklenburg-Vorpommern	414	412.554223827202	0.0665573378047543	nein
2020-10-11	Mecklenburg-Vorpommern	402	416.622708121273	-0.674213961252699	nein
2020-10-18	Mecklenburg-Vorpommern	400	420.861170663686	-0.959329060190101	nein
2020-10-25	Mecklenburg-Vorpommern	389	425.215106855243	-1.66712105928279	nein
2020-11-01	Mecklenburg-Vorpommern	402	429.626662727375	-1.26048760233438	nein
2020-11-08	Mecklenburg-Vorpommern	412	434.035352916229	-0.997837475751559	nein
2020-11-15	Mecklenburg-Vorpommern	440	438.378916367289	0.0723667522255312	nein
2020-11-22	Mecklenburg-Vorpommern	441	442.594302524992	-0.0709122614068682	nein
2020-11-29	Mecklenburg-Vorpommern	466	446.618772649652	0.851488772116573	nein
2020-12-06	Mecklenburg-Vorpommern	474	450.391092601766	1.03129619651088	nein
2020-12-13	Mecklenburg-Vorpommern	466	453.852785516422	0.530758313679321	nein
2020-12-20	Mecklenburg-Vorpommern	449	456.94940588404	-0.348688029162356	nein
2020-12-27	Mecklenburg-Vorpommern	508	459.631791281321	2.07375873131611	nein
2021-01-03	Mecklenburg-Vorpommern	451	461.857244916517	-0.474143890940451	nein
2021-01-10	Mecklenburg-Vorpommern	506	463.590601695967	1.81425388670402	nein
2021-01-17	Mecklenburg-Vorpommern	536	464.805132928755	3.0130366504661	nein
2021-01-24	Mecklenburg-Vorpommern	578	465.483250080594	4.69717108190177	nein
2021-01-31	Mecklenburg-Vorpommern	559	465.616975937026	3.92111196667608	nein
2021-02-07	Mecklenburg-Vorpommern	562	465.208161670348	4.06174810618519	nein
2021-02-14	Mecklenburg-Vorpommern	515	464.268439950694	2.16292311697477	nein
2021-02-21	Mecklenburg-Vorpommern	479	462.818916580668	0.699188994829599	nein
2021-02-28	Mecklenburg-Vorpommern	441	460.889615279798	-0.872627370096878	nein
2021-03-07	Mecklenburg-Vorpommern	438	458.518701333826	-0.902883794448643	nein
2021-03-14	Mecklenburg-Vorpommern	466	455.751519092027	0.447293513991167	nein
2021-03-21	Mecklenburg-Vorpommern	404	452.639485154532	-2.17856062673751	nein
2021-03-28	Mecklenburg-Vorpommern	432	449.238883175289	-0.765761394536201	nein
2021-04-04	Mecklenburg-Vorpommern	437	445.609607394509	-0.382797073329777	nein
2021-04-11	Mecklenburg-Vorpommern	449	441.813900427343	0.319010101778836	nein
2021-04-18	Mecklenburg-Vorpommern	423	437.9151268028	-0.670771874683981	nein
2021-04-25	Mecklenburg-Vorpommern	478	433.9766177594	1.9455939370363	nein
2021-05-02	Mecklenburg-Vorpommern	505	430.060615452057	3.29069697918771	nein
2021-05-09	Mecklenburg-Vorpommern	453	426.227336635357	1.20140322773282	nein
2021-05-16	Mecklenburg-Vorpommern	425	422.534167666905	0.112177970309751	nein
2021-05-23	Mecklenburg-Vorpommern	389	419.034994856018	-1.39044711219289	nein
2021-05-30	Mecklenburg-Vorpommern	390	415.779667200342	-1.19614967655285	nein
2021-06-06	Mecklenburg-Vorpommern	418	412.81358271817	0.238480535905134	nein
2021-06-13	Mecklenburg-Vorpommern	430	410.177385086231	0.909118598795394	nein
2021-06-20	Mecklenburg-Vorpommern	479	407.906754206769	3.2066847292166	nein
2021-06-27	Mecklenburg-Vorpommern	435	406.032272632904	1.33047018503206	nein
2021-07-04	Mecklenburg-Vorpommern	406	404.579349383288	0.0660915336229615	nein
2021-07-11	Mecklenburg-Vorpommern	414	403.568183431609	0.484135678233633	nein
2021-07-18	Mecklenburg-Vorpommern	431	403.013750891022	1.29063214527871	nein
2021-07-25	Mecklenburg-Vorpommern	420	402.925802444791	0.790916249365094	nein
2021-08-01	Mecklenburg-Vorpommern	395	403.308860721031	-0.388730888060443	nein
2021-08-08	Mecklenburg-Vorpommern	390	404.16221089885	-0.663505869784179	nein
2021-08-15	Mecklenburg-Vorpommern	379	405.479881703415	-1.24506888975257	nein
2021-08-22	Mecklenburg-Vorpommern	432	407.250617945316	1.13695446158432	nein
2021-08-29	Mecklenburg-Vorpommern	405	409.457849734781	-0.206642930477681	nein
2021-09-05	Mecklenburg-Vorpommern	429	412.07966730097	0.775156839362299	nein
2021-09-12	Mecklenburg-Vorpommern	444	415.088813808936	1.31360805994268	nein
2021-09-19	Mecklenburg-Vorpommern	443	418.452711517631	1.11275076310978	nein
2021-09-26	Mecklenburg-Vorpommern	481	422.133538874719	2.62351104979827	nein
2021-10-03	Mecklenburg-Vorpommern	440	426.088377503175	0.627528184088118	nein
2021-10-10	Mecklenburg-Vorpommern	417	430.269448308363	-0.601947667675307	nein
2021-10-17	Mecklenburg-Vorpommern	481	434.624454948506	2.0468340821438	nein
2021-10-24	Mecklenburg-Vorpommern	521	439.097050531259	3.55311055371605	nein
2021-10-31	Mecklenburg-Vorpommern	477	443.627439553136	1.46489827742425	nein
2021-11-07	Mecklenburg-Vorpommern	455	448.153121802938	0.301907321048283	nein
2021-11-14	Mecklenburg-Vorpommern	453	452.609778331705	0.0171609985559296	nein
2021-11-21	Mecklenburg-Vorpommern	514	456.932291901358	2.44862223930325	nein
2021-11-28	Mecklenburg-Vorpommern	543	461.055885942985	3.47219730336662	nein
2021-12-05	Mecklenburg-Vorpommern	530	464.917357484311	2.76155028947958	nein
2021-12-12	Mecklenburg-Vorpommern	609	468.456371339026	5.80475896238901	nein
2021-12-19	Mecklenburg-Vorpommern	537	471.616775735046	2.75458383223884	nein
2021-12-26	Mecklenburg-Vorpommern	504	474.347894137976	1.26036421691534	nein
2022-01-02	Mecklenburg-Vorpommern	507	476.605744875711	1.28849043304703	nein
2022-01-09	Mecklenburg-Vorpommern	506	478.354139732815	1.17087844465023	nein
2022-01-16	Mecklenburg-Vorpommern	483	479.565615209241	0.146467437381915	nein
2022-01-23	Mecklenburg-Vorpommern	478	480.222155642406	-0.0948869323104996	nein
2022-01-30	Mecklenburg-Vorpommern	505	480.31567563458	1.04427195409086	nein
2022-02-06	Mecklenburg-Vorpommern	489	479.848239721667	0.389392507693485	nein
2022-02-13	Mecklenburg-Vorpommern	458	478.832009266591	-0.896704473124486	nein
2022-02-20	Mecklenburg-Vorpommern	478	477.288919313629	0.030425702100728	nein
2022-02-27	Mecklenburg-Vorpommern	496	475.250100684122	0.883647572256038	nein
2022-03-06	Mecklenburg-Vorpommern	556	472.755074034911	3.4825041913535	nein
2022-03-13	Mecklenburg-Vorpommern	570	469.850752152137	4.18010238056216	nein
2022-03-20	Mecklenburg-Vorpommern	579	466.590293808434	4.68976393125457	nein
2022-03-27	Mecklenburg-Vorpommern	562	463.031856695708	4.16128502145691	nein
2022-04-03	Mecklenburg-Vorpommern	508	459.237298137294	2.09231435576013	nein
2022-04-10	Mecklenburg-Vorpommern	524	455.27087060881	2.94187125623982	nein
2022-04-17	Mecklenburg-Vorpommern	464	451.197954900014	0.561156163346657	nein
2022-04-24	Mecklenburg-Vorpommern	462	447.083867539002	0.656329730839038	nein
2022-05-01	Mecklenburg-Vorpommern	466	442.99277148659	1.01401700081989	nein
2022-05-08	Mecklenburg-Vorpommern	456	438.986710741225	0.754894153596689	nein
2022-05-15	Mecklenburg-Vorpommern	422	435.124780998195	-0.59169794826144	nein
2022-05-22	Mecklenburg-Vorpommern	443	431.462440433903	0.517424203199701	nein
2022-05-29	Mecklenburg-Vorpommern	397	428.050957482153	-1.42184822919371	nein
2022-06-05	Mecklenburg-Vorpommern	390	424.936986455991	-1.60841839164313	nein
2022-06-12	Mecklenburg-Vorpommern	453	422.162257239231	1.38782435927385	nein
2022-06-19	Mecklenburg-Vorpommern	435	419.763362102534	0.691735972468128	nein
2022-06-26	Mecklenburg-Vorpommern	390	417.771620966613	-1.28590942882153	nein
2022-07-03	Mecklenburg-Vorpommern	427	416.213006041099	0.492639554502627	nein
2022-07-10	Mecklenburg-Vorpommern	432	415.108107561375	0.770613143428251	nein
2022-07-17	Mecklenburg-Vorpommern	440	414.472124148121	1.16156032091684	nein
2022-07-24	Mecklenburg-Vorpommern	474	414.314863935158	2.68168843869269	nein
2022-07-31	Mecklenburg-Vorpommern	458	414.640745862444	1.95916445355514	nein
2022-08-07	Mecklenburg-Vorpommern	445	415.448794234024	1.34094261995795	nein
2022-08-14	Mecklenburg-Vorpommern	466	416.732623627766	2.21575815490576	nein
2022-08-21	Mecklenburg-Vorpommern	430	418.480415356317	0.524469698249651	nein
2022-08-28	Mecklenburg-Vorpommern	455	420.674890761846	1.54518555984688	nein
2022-09-04	Mecklenburg-Vorpommern	405	423.29329052345	-0.837945543049026	nein
2022-09-11	Mecklenburg-Vorpommern	421	426.307372698946	-0.240975462194717	nein
2022-09-18	Mecklenburg-Vorpommern	455	429.683445233738	1.13157457761927	nein
2022-09-25	Mecklenburg-Vorpommern	452	433.382450956932	0.830675282322347	nein
2022-10-02	Mecklenburg-Vorpommern	493	437.360124450202	2.43856828298711	nein
2022-10-09	Mecklenburg-Vorpommern	500	441.567240422028	2.54658237976146	nein
2022-10-16	Mecklenburg-Vorpommern	498	445.949972172305	2.2624638254365	nein
2022-10-23	Mecklenburg-Vorpommern	494	450.450376254257	1.88918515157432	nein
2022-10-30	Mecklenburg-Vorpommern	478	455.007015461484	0.999612116427669	nein
2022-11-06	Mecklenburg-Vorpommern	493	459.555726808233	1.44148979318334	nein
2022-11-13	Mecklenburg-Vorpommern	472	464.030534363501	0.344878564447318	nein
2022-11-20	Mecklenburg-Vorpommern	468	468.364698905666	-0.0157541432048578	nein
2022-11-27	Mecklenburg-Vorpommern	510	472.491887777383	1.59215371339819	nein
2022-12-04	Mecklenburg-Vorpommern	532	476.347439555959	2.33881573942728	nein
2022-12-11	Mecklenburg-Vorpommern	619	479.869689822949	5.67967979115034	nein
2022-12-18	Mecklenburg-Vorpommern	656	483.001317080891	6.97368273776236	nein
2022-12-25	Mecklenburg-Vorpommern	720	485.690662382365	9.26845493227973	nein
2023-01-01	Mecklenburg-Vorpommern	694	487.892973093311	8.19568171547477	nein
2023-01-08	Mecklenburg-Vorpommern	645	489.571520856976	6.25564905827593	nein
2023-01-15	Mecklenburg-Vorpommern	580	490.698546507115	3.65939020749571	nein
2023-01-22	Mecklenburg-Vorpommern	501	491.25599040767	0.409237976523661	nein
2023-01-29	Mecklenburg-Vorpommern	507	491.235975218141	0.660735561542367	nein
2023-02-05	Mecklenburg-Vorpommern	512	490.641018893692	0.894107723466445	nein
2023-02-12	Mecklenburg-Vorpommern	451	489.483968106211	-1.64650631335223	nein
2023-02-19	Mecklenburg-Vorpommern	467	487.787655346557	-0.88536651318973	nein
2023-02-26	Mecklenburg-Vorpommern	452	485.5842958005	-1.44029971235334	nein
2023-03-05	Mecklenburg-Vorpommern	431	482.914651767387	-2.24796121553789	nein
2023-03-12	Mecklenburg-Vorpommern	487	479.827002109129	0.305097010860081	nein
2023-03-19	Mecklenburg-Vorpommern	485	476.375961362481	0.367974425660495	nein
2023-03-26	Mecklenburg-Vorpommern	462	472.621197341931	-0.458111722269866	nein
2023-04-02	Mecklenburg-Vorpommern	502	468.626097186772	1.42368442868118	nein
2023-04-09	Mecklenburg-Vorpommern	466	464.456430000799	0.0668796568055695	nein
2023-04-16	Mecklenburg-Vorpommern	515	460.179049854331	2.34273297408912	nein
2023-04-23	Mecklenburg-Vorpommern	490	455.86067649185	1.47606385613104	nein
2023-04-30	Mecklenburg-Vorpommern	446	451.566783243633	-0.245310679189103	nein
2023-05-07	Mecklenburg-Vorpommern	439	447.360613042021	-0.370575552641462	nein
2023-05-14	Mecklenburg-Vorpommern	490	443.302334732142	2.03810655269962	nein
2023-05-21	Mecklenburg-Vorpommern	451	439.448343607213	0.512815494872107	nein
2023-05-28	Mecklenburg-Vorpommern	415	435.850702743655	-0.941136882208068	nein
2023-06-04	Mecklenburg-Vorpommern	430	432.556715586466	-0.115023115533955	nein
2023-06-11	Mecklenburg-Vorpommern	401	429.608615535222	-1.30500584355357	nein
2023-06-18	Mecklenburg-Vorpommern	422	427.043361711344	-0.228595914023541	nein
2023-06-25	Mecklenburg-Vorpommern	407	424.892528090063	-0.817270199013162	nein
2023-07-02	Mecklenburg-Vorpommern	425	423.18221364963	0.0825500190076976	nein
2023-07-09	Mecklenburg-Vorpommern	428	421.933008537444	0.275469626717339	nein
2023-07-16	Mecklenburg-Vorpommern	401	421.159992283116	-0.925887790240823	nein
2023-07-23	Mecklenburg-Vorpommern	368	420.872743197639	-2.46299977918377	nein
2023-07-30	Mecklenburg-Vorpommern	386	421.075348149763	-1.62113398436817	nein
2023-08-06	Mecklenburg-Vorpommern	394	421.766405695683	-1.27834544106586	nein
2023-08-13	Mecklenburg-Vorpommern	409	422.93901960198	-0.637225136217468	nein
2023-08-20	Mecklenburg-Vorpommern	428	424.580783981965	0.15493590120386	nein
2023-08-27	Mecklenburg-Vorpommern	380	426.673765404504	-2.15309119090998	nein
2023-09-03	Mecklenburg-Vorpommern	410	429.194491271744	-0.872821537796903	nein
2023-09-10	Mecklenburg-Vorpommern	411	432.113957329925	-0.957530141458727	nein
2023-09-17	Mecklenburg-Vorpommern	415	435.397670195258	-0.921216405005618	nein
2023-09-24	Mecklenburg-Vorpommern	422	439.005743052607	-0.763781061284248	nein
2023-10-01	Mecklenburg-Vorpommern	433	442.893064019277	-0.441126009012389	nein
2023-10-08	Mecklenburg-Vorpommern	413	447.009556864409	-1.52349809592855	nein
2023-10-15	Mecklenburg-Vorpommern	417	451.300552661284	-1.52911826655276	nein
2023-10-22	Mecklenburg-Vorpommern	460	455.707288392434	0.187671864376809	nein
2023-10-29	Mecklenburg-Vorpommern	455	460.167544459627	-0.225582164805712	nein
2023-11-05	Mecklenburg-Vorpommern	483	464.616427498028	0.791936555219296	nein
2023-11-12	Mecklenburg-Vorpommern	504	468.987297996002	1.4927247576031	nein
2023-11-19	Mecklenburg-Vorpommern	490	473.212834247725	0.716930054707644	nein
2023-11-26	Mecklenburg-Vorpommern	483	477.226215516022	0.24646398285621	nein
2023-12-03	Mecklenburg-Vorpommern	549	480.962398480955	2.8342062731679	nein
2023-12-10	Mecklenburg-Vorpommern	500	484.359452712055	0.66040969891464	nein
2023-12-17	Mecklenburg-Vorpommern	523	487.359913696311	1.4903164570804	nein
2023-12-24	Mecklenburg-Vorpommern	577	489.91210653891	3.5742190041757	nein
2023-12-31	Mecklenburg-Vorpommern	483	491.971390414654	-0.378956011284826	nein
2024-01-07	Mecklenburg-Vorpommern	545	493.501273628389	2.12921966871546	nein
2024-01-14	Mecklenburg-Vorpommern	537	494.474351984933	1.76148526947216	nein
2024-01-21	Mecklenburg-Vorpommern	516	494.873029070814	0.880810582967747	nein
2024-01-28	Mecklenburg-Vorpommern	520	494.689985746375	1.05396981446508	nein
2024-02-04	Mecklenburg-Vorpommern	517	493.928377118646	0.962212659853815	nein
2024-02-11	Mecklenburg-Vorpommern	514	492.601747780259	0.894135897464695	nein
2024-02-18	Mecklenburg-Vorpommern	454	490.733669276179	-1.56894500811562	nein
2024-02-25	Mecklenburg-Vorpommern	481	488.357116652483	-0.311791153564969	nein
2024-03-03	Mecklenburg-Vorpommern	475	485.513612631744	-0.447402436094204	nein
2024-03-10	Mecklenburg-Vorpommern	461	482.252177646069	-0.911001261949985	nein
2024-03-17	Mecklenburg-Vorpommern	441	478.628131030335	-1.6290366868844	nein
2024-03-24	Mecklenburg-Vorpommern	441	474.701792764434	-1.46327626614045	nein
2024-03-31	Mecklenburg-Vorpommern	442	470.537136147136	-1.24240079460615	nein
2024-04-07	Mecklenburg-Vorpommern	468	466.200439833331	0.0778594680191483	nein
2024-04-14	Mecklenburg-Vorpommern	416	461.758983140188	-2.02522802555749	nein
2024-04-21	Mecklenburg-Vorpommern	412	457.279821962073	-2.01401136393901	nein
2024-04-28	Mecklenburg-Vorpommern	449	452.828674666928	-0.168481450676284	nein
2024-05-05	Mecklenburg-Vorpommern	489	448.468938649837	1.76394200958535	nein
2024-05-12	Mecklenburg-Vorpommern	430	444.26084943604	-0.636236133718518	nein
2024-05-19	Mecklenburg-Vorpommern	425	440.26078592098	-0.684291343738689	nein
2024-05-26	Mecklenburg-Vorpommern	401	436.520717961482	-1.61273129179181	nein
2024-06-02	Mecklenburg-Vorpommern	432	433.087786412132	-0.0489192083532218	nein
2024-06-09	Mecklenburg-Vorpommern	409	430.004001024721	-0.955507250703051	nein
2024-06-16	Mecklenburg-Vorpommern	440	427.306038465162	0.571731749610164	nein
2024-06-23	Mecklenburg-Vorpommern	417	425.025121019339	-0.365370428562008	nein
2024-06-30	Mecklenburg-Vorpommern	465	423.186956247369	1.87183468607155	nein
2024-07-07	Mecklenburg-Vorpommern	405	421.81171874388	-0.771129202730882	nein
2024-07-14	Mecklenburg-Vorpommern	431	420.914057080508	0.458206164881305	nein
2024-07-21	Mecklenburg-Vorpommern	432	420.503111746616	0.522286028444164	nein
2024-07-28	Mecklenburg-Vorpommern	371	420.582533269373	-2.30944008313254	nein
2024-08-04	Mecklenburg-Vorpommern	403	421.150493499638	-0.83373687454517	nein
2024-08-11	Mecklenburg-Vorpommern	434	422.199687122906	0.534967562102301	nein
2024-08-18	Mecklenburg-Vorpommern	442	423.717324632743	0.825325845827186	nein
2024-08-25	Mecklenburg-Vorpommern	433	425.685122130023	0.33084705681792	nein
2024-09-01	Mecklenburg-Vorpommern	437	428.07929722589	0.402104411292053	nein
2024-09-08	Mecklenburg-Vorpommern	415	430.87058386288	-0.719972965659865	nein
2024-09-15	Mecklenburg-Vorpommern	414	434.024281848808	-0.906531403438332	nein
2024-09-22	Mecklenburg-Vorpommern	440	437.500359132223	0.111725004720634	nein
2024-09-29	Mecklenburg-Vorpommern	388	441.253626140405	-2.4227420376084	nein
2024-10-06	Mecklenburg-Vorpommern	458	445.234001659273	0.563437158953561	nein
2024-10-13	Mecklenburg-Vorpommern	451	449.386888588272	0.0711556909613215	nein
2024-10-20	Mecklenburg-Vorpommern	466	453.653675323434	0.53989747731331	nein
2024-10-27	Mecklenburg-Vorpommern	468	457.972374446199	0.436777617345833	nein
2024-11-03	Mecklenburg-Vorpommern	481	462.278404853367	0.809133537147445	nein
2024-11-10	Mecklenburg-Vorpommern	529	466.505516597284	2.64932016125123	nein
2024-11-17	Mecklenburg-Vorpommern	493	470.586849784962	0.958809463240296	nein
2024-11-24	Mecklenburg-Vorpommern	495	474.456110311349	0.875780369957649	nein
2024-12-01	Mecklenburg-Vorpommern	506	478.048836496061	1.18405763018834	nein
2024-12-08	Mecklenburg-Vorpommern	490	481.30372246714	0.369519919869923	nein
2024-12-15	Mecklenburg-Vorpommern	487	484.163957050443	0.120383816256794	nein
2024-12-22	Mecklenburg-Vorpommern	522	486.578531630394	1.48352055999315	nein
2024-12-29	Mecklenburg-Vorpommern	471	488.50346752281	-0.744778073947697	nein
2025-01-05	Mecklenburg-Vorpommern	509	489.902913277492	0.801334088687336	nein
2025-01-12	Mecklenburg-Vorpommern	444	490.750065240559	-2.00522753623901	nein
2025-01-19	Mecklenburg-Vorpommern	512	491.027870644749	0.878415450115442	nein
2025-01-26	Mecklenburg-Vorpommern	500	490.729481190063	0.389921470559621	nein
2025-02-02	Mecklenburg-Vorpommern	585	489.858436006621	3.89787510794237	nein
2025-02-09	Mecklenburg-Vorpommern	504	488.428565325737	0.655112661389954	nein
2025-02-16	Mecklenburg-Vorpommern	547	486.463619247677	2.51508271987023	nein
2025-02-23	Mecklenburg-Vorpommern	552	483.996638747894	2.8257509184114	nein
2025-03-02	Mecklenburg-Vorpommern	575	481.069097599892	3.88347661496215	nein
2025-03-09	Mecklenburg-Vorpommern	530	477.729853422079	2.19694770216884	nein
2025-03-16	Mecklenburg-Vorpommern	514	474.033952978106	1.69309506105107	nein
2025-03-23	Mecklenburg-Vorpommern	563	470.041340815603	3.88769815317351	nein
2025-03-30	Mecklenburg-Vorpommern	517	465.815521217463	2.17909860563615	nein
2025-04-06	Mecklenburg-Vorpommern	464	461.422221416737	0.112133135708987	nein
2025-04-13	Mecklenburg-Vorpommern	499	456.928099462001	1.81382100089605	nein
2025-04-20	Mecklenburg-Vorpommern	458	452.3995335507	0.245802613402781	nein
2025-04-27	Mecklenburg-Vorpommern	430	447.901521707805	-0.796676548572609	nein
2025-05-04	Mecklenburg-Vorpommern	420	443.496712043073	-1.05329052125673	nein
2025-05-11	Mecklenburg-Vorpommern	411	439.244575108689	-1.27481647373072	nein
2025-05-18	Mecklenburg-Vorpommern	435	435.200721658461	-0.00900328516235422	nein
2025-05-25	Mecklenburg-Vorpommern	424	431.416361825222	-0.335063103690399	nein
2025-06-01	Mecklenburg-Vorpommern	404	427.937895700538	-1.09312406336646	nein
2025-06-08	Mecklenburg-Vorpommern	440	424.806620705095	0.685720509552743	nein
2025-06-15	Mecklenburg-Vorpommern	413	422.058538043989	-0.414076753832809	nein
2025-06-22	Mecklenburg-Vorpommern	421	419.724238913319	0.0582378513725233	nein
2025-06-29	Mecklenburg-Vorpommern	466	417.828850851863	2.16470147727329	nein
2025-07-06	Mecklenburg-Vorpommern	440	416.392025552487	1.07250387425912	nein
2025-07-13	Mecklenburg-Vorpommern	405	415.427951373084	-0.480706682979475	nein
2025-07-20	Mecklenburg-Vorpommern	412	414.945376517673	-0.135435863843564	nein
2025-07-27	Mecklenburg-Vorpommern	421	414.947632200353	0.277284463324702	nein
2025-08-03	Mecklenburg-Vorpommern	413	415.432648874568	-0.111756014924034	nein
2025-08-10	Mecklenburg-Vorpommern	424	416.392962636886	0.347642651229882	nein
2025-08-17	Mecklenburg-Vorpommern	452	417.815713038134	1.54356246898048	nein
2025-08-24	Mecklenburg-Vorpommern	412	419.682637600175	-0.351791523601529	nein
2025-08-31	Mecklenburg-Vorpommern	411	421.970072187538	-0.501559421788927	nein
2025-09-07	Mecklenburg-Vorpommern	404	424.648969855839	-0.944643565179165	nein
2025-09-14	Mecklenburg-Vorpommern	411	427.684953718925	-0.759226030502657	nein
2025-09-21	Mecklenburg-Vorpommern	414	431.038421558178	-0.772244109692193	nein
2025-09-28	Mecklenburg-Vorpommern	378	434.664721148989	-2.59873084418084	nein
2025-10-05	Mecklenburg-Vorpommern	447	438.514415413703	0.37742942107015	nein
2025-10-12	Mecklenburg-Vorpommern	420	442.533655361185	-1.00941734804391	nein
2025-10-19	Mecklenburg-Vorpommern	447	446.66467621544	0.0148180461387622	nein
2025-10-26	Mecklenburg-Vorpommern	464	450.846428110615	0.575733318580943	nein
2025-11-02	Mecklenburg-Vorpommern	446	455.015347267686	-0.395914987897694	nein
2025-11-09	Mecklenburg-Vorpommern	446	459.106266811435	-0.573721901735153	nein
2025-11-16	Mecklenburg-Vorpommern	484	463.053458601893	0.901710000995525	nein
2025-11-23	Mecklenburg-Vorpommern	417	466.791789037827	-2.19040971386013	nein
2025-11-30	Mecklenburg-Vorpommern	469	470.257963253305	-0.0541361581262585	nein
2025-12-07	Mecklenburg-Vorpommern	453	473.391824073902	-0.880461649313461	nein
2025-12-14	Mecklenburg-Vorpommern	485	476.137665174927	0.377526936533571	nein
2025-12-21	Mecklenburg-Vorpommern	458	478.445512728028	-0.877688941200422	nein
2025-12-28	Mecklenburg-Vorpommern	453	480.27232699797	-1.17114793556688	nein
2026-01-04	Mecklenburg-Vorpommern	467	481.583075281123	-0.622433765800237	nein
2026-01-11	Mecklenburg-Vorpommern	479	482.351630486845	-0.142356796693891	nein
2026-01-18	Mecklenburg-Vorpommern	511	482.561455539232	1.19453593142654	nein
2026-01-25	Mecklenburg-Vorpommern	528	482.2060423508	1.91312970676207	nein
2026-02-01	Mecklenburg-Vorpommern	518	481.289084877287	1.53952273258248	nein
2026-02-08	Mecklenburg-Vorpommern	590	479.824377983942	4.52167156199878	nein
2026-02-15	Mecklenburg-Vorpommern	590	477.835446677157	4.60934548124598	nein
2026-02-22	Mecklenburg-Vorpommern	577	475.354922760498	4.2004939192762	nein
2026-03-01	Mecklenburg-Vorpommern	519	472.423697271349	1.96441518653276	nein
2026-03-08	Mecklenburg-Vorpommern	490	469.089886370106	0.892667818619492	nein
2026-03-15	Mecklenburg-Vorpommern	491	465.407655102525	1.09506559004827	nein
2026-03-22	Mecklenburg-Vorpommern	435	461.435947287966	-1.15755277739932	nein
2026-03-29	Mecklenburg-Vorpommern	447	457.237170608434	-0.4476377276446	nein
2026-04-05	Mecklenburg-Vorpommern	454	452.875883939697	0.0491861642271786	nein
2026-04-12	Mecklenburg-Vorpommern	446	448.41752944412	-0.106448123397884	nein
2026-04-19	Mecklenburg-Vorpommern	502	443.927245463257	2.51475203873485	nein
2026-04-26	Mecklenburg-Vorpommern	454	439.468788430915	0.642259138000762	nein
2026-05-03	Mecklenburg-Vorpommern	428	435.103583528993	-0.318134738030731	nein
2026-05-10	Mecklenburg-Vorpommern	441	430.889915253689	0.451987215502372	nein
2026-05-17	Mecklenburg-Vorpommern	389	426.882260995037	-1.73440673038936	nein
2026-05-24	Mecklenburg-Vorpommern	438	423.130763594007	0.669503329212277	nein
2026-05-31	Mecklenburg-Vorpommern	421	419.680832936524	0.0599518539279521	nein
2026-06-07	Mecklenburg-Vorpommern	417	416.572862152269	0.0194897708539012	nein
2026-06-14	Mecklenburg-Vorpommern	403	413.842040969833	-0.498571595378504	nein
2026-06-21	Mecklenburg-Vorpommern	405	411.518247202294	-0.300027975216755	nein
2026-06-28	Mecklenburg-Vorpommern	447	409.625997088342	1.69432517211291	nein
2026-07-05	Mecklenburg-Vorpommern	407	408.184436133776	-0.0546070227888195	nein
2026-07-12	Mecklenburg-Vorpommern	400	407.207354000266	-0.333458359680807	nein
2026-07-19	Mecklenburg-Vorpommern	425	406.70320967727	0.838179360970693	nein
2026-07-26	Mecklenburg-Vorpommern	417	406.675156458083	0.474413984480295	nein
2026-08-02	Mecklenburg-Vorpommern	431	407.121059941972	1.09048343216399	nein
2026-08-09	Mecklenburg-Vorpommern	449	408.033506234064	1.85602930407156	nein
2026-08-16	Mecklenburg-Vorpommern	421	409.399801556388	0.530604542997293	ja
2026-08-23	Mecklenburg-Vorpommern	421	411.201968465526	0.447394729221766	ja
2026-08-30	Mecklenburg-Vorpommern	434	413.416747642069	0.933126274452511	ja
2026-09-06	Mecklenburg-Vorpommern	434	416.015617614554	0.813360839668001	ja
2026-09-13	Mecklenburg-Vorpommern	393	418.964847635424	-1.19059679088094	ja
2026-09-20	Mecklenburg-Vorpommern	424	422.225601057553	0.0801122459761944	ja
2026-09-27	Mecklenburg-Vorpommern	461	425.754107779923	1.56411799991785	ja
2016-10-09	Niedersachsen	1678	1704.92287057983	-0.409577212269516	nein
2016-10-16	Niedersachsen	1714	1721.97613432649	-0.120532177927256	nein
2016-10-23	Niedersachsen	1778	1739.75691696852	0.572512589663079	nein
2016-10-30	Niedersachsen	1773	1758.01820466666	0.223642711521403	nein
2016-11-06	Niedersachsen	1759	1776.4980997908	-0.260675242124452	nein
2016-11-13	Niedersachsen	1840	1794.92309385508	0.664292887596843	nein
2016-11-20	Niedersachsen	1873	1813.01199564556	0.878572343382808	nein
2016-11-27	Niedersachsen	1725	1830.48047992184	-1.56126751760382	nein
2016-12-04	Niedersachsen	1872	1847.04618217208	0.363325679286428	nein
2016-12-11	Niedersachsen	1922	1862.43422411436	0.861153037141677	nein
2016-12-18	Niedersachsen	1852	1876.3830158781	-0.353854184278334	nein
2016-12-25	Niedersachsen	2020	1888.65014723887	1.87470704632363	nein
2017-01-01	Niedersachsen	1942	1899.01815506647	0.616490077532415	nein
2017-01-08	Niedersachsen	2105	1907.29994007795	2.79338700054245	nein
2017-01-15	Niedersachsen	2160	1913.34360517995	3.46643576488071	nein
2017-01-22	Niedersachsen	2064	1917.03650127516	2.08040815908384	nein
2017-01-29	Niedersachsen	2087	1918.30829434596	2.38322470287905	nein
2017-02-05	Niedersachsen	2277	1917.13290858577	5.00979425957738	nein
2017-02-12	Niedersachsen	2208	1913.52925177358	4.12444627382229	nein
2017-02-19	Niedersachsen	2317	1907.56068741236	5.69327614007821	nein
2017-02-26	Niedersachsen	2346	1899.33327911811	6.20692559377757	nein
2017-03-05	Niedersachsen	2216	1888.99289183227	4.59860519802126	nein
2017-03-12	Niedersachsen	2014	1876.72128730023	1.96703143127167	nein
2017-03-19	Niedersachsen	1951	1862.7313941989	1.27497334245615	nein
2017-03-26	Niedersachsen	1794	1847.26196356241	-0.78249615182565	nein
2017-04-02	Niedersachsen	1768	1830.57183620136	-0.924465657679225	nein
2017-04-09	Niedersachsen	1699	1812.93405037002	-1.7001987048719	nein
2017-04-16	Niedersachsen	1669	1794.63000595636	-1.88699055175358	nein
2017-04-23	Niedersachsen	1667	1775.9438779199	-1.64276831010434	nein
2017-04-30	Niedersachsen	1785	1757.15743929072	0.416669370962496	nein
2017-05-07	Niedersachsen	1711	1738.54541588518	-0.416695611634207	nein
2017-05-14	Niedersachsen	1757	1720.37145418254	0.553691537796361	nein
2017-05-21	Niedersachsen	1784	1702.88474351922	1.22740035795031	nein
2017-05-28	Niedersachsen	1678	1686.31729642887	-0.127588643224346	nein
2017-06-04	Niedersachsen	1622	1670.88185853671	-0.756536827286277	nein
2017-06-11	Niedersachsen	1593	1656.77039321146	-0.992885359114302	nein
2017-06-18	Niedersachsen	1535	1644.15306686221	-1.71452318910698	nein
2017-06-25	Niedersachsen	1699	1633.17764846053	1.019061207702	nein
2017-07-02	Niedersachsen	1572	1623.9692312438	-0.816739253312574	nein
2017-07-09	Niedersachsen	1631	1616.63018496842	0.224826668543736	nein
2017-07-16	Niedersachsen	1592	1611.24025269429	-0.302622132757066	nein
2017-07-23	Niedersachsen	1634	1607.85671597348	0.409755639762393	nein
2017-07-30	Niedersachsen	1567	1606.51456556509	-0.623913444045681	nein
2017-08-06	Niedersachsen	1651	1607.22663054066	0.685148734548618	nein
2017-08-13	Niedersachsen	1627	1609.98363609609	0.266876462411616	nein
2017-08-20	Niedersachsen	1671	1614.7541788418	0.877429031039278	nein
2017-08-27	Niedersachsen	1641	1621.48462715869	0.304975366059386	nein
2017-09-03	Niedersachsen	1641	1630.09897276095	0.170072358340906	nein
2017-09-10	Niedersachsen	1533	1640.49867726163	-1.69267221452637	nein
2017-09-17	Niedersachsen	1627	1652.56257360547	-0.397639244708974	nein
2017-09-24	Niedersachsen	1652	1666.14689595057	-0.218924914793418	nein
2017-10-01	Niedersachsen	1712	1681.08552210268	0.474189804156717	nein
2017-10-08	Niedersachsen	1692	1697.19051902491	-0.0795251463973812	nein
2017-10-15	Niedersachsen	1759	1714.25308334458	0.678917947148647	nein
2017-10-22	Niedersachsen	1674	1732.04496430364	-0.884965122214895	nein
2017-10-29	Niedersachsen	1693	1750.32044556887	-0.869267202931546	nein
2017-11-05	Niedersachsen	1712	1768.81894434395	-0.857080015915013	nein
2017-11-12	Niedersachsen	1718	1787.26826134017	-1.04066699430959	nein
2017-11-19	Niedersachsen	1778	1805.38848393313	-0.407773897054419	nein
2017-11-26	Niedersachsen	1804	1822.89650844409	-0.279761743023074	nein
2017-12-03	Niedersachsen	1829	1839.51110776238	-0.154790788578687	nein
2017-12-10	Niedersachsen	1843	1854.95842989704	-0.175389786431626	nein
2017-12-17	Niedersachsen	1903	1868.97777440614	0.495079915909524	nein
2017-12-24	Niedersachsen	1878	1881.32746015994	-0.0484200831675229	nein
2017-12-31	Niedersachsen	1871	1891.79057268422	-0.302160793270416	nein
2018-01-07	Niedersachsen	1966	1900.18036519506	0.94729345058919	nein
2018-01-14	Niedersachsen	1905	1906.34508648877	-0.0194400915524462	nein
2018-01-21	Niedersachsen	1997	1910.17202223436	1.24417334295064	nein
2018-01-28	Niedersachsen	1988	1911.59056388995	1.09544919865203	nein
2018-02-04	Niedersachsen	2067	1910.57416011951	2.22826564299782	nein
2018-02-11	Niedersachsen	2011	1907.14105669169	1.48727922335044	nein
2018-02-18	Niedersachsen	2134	1901.35378885398	3.30136706581473	nein
2018-02-25	Niedersachsen	2263	1893.31745085945	5.20022484811968	nein
2018-03-04	Niedersachsen	2605	1883.17682617792	9.91967270300943	nein
2018-03-11	Niedersachsen	2705	1871.11251463137	11.4050142475973	nein
2018-03-18	Niedersachsen	2545	1857.33623554903	9.53328476743587	nein
2018-03-25	Niedersachsen	2374	1842.08551630155	7.48715625003745	nein
2018-04-01	Niedersachsen	2088	1825.61799169332	3.78877669390669	nein
2018-04-08	Niedersachsen	2059	1808.20554139247	3.64190753650033	nein
2018-04-15	Niedersachsen	1929	1790.12848078937	2.04620114851579	nein
2018-04-22	Niedersachsen	1877	1771.66999734907	1.56467437093485	nein
2018-04-29	Niedersachsen	1630	1753.11099234859	-1.87897703216756	nein
2018-05-06	Niedersachsen	1640	1734.72544996481	-1.44954174451784	nein
2018-05-13	Niedersachsen	1687	1716.77641517923	-0.455154031596968	nein
2018-05-20	Niedersachsen	1649	1699.51262185775	-0.777719557428868	nein
2018-05-27	Niedersachsen	1646	1683.16577517437	-0.574288759111795	nein
2018-06-03	Niedersachsen	1736	1667.94846022332	1.04544705825662	nein
2018-06-10	Niedersachsen	1630	1654.05262251058	-0.374486421401711	nein
2018-06-17	Niedersachsen	1552	1641.64854671189	-1.41074364537989	nein
2018-06-24	Niedersachsen	1585	1630.88424775472	-0.72117506375616	nein
2018-07-01	Niedersachsen	1671	1621.88518260747	0.766623744606428	nein
2018-07-08	Niedersachsen	1686	1614.75419150352	1.11205160384153	nein
2018-07-15	Niedersachsen	1682	1609.57158286027	1.13220124143367	nein
2018-07-22	Niedersachsen	1620	1606.39528596092	0.214159621239719	nein
2018-07-29	Niedersachsen	2016	1605.26100863518	6.22837273678778	nein
2018-08-05	Niedersachsen	2085	1606.18235284507	7.21612016215422	nein
2018-08-12	Niedersachsen	1727	1609.15085847459	1.83428196605793	nein
2018-08-19	Niedersachsen	1669	1614.13596403734	0.858011989739678	nein
2018-08-26	Niedersachsen	1611	1621.08489181034	-0.158425751654235	nein
2018-09-02	Niedersachsen	1674	1629.92248345841	0.6867499325221	nein
2018-09-09	Niedersachsen	1649	1640.55102989379	0.131684683073499	nein
2018-09-16	Niedersachsen	1611	1652.8501552343	-0.653161509170026	nein
2018-09-23	Niedersachsen	1586	1666.67682851354	-1.25883657038725	nein
2018-09-30	Niedersachsen	1620	1681.8655874124	-0.958997601584209	nein
2018-10-07	Niedersachsen	1643	1698.22906481074	-0.851333020861636	nein
2018-10-14	Niedersachsen	1689	1715.55891047787	-0.406126073206189	nein
2018-10-21	Niedersachsen	1656	1733.62719586917	-1.1866768128399	nein
2018-10-28	Niedersachsen	1658	1752.18837908314	-1.43432844082652	nein
2018-11-04	Niedersachsen	1752	1770.98188915814	-0.28539872821067	nein
2018-11-11	Niedersachsen	1775	1789.73536407267	-0.220277196319085	nein
2018-11-18	Niedersachsen	1671	1808.16854561179	-2.06371592449982	nein
2018-11-25	Niedersachsen	1841	1825.99779784979	0.221379927391296	nein
2018-12-02	Niedersachsen	1775	1842.94117619457	-1.00546257267026	nein
2018-12-09	Niedersachsen	1880	1858.72393316401	0.310956390909884	nein
2018-12-16	Niedersachsen	1768	1873.0843082174	-1.54739959405724	nein
2018-12-23	Niedersachsen	1830	1885.77941520944	-0.814794968492922	nein
2018-12-30	Niedersachsen	1780	1896.59101552083	-1.70744121428113	nein
2019-01-06	Niedersachsen	1809	1905.33095045822	-1.40471382515012	nein
2019-01-13	Niedersachsen	1869	1911.84600524346	-0.620677053739069	nein
2019-01-20	Niedersachsen	1936	1916.02198999702	0.287487427876356	nein
2019-01-27	Niedersachsen	1944	1917.78685054802	0.376817806576536	nein
2019-02-03	Niedersachsen	1990	1917.112662386	1.04374556357817	nein
2019-02-10	Niedersachsen	2019	1914.01641209415	1.50046918017247	nein
2019-02-17	Niedersachsen	1945	1908.55952863557	0.524600303189252	nein
2019-02-24	Niedersachsen	2013	1900.84618766935	1.60743105598915	nein
2019-03-03	Niedersachsen	2068	1891.02047114268	2.52931924676053	nein
2019-03-10	Niedersachsen	2068	1879.26251740288	2.70300246128397	nein
2019-03-17	Niedersachsen	1937	1865.78384027156	1.03382032030118	nein
2019-03-24	Niedersachsen	1917	1850.822026154	0.964992928350868	nein
2019-03-31	Niedersachsen	1873	1834.63503474033	0.563293741472795	nein
2019-04-07	Niedersachsen	1879	1817.49533088757	0.905440678948238	nein
2019-04-14	Niedersachsen	1818	1799.68406376312	0.272043514514874	nein
2019-04-21	Niedersachsen	1889	1781.48548621453	1.59211483985738	nein
2019-04-28	Niedersachsen	1832	1763.18177528794	1.02795993966167	nein
2019-05-05	Niedersachsen	1763	1745.04837694316	0.270830272073712	nein
2019-05-12	Niedersachsen	1779	1727.34995748983	0.780743054967122	nein
2019-05-19	Niedersachsen	1784	1710.33700407117	1.1166958666515	nein
2019-05-26	Niedersachsen	1672	1694.24307919068	-0.341966082669275	nein
2019-06-02	Niedersachsen	1656	1679.28270177639	-0.359602657072415	nein
2019-06-09	Niedersachsen	1721	1665.64980092706	0.851748850282219	nein
2019-06-16	Niedersachsen	1682	1653.5166689809	0.441086170435305	nein
2019-06-23	Niedersachsen	1705	1643.03332802781	0.959465162136011	nein
2019-06-30	Niedersachsen	1752	1634.32721814326	1.8168590748705	nein
2019-07-07	Niedersachsen	1631	1627.50311582725	0.0547224612421752	nein
2019-07-14	Niedersachsen	1676	1622.64319656224	0.832009453816012	nein
2019-07-21	Niedersachsen	1682	1619.8071651496	0.969768692081907	nein
2019-07-28	Niedersachsen	1897	1619.03239063385	4.24660462451295	nein
2019-08-04	Niedersachsen	1723	1620.33399831942	1.59414762036511	nein
2019-08-11	Niedersachsen	1657	1623.70488884676	0.520034400919652	nein
2019-08-18	Niedersachsen	1606	1629.11567282226	-0.36251685729296	nein
2019-08-25	Niedersachsen	1674	1636.51452844436	0.582918390728713	nein
2019-09-01	Niedersachsen	1726	1645.82700831493	1.23794261531717	nein
2019-09-08	Niedersachsen	1610	1656.95583952842	-0.731837357660266	nein
2019-09-15	Niedersachsen	1659	1669.78077749755	-0.166752149762517	nein
2019-09-22	Niedersachsen	1701	1684.15858802626	0.258654499835614	nein
2019-09-29	Niedersachsen	1774	1699.92324301963	1.12611883335035	nein
2019-10-06	Niedersachsen	1685	1716.88642199702	-0.487277199694917	nein
2019-10-13	Niedersachsen	1833	1734.83841330607	1.47382947280532	nein
2019-10-20	Niedersachsen	1730	1753.54950473834	-0.355719684408806	nein
2019-10-27	Niedersachsen	1779	1772.77194240799	0.0932902913601287	nein
2019-11-03	Niedersachsen	1723	1792.24251885118	-1.03879156839574	nein
2019-11-10	Niedersachsen	1765	1811.68582633835	-0.695017044082575	nein
2019-11-17	Niedersachsen	1858	1830.81817990636	0.399766088033978	nein
2019-11-24	Niedersachsen	1826	1849.35217778256	-0.343244836895164	nein
2019-12-01	Niedersachsen	1884	1867.00182651513	0.247736960057496	nein
2019-12-08	Niedersachsen	1892	1883.48811668414	0.123590799797586	nein
2019-12-15	Niedersachsen	1941	1898.54489547873	0.612118214467716	nein
2019-12-22	Niedersachsen	1912	1911.92484789479	0.00108362951606311	nein
2019-12-29	Niedersachsen	1795	1923.40537204239	-1.86698014417414	nein
2020-01-05	Niedersachsen	1937	1932.79411892023	0.0602853978759874	nein
2020-01-12	Niedersachsen	2054	1939.93396521468	1.61686145873924	nein
2020-01-19	Niedersachsen	1902	1944.70720043345	-0.612681850270835	nein
2020-01-26	Niedersachsen	1937	1947.03873701468	-0.143520093758213	nein
2020-02-02	Niedersachsen	1896	1946.89819269532	-0.730272486507573	nein
2020-02-09	Niedersachsen	1936	1944.30074586509	-0.1187391561176	nein
2020-02-16	Niedersachsen	1969	1939.30668318394	0.423931913335425	nein
2020-02-23	Niedersachsen	1928	1932.01962159428	-0.0576653403477058	nein
2020-03-01	Niedersachsen	1943	1922.58380777751	0.293008768377526	nein
2020-03-08	Niedersachsen	2025	1911.18030629597	1.62553446084676	nein
2020-03-15	Niedersachsen	1999	1898.02229589904	1.44873333601864	nein
2020-03-22	Niedersachsen	2012	1883.34972502035	1.84866349758705	nein
2020-03-29	Niedersachsen	1985	1867.42355447607	1.69836717367812	nein
2020-04-05	Niedersachsen	2064	1850.51981799535	3.07277528445202	nein
2020-04-12	Niedersachsen	2031	1832.92372006274	2.86829275169627	nein
2020-04-19	Niedersachsen	1824	1814.92396755839	0.134293911128893	nein
2020-04-26	Niedersachsen	1834	1796.80749953435	0.551723563156838	nein
2020-05-03	Niedersachsen	1791	1778.85474129126	0.181509423143424	nein
2020-05-10	Niedersachsen	1783	1761.33546794135	0.325122110314867	nein
2020-05-17	Niedersachsen	1806	1744.50532188438	0.923915366383812	nein
2020-05-24	Niedersachsen	1688	1728.60299067542	-0.618896258213952	nein
2020-05-31	Niedersachsen	1706	1713.84801863658	-0.119766910506361	nein
2020-06-07	Niedersachsen	1822	1700.43919862203	1.83963790608466	nein
2020-06-14	Niedersachsen	1649	1688.55347031573	-0.610144033604402	nein
2020-06-21	Niedersachsen	1629	1678.34523848634	-0.764322474130676	nein
2020-06-28	Niedersachsen	1717	1669.94601845171	0.72371695601853	nein
2020-07-05	Niedersachsen	1634	1663.46431599608	-0.457551942118959	nein
2020-07-12	Niedersachsen	1547	1658.98565431343	-1.75640675364458	nein
2020-07-19	Niedersachsen	1701	1656.5726703083	0.686289050995674	nein
2020-07-26	Niedersachsen	1648	1656.2652158517	-0.128363887070688	nein
2020-08-02	Niedersachsen	1734	1658.0804154979	1.16865338589452	nein
2020-08-09	Niedersachsen	1744	1662.01264992828	1.25984464627696	nein
2020-08-16	Niedersachsen	2110	1668.03345328786	6.56315302207002	nein
2020-08-23	Niedersachsen	1807	1676.09133196221	1.99391794362273	nein
2020-08-30	Niedersachsen	1690	1686.11153156864	0.0597789321454852	nein
2020-09-06	Niedersachsen	1702	1697.99579734798	0.0613402088211282	nein
2020-09-13	Niedersachsen	1757	1711.62219002559	0.689592119129363	nein
2020-09-20	Niedersachsen	1731	1726.84503375952	0.0631106754680852	nein
2020-09-27	Niedersachsen	1849	1743.49508412062	1.57975705298254	nein
2020-10-04	Niedersachsen	1789	1761.38001118855	0.414438345760716	nein
2020-10-11	Niedersachsen	1736	1780.2852948187	-0.665420935853171	nein
2020-10-18	Niedersachsen	1783	1799.97562501443	-0.25299529731003	nein
2020-10-25	Niedersachsen	1774	1820.19688937575	-0.686452002248866	nein
2020-11-01	Niedersachsen	1821	1840.67881133799	-0.290037535495703	nein
2020-11-08	Niedersachsen	1793	1861.13827734365	-1.00303959030528	nein
2020-11-15	Niedersachsen	1853	1881.28335874941	-0.412562816760393	nein
2020-11-22	Niedersachsen	1953	1900.81799634329	0.751857679745228	nein
2020-11-29	Niedersachsen	1954	1919.4472737044	0.496150275156253	nein
2020-12-06	Niedersachsen	1890	1936.88316278497	-0.674851291190639	nein
2020-12-13	Niedersachsen	2166	1952.85058405153	2.99007779064638	nein
2020-12-20	Niedersachsen	2073	1967.09358760388	1.49311035464627	nein
2020-12-27	Niedersachsen	2171	1979.38143421552	2.67469742238926	nein
2021-01-03	Niedersachsen	2160	1989.51433919094	2.37764353226946	nein
2021-01-10	Niedersachsen	2178	1997.32863960961	2.51277652758261	nein
2021-01-17	Niedersachsen	2091	2002.70115821855	1.23545186720375	nein
2021-01-24	Niedersachsen	2176	2005.55256500983	2.36765268415781	nein
2021-01-31	Niedersachsen	2165	2005.84957910501	2.21254178621476	nein
2021-02-07	Niedersachsen	2177	2003.60590640481	2.4092363892552	nein
2021-02-14	Niedersachsen	2133	1998.88186889799	1.87153003030609	nein
2021-02-21	Niedersachsen	2061	1991.782745157	0.97270191233328	nein
2021-02-28	Niedersachsen	1951	1982.45590365878	-0.446845995425087	nein
2021-03-07	Niedersachsen	1826	1971.08686659444	-2.08780727106314	nein
2021-03-14	Niedersachsen	1884	1957.89448782029	-1.06039943156595	nein
2021-03-21	Niedersachsen	1908	1943.12546159	-0.504332951730003	nein
2021-03-28	Niedersachsen	1779	1927.04839696353	-2.15653866885358	nein
2021-04-04	Niedersachsen	1799	1909.94769591554	-1.61820052842116	nein
2021-04-11	Niedersachsen	1851	1892.11746204284	-0.598850683910574	nein
2021-04-18	Niedersachsen	1825	1873.85564336316	-0.715622874039961	nein
2021-04-25	Niedersachsen	1870	1855.45857976616	0.212861985762713	nein
2021-05-02	Niedersachsen	1886	1837.21608643995	0.715522815511697	nein
2021-05-09	Niedersachsen	1900	1819.40716237928	1.18454509775322	nein
2021-05-16	Niedersachsen	1786	1802.29637101117	-0.24280239554169	nein
2021-05-23	Niedersachsen	1767	1786.13090073818	-0.286427210108301	nein
2021-05-30	Niedersachsen	1720	1771.13827888737	-0.771301100414727	nein
2021-06-06	Niedersachsen	1937	1757.52468458966	2.66038111239446	nein
2021-06-13	Niedersachsen	1746	1745.47378526654	0.00795672495666554	nein
2021-06-20	Niedersachsen	1966	1735.14600785289	3.42802635433518	nein
2021-06-27	Niedersachsen	1683	1726.6781493475	-0.666958157379317	nein
2021-07-04	Niedersachsen	1708	1720.18323112545	-0.18582189504987	nein
2021-07-11	Niedersachsen	1769	1715.75050682748	0.808140402500978	nein
2021-07-18	Niedersachsen	1781	1713.44554362324	1.02455213369922	nein
2021-07-25	Niedersachsen	1759	1713.31031028024	0.694422072349594	nein
2021-08-01	Niedersachsen	1750	1715.36322186458	0.526680062837901	nein
2021-08-08	Niedersachsen	1708	1719.5991092353	-0.176945419409825	nein
2021-08-15	Niedersachsen	1791	1725.98910103244	0.982683560456505	nein
2021-08-22	Niedersachsen	1741	1734.48042591685	0.0988540141628009	nein
2021-08-29	Niedersachsen	1776	1744.99616273412	0.467588682621871	nein
2021-09-05	Niedersachsen	1773	1757.43498535988	0.234252259319203	nein
2021-09-12	Niedersachsen	1955	1771.67096649265	2.70653802618059	nein
2021-09-19	Niedersachsen	1848	1787.55351975881	0.89826701597633	nein
2021-09-26	Niedersachsen	1858	1804.9075712535	0.785706188984464	nein
2021-10-03	Niedersachsen	1810	1823.53405906035	-0.200469370210968	nein
2021-10-10	Niedersachsen	1813	1843.21086134848	-0.445738341989011	nein
2021-10-17	Niedersachsen	1826	1863.69424937931	-0.553404379537582	nein
2021-10-24	Niedersachsen	1933	1884.7209503859	0.699428866668081	nein
2021-10-31	Niedersachsen	1992	1906.01088634426	1.23473853757806	nein
2021-11-07	Niedersachsen	1944	1927.27062812022	0.2402972690276	nein
2021-11-14	Niedersachsen	2064	1948.19757090805	1.64063346241609	nein
2021-11-21	Niedersachsen	2172	1968.48479751091	2.84832796046557	nein
2021-11-28	Niedersachsen	2116	1987.8265527885	1.79588084524348	nein
2021-12-05	Niedersachsen	2190	2005.92420811683	2.55617365588372	nein
2021-12-12	Niedersachsen	2190	2022.49255210635	2.31955041102625	nein
2021-12-19	Niedersachsen	2126	2037.2662065472	1.23183274158266	nein
2021-12-26	Niedersachsen	2054	2050.00593804392	0.0556472895277645	nein
2022-01-02	Niedersachsen	2137	2060.5046191605	1.05682901975551	nein
2022-01-09	Niedersachsen	2073	2068.59259050679	0.0611174090776741	nein
2022-01-16	Niedersachsen	1929	2074.14218840051	-2.03477304833597	nein
2022-01-23	Niedersachsen	1991	2077.07123160172	-1.19976855701975	nein
2022-01-30	Niedersachsen	1944	2077.3453038179	-1.86588114155446	nein
2022-02-06	Niedersachsen	1971	2074.97872355503	-1.45219484706814	nein
2022-02-13	Niedersachsen	1968	2070.03415565228	-1.42652486119515	nein
2022-02-20	Niedersachsen	2176	2062.62088491286	1.56068219394135	nein
2022-02-27	Niedersachsen	1938	2052.89183672769	-1.61489690586457	nein
2022-03-06	Niedersachsen	2055	2041.03948774683	0.194715767463456	nein
2022-03-13	Niedersachsen	2189	2027.29085738143	2.23667536868809	nein
2022-03-20	Niedersachsen	2129	2011.90180514264	1.63149574163814	nein
2022-03-27	Niedersachsen	2171	1995.15087774697	2.44884706875471	nein
2022-04-03	Niedersachsen	2184	1977.33295313224	2.88378551442436	nein
2022-04-10	Niedersachsen	2210	1958.75291694929	3.5098504813597	nein
2022-04-17	Niedersachsen	2131	1939.71958276547	2.69772266342709	nein
2022-04-24	Niedersachsen	2053	1920.54003300629	1.88636731479644	nein
2022-05-01	Niedersachsen	2040	1901.51451691354	1.98095177503725	nein
2022-05-08	Niedersachsen	1955	1882.93199796598	1.04178987213532	nein
2022-05-15	Niedersachsen	1939	1865.06639954093	1.07369639498763	nein
2022-05-22	Niedersachsen	1911	1848.17355687848	0.917448287138948	nein
2022-05-29	Niedersachsen	1764	1832.48884781522	-1.01649623615052	nein
2022-06-05	Niedersachsen	1913	1818.22544575675	1.39138649279074	nein
2022-06-12	Niedersachsen	1759	1805.57311675265	-0.695044828986355	nein
2022-06-19	Niedersachsen	1934	1794.69746851242	2.05026673478107	nein
2022-06-26	Niedersachsen	1888	1785.73955245298	1.51377579169125	nein
2022-07-03	Niedersachsen	1897	1778.81571973999	1.7503674020866	nein
2022-07-10	Niedersachsen	1867	1774.01763789998	1.38208730732691	nein
2022-07-17	Niedersachsen	1863	1771.41238496065	1.36252021713801	nein
2022-07-24	Niedersachsen	2134	1771.0425522372	5.27519235815734	nein
2022-07-31	Niedersachsen	1989	1772.92630389128	3.17788295320558	nein
2022-08-07	Niedersachsen	2019	1777.05736039405	3.54643794074714	nein
2022-08-14	Niedersachsen	2042	1783.40489325655	3.77864863227858	nein
2022-08-21	Niedersachsen	2049	1791.91333913728	3.74846071392894	nein
2022-08-28	Niedersachsen	1916	1802.50216200947	1.67069290911312	nein
2022-09-04	Niedersachsen	1874	1815.06561175512	0.868737612072746	nein
2022-09-11	Niedersachsen	1939	1829.47254557775	1.60098866582466	nein
2022-09-18	Niedersachsen	1846	1845.56639412599	0.00637180614153468	nein
2022-09-25	Niedersachsen	2030	1863.16536623969	2.40493434634927	nein
2022-10-02	Niedersachsen	2043	1882.06299373665	2.30954966030856	nein
2022-10-09	Niedersachsen	2072	1902.02911960349	2.42470675042031	nein
2022-10-16	Niedersachsen	2180	1922.81142835616	3.62379666938356	nein
2022-10-23	Niedersachsen	2221	1944.13760540174	3.8740936789284	nein
2022-10-30	Niedersachsen	2228	1965.71819249208	3.65446924342936	nein
2022-11-06	Niedersachsen	2031	1987.25017881094	0.61696554576881	nein
2022-11-13	Niedersachsen	2019	2008.42133247766	0.148786528390811	nein
2022-11-20	Niedersachsen	2132	2028.91523657279	1.43165168342464	nein
2022-11-27	Niedersachsen	2246	2048.41694921389	2.71094807141202	nein
2022-12-04	Niedersachsen	2336	2066.61916143175	3.66008834314487	nein
2022-12-11	Niedersachsen	2450	2083.22868286075	4.92881889729088	nein
2022-12-18	Niedersachsen	2772	2097.97304711072	8.84088396233775	nein
2022-12-25	Niedersachsen	2899	2110.60699967779	10.2368205112336	nein
2023-01-01	Niedersachsen	2902	2120.91861455077	10.1231018318955	nein
2023-01-08	Niedersachsen	2644	2128.73478370954	6.78150168118865	nein
2023-01-15	Niedersachsen	2377	2133.92583784041	3.25614184881331	nein
2023-01-22	Niedersachsen	2148	2136.40908684073	0.15788145030504	nein
2023-01-29	Niedersachsen	2107	2136.15111364665	-0.398340832744796	nein
2023-02-05	Niedersachsen	2174	2133.16871181587	0.555278096748742	nein
2023-02-12	Niedersachsen	2076	2127.52842219204	-0.706764666868564	nein
2023-02-19	Niedersachsen	2072	2119.34469213918	-0.650423993031613	nein
2023-02-26	Niedersachsen	2092	2108.77674720444	-0.230500709224649	nein
2023-03-05	Niedersachsen	2053	2096.02432477207	-0.594194472912184	nein
2023-03-12	Niedersachsen	2215	2081.32246810401	1.82717341240892	nein
2023-03-19	Niedersachsen	2257	2064.935613984	2.62384259441217	nein
2023-03-26	Niedersachsen	2204	2047.1512261822	2.15774008193084	nein
2023-04-02	Niedersachsen	2218	2028.27322975442	2.61539728409728	nein
2023-04-09	Niedersachsen	2066	2008.61548876875	0.803269066131205	nein
2023-04-16	Niedersachsen	2028	1988.49554455063	0.556616163401483	nein
2023-04-23	Niedersachsen	2046	1968.22879594111	1.09799332473084	nein
2023-04-30	Niedersachsen	2089	1948.12326083032	1.98886858289772	nein
2023-05-07	Niedersachsen	2002	1928.47501292814	1.04911085126114	nein
2023-05-14	Niedersachsen	2022	1909.56434270818	1.60699877478133	nein
2023-05-21	Niedersachsen	1901	1891.65264957308	0.135424895646239	nein
2023-05-28	Niedersachsen	1910	1874.98003575722	0.508504841913054	nein
2023-06-04	Niedersachsen	1848	1859.76354280691	-0.172234168995853	nein
2023-06-11	Niedersachsen	1884	1846.19594945668	0.553104666960922	nein
2023-06-18	Niedersachsen	1826	1834.44507798589	-0.124477192987398	nein
2023-06-25	Niedersachsen	1851	1824.65354762458	0.388168124929508	nein
2023-07-02	Niedersachsen	1783	1816.93853508368	-0.503886066086551	nein
2023-07-09	Niedersachsen	1746	1811.39179025601	-0.975283698508826	nein
2023-07-16	Niedersachsen	1769	1808.0797759327	-0.581971784280427	nein
2023-07-23	Niedersachsen	1652	1807.04381787468	-2.33548730931441	nein
2023-07-30	Niedersachsen	1790	1808.30021217395	-0.27199587100004	nein
2023-08-06	Niedersachsen	1740	1811.84025637356	-1.0720990387257	nein
2023-08-13	Niedersachsen	1717	1817.63019154115	-1.50344261146509	nein
2023-08-20	Niedersachsen	1840	1825.61106367435	0.21221740396848	nein
2023-08-27	Niedersachsen	1809	1835.69853374999	-0.394159196985985	nein
2023-09-03	Niedersachsen	1693	1847.78268568543	-2.30503460769908	nein
2023-09-10	Niedersachsen	1897	1861.72789967261	0.5141996424817	nein
2023-09-17	Niedersachsen	1854	1877.37287390109	-0.341078951749032	nein
2023-09-24	Niedersachsen	1774	1894.53088964018	-1.76629688823013	nein
2023-10-01	Niedersachsen	1812	1912.99042196804	-1.4699639837643	nein
2023-10-08	Niedersachsen	1853	1932.51620006916	-1.14917345769023	nein
2023-10-15	Niedersachsen	1857	1952.8508159993	-1.37982530083246	nein
2023-10-22	Niedersachsen	1982	1973.71696835924	0.117533752907353	nein
2023-10-29	Niedersachsen	2136	1994.82040698279	1.97111706411176	nein
2023-11-05	Niedersachsen	2140	2015.85361656184	1.72662671300555	nein
2023-11-12	Niedersachsen	2092	2036.50024174479	0.772173176646797	nein
2023-11-19	Niedersachsen	2038	2056.44021499492	-0.256826563680807	nein
2023-11-26	Niedersachsen	2169	2075.35550345494	1.28665713061015	nein
2023-12-03	Niedersachsen	2293	2092.93634498526	2.71518166106458	nein
2023-12-10	Niedersachsen	2328	2108.88779971364	2.95833464978053	nein
2023-12-17	Niedersachsen	2323	2122.93640543714	2.69601164835986	nein
2023-12-24	Niedersachsen	2307	2134.83669661406	2.31830758271553	nein
2023-12-31	Niedersachsen	2191	2144.37733064351	0.632325633221924	nein
2024-01-07	Niedersachsen	2182	2151.38656405445	0.415009164789072	nein
2024-01-14	Niedersachsen	2219	2155.73683641148	0.854595248131904	nein
2024-01-21	Niedersachsen	2126	2157.34825114903	-0.426389761903992	nein
2024-01-28	Niedersachsen	2265	2156.19078868076	1.46461927904871	nein
2024-02-04	Niedersachsen	2226	2152.28514512638	0.995746781963193	nein
2024-02-11	Niedersachsen	2206	2145.70215583017	0.816594289627862	nein
2024-02-18	Niedersachsen	2118	2136.56083170898	-0.253449678198157	nein
2024-02-25	Niedersachsen	2137	2125.02510325221	0.163579745654795	nein
2024-03-03	Niedersachsen	2081	2111.29942680162	-0.416661299983952	nein
2024-03-10	Niedersachsen	1984	2095.62345636102	-1.55113259669667	nein
2024-03-17	Niedersachsen	2041	2078.26601851388	-0.516929276448455	nein
2024-03-24	Niedersachsen	1947	2059.51864630416	-1.57792762479745	nein
2024-03-31	Niedersachsen	1871	2039.68892984784	-2.38913110035013	nein
2024-04-07	Niedersachsen	1927	2019.09392805226	-1.30264264477662	nein
2024-04-14	Niedersachsen	1954	1998.05385934184	-0.623963058948305	nein
2024-04-21	Niedersachsen	1868	1976.88625277797	-1.55946241233075	nein
2024-04-28	Niedersachsen	1972	1955.90069793325	0.229359830660867	nein
2024-05-05	Niedersachsen	1993	1935.39428594323	0.822202743561899	nein
2024-05-12	Niedersachsen	1867	1915.64778867809	-0.70443344013592	nein
2024-05-19	Niedersachsen	1932	1896.92258081786	0.506756929172038	nein
2024-05-26	Niedersachsen	1862	1879.45827298816	-0.254583376336301	nein
2024-06-02	Niedersachsen	1798	1863.47099449414	-0.963107495124413	nein
2024-06-09	Niedersachsen	1755	1849.15224234895	-1.39427337660681	nein
2024-06-16	Niedersachsen	1817	1836.66819936579	-0.290275026813282	nein
2024-06-23	Niedersachsen	1855	1826.15941770291	0.425021305691421	nein
2024-06-30	Niedersachsen	1965	1817.7407646926	2.15256790567515	nein
2024-07-07	Niedersachsen	1801	1811.50153410054	-0.155961487519314	nein
2024-07-14	Niedersachsen	1854	1807.5056371087	0.687701058468421	nein
2024-07-21	Niedersachsen	1876	1805.79180225201	1.03676424433217	nein
2024-07-28	Niedersachsen	1786	1806.37373128376	-0.30332094946337	nein
2024-08-04	Niedersachsen	1769	1809.24017760924	-0.5997386015153	nein
2024-08-11	Niedersachsen	1812	1814.35493471006	-0.0349258701889249	nein
2024-08-18	Niedersachsen	1933	1821.65674315097	1.63132924359254	nein
2024-08-25	Niedersachsen	1805	1831.05914561019	-0.385555406333264	nein
2024-09-01	Niedersachsen	1780	1842.45033918263	-0.924190654571019	nein
2024-09-08	Niedersachsen	1973	1855.69309219465	1.70228087745883	nein
2024-09-15	Niedersachsen	1888	1870.62480807786	0.253333298248876	nein
2024-09-22	Niedersachsen	1909	1887.05783052906	0.318391635929826	nein
2024-09-29	Niedersachsen	1949	1904.78009121696	0.637417967313241	nein
2024-10-06	Niedersachsen	1879	1923.55620265986	-0.64405077831785	nein
2024-10-13	Niedersachsen	1914	1943.12909364303	-0.418325722511137	nein
2024-10-20	Niedersachsen	2037	1963.22227192051	1.04489747427207	nein
2024-10-27	Niedersachsen	1977	1983.54277853413	-0.0928032512606547	nein
2024-11-03	Niedersachsen	1984	2003.78486994182	-0.27949215237702	nein
2024-11-10	Niedersachsen	1949	2023.63442893782	-1.05385931857108	nein
2024-11-17	Niedersachsen	2088	2042.77406442175	0.629285393064408	nein
2024-11-24	Niedersachsen	2091	2060.88881550474	0.417602963954495	nein
2024-12-01	Niedersachsen	2142	2077.67232996766	0.886058274409642	nein
2024-12-08	Niedersachsen	2132	2092.83334396967	0.538552351167778	nein
2024-12-15	Niedersachsen	2089	2106.10225268647	-0.235442029335767	nein
2024-12-22	Niedersachsen	2187	2117.23753374599	0.951306191431295	nein
2024-12-29	Niedersachsen	1984	2126.03177003194	-1.96544631994766	nein
2025-01-05	Niedersachsen	2131	2132.31701798059	-0.0179921547124528	nein
2025-01-12	Niedersachsen	2235	2135.96928314153	1.34127801338742	nein
2025-01-19	Niedersachsen	2198	2136.91189641639	0.829553343457631	nein
2025-01-26	Niedersachsen	2387	2135.11763051138	3.37371493998256	nein
2025-02-02	Niedersachsen	2290	2130.60945385789	2.15155051350109	nein
2025-02-09	Niedersachsen	2296	2123.45988455921	2.33062242091113	nein
2025-02-16	Niedersachsen	2427	2113.78897504098	4.19705911308102	nein
2025-02-23	Niedersachsen	2489	2101.76102396365	5.176201942367	nein
2025-03-02	Niedersachsen	2371	2087.58017076512	3.82920164861836	nein
2025-03-09	Niedersachsen	2275	2071.48507581441	2.77646555598624	nein
2025-03-16	Niedersachsen	2215	2053.74292253664	2.21646686610574	nein
2025-03-23	Niedersachsen	2200	2034.64299532547	2.28267795446003	nein
2025-03-30	Niedersachsen	2087	2014.49008833162	1.01336797103569	nein
2025-04-06	Niedersachsen	2078	1993.59798639778	1.18462821446971	nein
2025-04-13	Niedersachsen	1979	1972.28323273229	0.0953977500981006	nein
2025-04-20	Niedersachsen	2059	1950.85936142208	1.53140857402874	nein
2025-04-27	Niedersachsen	1848	1929.63173007313	-1.1814620891837	nein
2025-05-04	Niedersachsen	1876	1908.89304230443	-0.476641633257536	nein
2025-05-11	Niedersachsen	1777	1888.91960482851	-1.64224703498288	nein
2025-05-18	Niedersachsen	1777	1869.96832224953	-1.36888228048553	nein
2025-05-25	Niedersachsen	1826	1852.27439665821	-0.386383370607147	nein
2025-06-01	Niedersachsen	1886	1836.04967004123	0.732774705887194	nein
2025-06-08	Niedersachsen	1818	1821.48152618417	-0.0515268057600941	nein
2025-06-15	Niedersachsen	1830	1808.73225524449	0.315160771928043	nein
2025-06-22	Niedersachsen	1699	1797.93877812292	-1.48727690847684	nein
2025-06-29	Niedersachsen	1719	1789.2126284308	-1.05514299651025	nein
2025-07-06	Niedersachsen	1739	1782.64009628962	-0.65535938322	nein
2025-07-13	Niedersachsen	1704	1778.28244936823	-1.12016267993867	nein
2025-07-20	Niedersachsen	1821	1776.17616142651	0.668748738372146	nein
2025-07-27	Niedersachsen	1724	1776.33309622061	-0.787869026914301	nein
2025-08-03	Niedersachsen	1716	1778.74061405461	-0.944789365594719	nein
2025-08-10	Niedersachsen	1837	1783.36158874816	0.797857972625024	nein
2025-08-17	Niedersachsen	1807	1790.13434360917	0.251226619558809	nein
2025-08-24	Niedersachsen	1766	1798.97253546235	-0.492171922260137	nein
2025-08-31	Niedersachsen	1768	1809.76503518465	-0.621982853783518	nein
2025-09-07	Niedersachsen	1762	1822.37587077628	-0.897447802733302	nein
2025-09-14	Niedersachsen	1737	1836.64431391331	-1.48055122632344	nein
2025-09-21	Niedersachsen	1804	1852.38520225948	-0.712306298277882	nein
2025-09-28	Niedersachsen	1817	1869.38959657376	-0.767863139131178	nein
2025-10-05	Niedersachsen	1829	1887.42587284128	-0.852507503701577	nein
2025-10-12	Niedersachsen	1896	1906.24134436049	-0.14802552931744	nein
2025-10-19	Niedersachsen	1821	1925.56449621613	-1.51602445091509	nein
2025-10-26	Niedersachsen	1974	1945.10789445963	0.411847401098323	nein
2025-11-02	Niedersachsen	2161	1964.57180467547	2.74778494263181	nein
2025-11-09	Niedersachsen	2101	1983.64852009465	1.64386168934283	nein
2025-11-16	Niedersachsen	2043	2002.02735935958	0.574763900943492	nein
2025-11-23	Niedersachsen	1985	2019.4002504859	-0.483381387104569	nein
2025-11-30	Niedersachsen	2111	2035.46777319126	1.04748229547844	nein
2025-12-07	Niedersachsen	2085	2049.94548975847	0.485892423605919	nein
2025-12-14	Niedersachsen	2039	2062.57035843072	-0.327185321343825	nein
2025-12-21	Niedersachsen	2045	2073.10699641898	-0.389224357299721	nein
2025-12-28	Niedersachsen	1921	2081.35354495873	-2.24011103776594	nein
2026-01-04	Niedersachsen	2186	2087.14688874832	1.35017820970705	nein
2026-01-11	Niedersachsen	2244	2090.36699771964	2.08770556810786	nein
2026-01-18	Niedersachsen	2370	2090.94019031731	3.75597047643515	nein
2026-01-25	Niedersachsen	2149	2088.84116278378	0.823485861936095	nein
2026-02-01	Niedersachsen	2220	2084.09368552788	1.85141138443039	nein
2026-02-08	Niedersachsen	2286	2076.76993155666	2.8392024345528	nein
2026-02-15	Niedersachsen	2363	2066.98846850684	4.00001342497935	nein
2026-02-22	Niedersachsen	2412	2054.91101008404	4.81732447292064	nein
2026-03-01	Niedersachsen	2271	2040.73807999345	3.14598665892038	nein
2026-03-08	Niedersachsen	2133	2024.70378770889	1.49941809591638	nein
2026-03-15	Niedersachsen	1993	2007.06994773496	-0.197616127851675	nein
2026-03-22	Niedersachsen	1865	1988.11979074242	-1.75393299796921	nein
2026-03-29	Niedersachsen	1942	1968.15151587217	-0.371342620876095	nein
2026-04-05	Niedersachsen	1956	1947.4719196995	0.121384103411809	nein
2026-04-12	Niedersachsen	1885	1926.39031102642	-0.594946762110471	nein
2026-04-19	Niedersachsen	1994	1905.212884816	1.26900795754113	nein
2026-04-26	Niedersachsen	1912	1884.23768661863	0.401095362108464	nein
2026-05-03	Niedersachsen	1881	1863.75025425533	0.250815441769746	nein
2026-05-10	Niedersachsen	1844	1844.01997955807	-0.000292512275336814	nein
2026-05-17	Niedersachsen	1777	1825.2971923661	-0.71388789355786	nein
2026-05-24	Niedersachsen	1860	1807.8109338432	0.768015391542437	nein
2026-05-31	Niedersachsen	1791	1791.76735790389	-0.0113974979873366	nein
2026-06-07	Niedersachsen	1755	1777.34867882166	-0.333948483312987	nein
2026-06-14	Niedersachsen	1715	1764.71257003832	-0.747409828131823	nein
2026-06-21	Niedersachsen	1915	1753.99191341555	2.38083953441802	nein
2026-06-28	Niedersachsen	2158	1745.29479894142	5.98648584717756	nein
2026-07-05	Niedersachsen	2071	1738.70468129327	4.86038809339605	nein
2026-07-12	Niedersachsen	1778	1734.28061064455	0.656849977029219	nein
2026-07-19	Niedersachsen	1767	1732.05746967381	0.525664102766599	nein
2026-07-26	Niedersachsen	1706	1732.04616593902	-0.394056738779572	nein
2026-08-02	Niedersachsen	1846	1734.23374776211	1.66764366303899	nein
2026-08-09	Niedersachsen	1807	1738.58343175825	1.02342876393325	nein
2026-08-16	Niedersachsen	1792	1745.0345504422	0.702484894141227	ja
2026-08-23	Niedersachsen	1709	1753.50244827639	-0.66965690330234	ja
2026-08-30	Niedersachsen	1768	1763.87837340907	0.0615320067697584	ja
2026-09-06	Niedersachsen	1783	1776.02942944816	0.103646388775746	ja
2026-09-13	Niedersachsen	1832	1789.79866611349	0.622839431858708	ja
2026-09-20	Niedersachsen	1838	1805.00539861037	0.485148223584451	ja
2026-09-27	Niedersachsen	1672	1821.44585211219	-2.22441879104628	ja
2016-10-09	Nordrhein-Westfalen	3565	3717.26441850457	-1.00235473799447	nein
2016-10-16	Nordrhein-Westfalen	3825	3753.87500816738	0.461331586628677	nein
2016-10-23	Nordrhein-Westfalen	3793	3792.2753854513	0.00469137422889004	nein
2016-10-30	Nordrhein-Westfalen	3928	3831.93933411336	0.616246632657055	nein
2016-11-06	Nordrhein-Westfalen	3869	3872.30569290937	-0.021189084959019	nein
2016-11-13	Nordrhein-Westfalen	3897	3912.78496132759	-0.100720646923229	nein
2016-11-20	Nordrhein-Westfalen	4102	3952.76734593998	0.941006460263231	nein
2016-11-27	Nordrhein-Westfalen	4044	3991.63220351742	0.329964515855009	nein
2016-12-04	Nordrhein-Westfalen	3885	4028.75875201937	-0.909148613968024	nein
2016-12-11	Nordrhein-Westfalen	4168	4063.537831403	0.651145010518884	nein
2016-12-18	Nordrhein-Westfalen	4197	4095.38440892065	0.631091334140249	nein
2016-12-25	Nordrhein-Westfalen	4252	4123.75044496824	0.793026693193352	nein
2017-01-01	Nordrhein-Westfalen	4253	4148.13767259754	0.647187356508663	nein
2017-01-08	Nordrhein-Westfalen	4482	4168.10980301177	1.91733391633656	nein
2017-01-15	Nordrhein-Westfalen	4792	4183.30365601003	3.67172645216168	nein
2017-01-22	Nordrhein-Westfalen	4623	4193.43873180981	2.60546542274918	nein
2017-01-29	Nordrhein-Westfalen	4825	4198.32478988411	3.77219903476907	nein
2017-02-05	Nordrhein-Westfalen	5238	4197.86707957664	6.17265741975212	nein
2017-02-12	Nordrhein-Westfalen	5068	4192.06897172005	5.23158117875475	nein
2017-02-19	Nordrhein-Westfalen	4851	4181.03186325943	4.03617635289227	nein
2017-02-26	Nordrhein-Westfalen	4682	4164.95235914685	3.13849947450092	nein
2017-03-05	Nordrhein-Westfalen	4492	4144.11686773936	2.13054632109969	nein
2017-03-12	Nordrhein-Westfalen	4247	4118.8938678498	0.79377617412699	nein
2017-03-19	Nordrhein-Westfalen	4159	4089.72420871874	0.431850668948983	nein
2017-03-26	Nordrhein-Westfalen	3931	4057.10988160537	-0.795807959687992	nein
2017-04-02	Nordrhein-Westfalen	3891	4021.60174900438	-0.828123384247592	nein
2017-04-09	Nordrhein-Westfalen	3684	3983.78673302383	-1.92445506057459	nein
2017-04-16	Nordrhein-Westfalen	3748	3944.27494928934	-1.26086060769758	nein
2017-04-23	Nordrhein-Westfalen	3727	3903.68723038134	-1.14022569011571	nein
2017-04-30	Nordrhein-Westfalen	3933	3862.64341864365	0.451667350302835	nein
2017-05-07	Nordrhein-Westfalen	3789	3821.7517287808	-0.212355882711187	nein
2017-05-14	Nordrhein-Westfalen	3873	3781.5993929841	0.592635610088686	nein
2017-05-21	Nordrhein-Westfalen	3739	3742.74471215264	-0.0245119016089207	nein
2017-05-28	Nordrhein-Westfalen	3630	3705.71055206881	-0.499759095998412	nein
2017-06-04	Nordrhein-Westfalen	3763	3670.97924793063	0.605779050179107	nein
2017-06-11	Nordrhein-Westfalen	3431	3638.98881783963	-1.39462806483923	nein
2017-06-18	Nordrhein-Westfalen	3630	3610.13033768777	0.13236692118636	nein
2017-06-25	Nordrhein-Westfalen	3764	3584.74629708773	1.18985496910302	nein
2017-07-02	Nordrhein-Westfalen	3451	3563.12973817769	-0.75680050263099	nein
2017-07-09	Nordrhein-Westfalen	3637	3545.52397513181	0.613124644126074	nein
2017-07-16	Nordrhein-Westfalen	3444	3532.12270032289	-0.596873738698874	nein
2017-07-23	Nordrhein-Westfalen	3674	3523.07030134418	1.01229419948252	nein
2017-07-30	Nordrhein-Westfalen	3575	3518.46223947503	0.381159833130327	nein
2017-08-06	Nordrhein-Westfalen	3468	3518.34537271839	-0.341181609422046	nein
2017-08-13	Nordrhein-Westfalen	3478	3522.71814346595	-0.302811731366086	nein
2017-08-20	Nordrhein-Westfalen	3507	3531.53059054994	-0.165761517195259	nein
2017-08-27	Nordrhein-Westfalen	3454	3544.68418646814	-0.613636061694577	nein
2017-09-03	Nordrhein-Westfalen	3508	3562.03154154923	-0.364119981334277	nein
2017-09-10	Nordrhein-Westfalen	3468	3583.3760563868	-0.777516595598473	nein
2017-09-17	Nordrhein-Westfalen	3492	3608.47164055936	-0.782242490910549	nein
2017-09-24	Nordrhein-Westfalen	3559	3637.0226478619	-0.521032445731307	nein
2017-10-01	Nordrhein-Westfalen	3663	3668.68420422157	-0.0376711183183098	nein
2017-10-08	Nordrhein-Westfalen	3584	3703.0631222104	-0.789512738810666	nein
2017-10-15	Nordrhein-Westfalen	3793	3739.71960358673	0.348860332674265	nein
2017-10-22	Nordrhein-Westfalen	3828	3778.1699266458	0.324674685517611	nein
2017-10-29	Nordrhein-Westfalen	3700	3817.89029667477	-0.76981946921737	nein
2017-11-05	Nordrhein-Westfalen	3654	3858.32200435588	-1.33228591067018	nein
2017-11-12	Nordrhein-Westfalen	3786	3898.87798823133	-0.729185097576953	nein
2017-11-19	Nordrhein-Westfalen	3914	3938.95083409833	-0.1597495107888	nein
2017-11-26	Nordrhein-Westfalen	3988	3977.9221685024	0.0641125789978014	nein
2017-12-03	Nordrhein-Westfalen	3998	4015.17331880174	-0.108867979206246	nein
2017-12-10	Nordrhein-Westfalen	4159	4050.09702341176	0.683859263074123	nein
2017-12-17	Nordrhein-Westfalen	4061	4082.10988879652	-0.132740923076429	nein
2017-12-24	Nordrhein-Westfalen	4267	4110.66521130571	0.972678030785493	nein
2017-12-31	Nordrhein-Westfalen	4121	4135.26571902557	-0.0890998999763751	nein
2018-01-07	Nordrhein-Westfalen	4270	4155.47574790429	0.709902192395368	nein
2018-01-14	Nordrhein-Westfalen	4174	4170.93235280566	0.0190645193759798	nein
2018-01-21	Nordrhein-Westfalen	4164	4181.35487122525	-0.107810250491155	nein
2018-01-28	Nordrhein-Westfalen	4239	4186.55250611609	0.324712469139077	nein
2018-02-04	Nordrhein-Westfalen	4221	4186.42957282486	0.214192406755959	nein
2018-02-11	Nordrhein-Westfalen	4538	4180.98815898973	2.1861349950337	nein
2018-02-18	Nordrhein-Westfalen	4732	4170.32806842299	3.4177615926271	nein
2018-02-25	Nordrhein-Westfalen	5065	4154.64405171562	5.4812588649667	nein
2018-03-04	Nordrhein-Westfalen	5944	4134.22045781118	10.6052210959943	nein
2018-03-11	Nordrhein-Westfalen	6179	4109.42356238722	12.0647881561641	nein
2018-03-18	Nordrhein-Westfalen	5331	4080.69193182472	7.50472781081609	nein
2018-03-25	Nordrhein-Westfalen	5081	4048.52525895714	6.26682308562992	nein
2018-04-01	Nordrhein-Westfalen	4578	4013.47215423156	3.49970682359631	nein
2018-04-08	Nordrhein-Westfalen	4501	3976.11739170673	3.27370365733823	nein
2018-04-15	Nordrhein-Westfalen	4199	3937.06909450985	1.65867923864311	nein
2018-04-22	Nordrhein-Westfalen	4025	3896.94630244872	0.819548098566824	nein
2018-04-29	Nordrhein-Westfalen	3720	3856.36730077161	-0.88743728408616	nein
2018-05-06	Nordrhein-Westfalen	3588	3815.93901010151	-1.49757684974455	nein
2018-05-13	Nordrhein-Westfalen	3864	3776.24765031406	0.571528289122072	nein
2018-05-20	Nordrhein-Westfalen	3641	3737.85080230885	-0.639274798499446	nein
2018-05-27	Nordrhein-Westfalen	3606	3701.27090719554	-0.631961914678837	nein
2018-06-03	Nordrhein-Westfalen	3862	3666.99016714867	1.28283665812559	nein
2018-06-10	Nordrhein-Westfalen	3671	3635.44674948537	0.236571493078528	nein
2018-06-17	Nordrhein-Westfalen	3385	3607.03214738962	-1.50136023366674	nein
2018-06-24	Nordrhein-Westfalen	3480	3582.08951786129	-0.688811856173039	nein
2018-07-01	Nordrhein-Westfalen	3633	3560.91279955694	0.483884338424881	nein
2018-07-08	Nordrhein-Westfalen	3638	3543.74640905065	0.633566787655421	nein
2018-07-15	Nordrhein-Westfalen	3567	3530.7853219987	0.244542490940538	nein
2018-07-22	Nordrhein-Westfalen	3871	3522.17536378485	2.32504952428138	nein
2018-07-29	Nordrhein-Westfalen	4283	3518.01356043943	5.01231520561526	nein
2018-08-05	Nordrhein-Westfalen	4712	3518.34843302742	7.68913424812712	nein
2018-08-12	Nordrhein-Westfalen	4216	3523.18015551351	4.54998217659318	nein
2018-08-19	Nordrhein-Westfalen	3694	3532.46053573925	1.08432637412433	nein
2018-08-26	Nordrhein-Westfalen	3522	3546.09282014069	-0.162810105841534	nein
2018-09-02	Nordrhein-Westfalen	3541	3563.93136382836	-0.154562408557468	nein
2018-09-09	Nordrhein-Westfalen	3661	3585.78124727683	0.503143577898757	nein
2018-09-16	Nordrhein-Westfalen	3564	3611.39795767258	-0.31770978081376	nein
2018-09-23	Nordrhein-Westfalen	3690	3640.48728533998	0.329076795913455	nein
2018-09-30	Nordrhein-Westfalen	3491	3672.70561181539	-1.21518982990749	nein
2018-10-07	Nordrhein-Westfalen	3685	3707.66078411924	-0.149716149784392	nein
2018-10-14	Nordrhein-Westfalen	3780	3744.91377755375	0.230046048323407	nein
2018-10-21	Nordrhein-Westfalen	3646	3783.98134496786	-0.906915270405901	nein
2018-10-28	Nordrhein-Westfalen	3525	3824.33983219367	-1.97120945947438	nein
2018-11-04	Nordrhein-Westfalen	3710	3865.43030611726	-1.01127448134823	nein
2018-11-11	Nordrhein-Westfalen	3854	3906.66509325961	-0.33926674837362	nein
2018-11-18	Nordrhein-Westfalen	3598	3947.43576355348	-2.26847534927082	nein
2018-11-25	Nordrhein-Westfalen	3758	3987.12251824298	-1.4717966424776	nein
2018-12-02	Nordrhein-Westfalen	3913	4025.10485594935	-0.713005683005069	nein
2018-12-09	Nordrhein-Westfalen	3972	4060.77330175836	-0.561505078612879	nein
2018-12-16	Nordrhein-Westfalen	3821	4093.54189668079	-1.73007636359859	nein
2018-12-23	Nordrhein-Westfalen	4209	4122.86106579043	0.536791384291192	nein
2018-12-30	Nordrhein-Westfalen	3949	4148.23041974199	-1.2520921578933	nein
2019-01-06	Nordrhein-Westfalen	4095	4169.21100274331	-0.462789443672327	nein
2019-01-13	Nordrhein-Westfalen	4257	4185.43648573006	0.442805341123156	nein
2019-01-20	Nordrhein-Westfalen	4121	4196.62281990834	-0.470022832660461	nein
2019-01-27	Nordrhein-Westfalen	4253	4202.57591399608	0.311606028625443	nein
2019-02-03	Nordrhein-Westfalen	4400	4203.1969766628	1.20918284828237	nein
2019-02-10	Nordrhein-Westfalen	4368	4198.48526933619	1.04318752624288	nein
2019-02-17	Nordrhein-Westfalen	4465	4188.53813676028	1.69637831220191	nein
2019-02-24	Nordrhein-Westfalen	4519	4173.54831467469	2.11792524423827	nein
2019-03-03	Nordrhein-Westfalen	4540	4153.79864597645	2.36966229539099	nein
2019-03-10	Nordrhein-Westfalen	4488	4129.65445897092	2.20739709743735	nein
2019-03-17	Nordrhein-Westfalen	4288	4101.55396503559	1.16008823858485	nein
2019-03-24	Nordrhein-Westfalen	4292	4069.99711126604	1.38472264420177	nein
2019-03-31	Nordrhein-Westfalen	4135	4035.53337194295	0.626121168089953	nein
2019-04-07	Nordrhein-Westfalen	4174	3998.74897921356	1.10484722389987	nein
2019-04-14	Nordrhein-Westfalen	4004	3960.25407922057	0.278634002655125	nein
2019-04-21	Nordrhein-Westfalen	3996	3920.67025847294	0.481600442838391	nein
2019-04-28	Nordrhein-Westfalen	3836	3880.6188218545	-0.288211649098473	nein
2019-05-05	Nordrhein-Westfalen	3697	3840.71012482411	-0.937261440255048	nein
2019-05-12	Nordrhein-Westfalen	3738	3801.53417504928	-0.415051534255518	nein
2019-05-19	Nordrhein-Westfalen	3808	3763.65262969256	0.289796052339114	nein
2019-05-26	Nordrhein-Westfalen	3637	3727.59222981511	-0.598479991068642	nein
2019-06-02	Nordrhein-Westfalen	3760	3693.83963768519	0.435999512813352	nein
2019-06-09	Nordrhein-Westfalen	3824	3662.83757962374	1.0620614128113	nein
2019-06-16	Nordrhein-Westfalen	3562	3634.98214842214	-0.48794592139127	nein
2019-06-23	Nordrhein-Westfalen	3557	3610.62108607695	-0.359399415264131	nein
2019-06-30	Nordrhein-Westfalen	4149	3590.05284927762	3.65674930909331	nein
2019-07-07	Nordrhein-Westfalen	3530	3573.52625561497	-0.293124355557736	nein
2019-07-14	Nordrhein-Westfalen	3598	3561.24051618664	0.247052772908447	nein
2019-07-21	Nordrhein-Westfalen	3646	3553.34547821284	0.62178814182796	nein
2019-07-28	Nordrhein-Westfalen	4883	3549.94192743447	8.50356052333901	nein
2019-08-04	Nordrhein-Westfalen	3812	3551.0818325076	1.73818211701203	nein
2019-08-11	Nordrhein-Westfalen	3596	3556.76845056116	0.263788883094636	nein
2019-08-18	Nordrhein-Westfalen	3484	3566.95625294706	-0.56018175247622	nein
2019-08-25	Nordrhein-Westfalen	3669	3581.55067153199	0.584633374321254	nein
2019-09-01	Nordrhein-Westfalen	3849	3600.40770728516	1.64561809006067	nein
2019-09-08	Nordrhein-Westfalen	3464	3623.33348302568	-1.07117126845006	nein
2019-09-15	Nordrhein-Westfalen	3511	3650.08385953753	-0.930606929374781	nein
2019-09-22	Nordrhein-Westfalen	3572	3680.36426721078	-0.720955170421051	nein
2019-09-29	Nordrhein-Westfalen	3758	3713.82993210745	0.290495046296361	nein
2019-10-06	Nordrhein-Westfalen	3720	3750.08669389422	-0.197550057080308	nein
2019-10-13	Nordrhein-Westfalen	3871	3788.69262135972	0.534975106859904	nein
2019-10-20	Nordrhein-Westfalen	3917	3829.16062723107	0.567735847333056	nein
2019-10-27	Nordrhein-Westfalen	3877	3870.96226598671	0.0389458287045787	nein
2019-11-03	Nordrhein-Westfalen	3824	3913.53286512495	-0.576671960846122	nein
2019-11-10	Nordrhein-Westfalen	3830	3956.27809150789	-0.810090966767255	nein
2019-11-17	Nordrhein-Westfalen	3955	3998.58199066468	-0.277082026204679	nein
2019-11-24	Nordrhein-Westfalen	4130	4039.81646032818	0.567227060369232	nein
2019-12-01	Nordrhein-Westfalen	4076	4079.35203344608	-0.021059041941154	nein
2019-12-08	Nordrhein-Westfalen	4236	4116.56975530646	0.743173650606291	nein
2019-12-15	Nordrhein-Westfalen	4185	4150.87385030354	0.212180590796449	nein
2019-12-22	Nordrhein-Westfalen	4097	4181.70479310707	-0.527174011530217	nein
2019-12-29	Nordrhein-Westfalen	3896	4208.55233369308	-1.95703100300956	nein
2020-01-05	Nordrhein-Westfalen	4082	4230.96798250552	-0.923945854517252	nein
2020-01-12	Nordrhein-Westfalen	4193	4248.5764464104	-0.342685536594629	nein
2020-01-19	Nordrhein-Westfalen	4197	4261.08552164091	-0.394694180511695	nein
2020-01-26	Nordrhein-Westfalen	3986	4268.29399771922	-1.75244886911458	nein
2020-02-02	Nordrhein-Westfalen	4265	4270.09720469471	-0.0312875285216304	nein
2020-02-09	Nordrhein-Westfalen	4085	4266.48994047224	-1.12235527177671	nein
2020-02-16	Nordrhein-Westfalen	4300	4257.56654400657	0.260384895624738	nein
2020-02-23	Nordrhein-Westfalen	4212	4243.51801638544	-0.194298562025236	nein
2020-03-01	Nordrhein-Westfalen	4293	4224.62707639939	0.420817186390944	nein
2020-03-08	Nordrhein-Westfalen	4389	4201.26064126367	1.15342280067391	nein
2020-03-15	Nordrhein-Westfalen	4462	4173.86018524937	1.76932006733821	nein
2020-03-22	Nordrhein-Westfalen	4378	4142.93050973265	1.45181447296834	nein
2020-03-29	Nordrhein-Westfalen	4345	4109.02741352767	1.46338950885885	nein
2020-04-05	Nordrhein-Westfalen	4429	4072.74477038992	2.20885009845606	nein
2020-04-12	Nordrhein-Westfalen	4484	4034.70150738357	2.78876484701467	nein
2020-04-19	Nordrhein-Westfalen	4173	3995.5289368017	1.11881963789511	nein
2020-04-26	Nordrhein-Westfalen	4014	3955.85883084697	0.370199063282305	nein
2020-05-03	Nordrhein-Westfalen	3861	3916.31254888989	-0.355702223802025	nein
2020-05-10	Nordrhein-Westfalen	3775	3877.49143888541	-0.663833775052836	nein
2020-05-17	Nordrhein-Westfalen	3750	3839.9686443066	-0.585317843323034	nein
2020-05-24	Nordrhein-Westfalen	3791	3804.2823618389	-0.0865329596617884	nein
2020-05-31	Nordrhein-Westfalen	3695	3770.93051799201	-0.498290128954888	nein
2020-06-07	Nordrhein-Westfalen	3788	3740.36676826624	0.312166685769536	nein
2020-06-14	Nordrhein-Westfalen	3656	3712.99767267774	-0.376694451334642	nein
2020-06-21	Nordrhein-Westfalen	3617	3689.18086711145	-0.478942328065117	nein
2020-06-28	Nordrhein-Westfalen	3905	3669.22403084479	1.54733701719752	nein
2020-07-05	Nordrhein-Westfalen	3688	3653.38444555476	0.229707807277001	nein
2020-07-12	Nordrhein-Westfalen	3490	3641.86894852328	-1.01817077299956	nein
2020-07-19	Nordrhein-Westfalen	3602	3634.83410064264	-0.21912800648635	nein
2020-07-26	Nordrhein-Westfalen	3676	3632.38641616754	0.290152696889601	nein
2020-08-02	Nordrhein-Westfalen	3822	3634.58253401113	1.23847795851441	nein
2020-08-09	Nordrhein-Westfalen	3976	3641.42924793744	2.19474047518939	nein
2020-08-16	Nordrhein-Westfalen	4746	3652.88335364206	6.94513361926306	nein
2020-08-23	Nordrhein-Westfalen	3959	3668.85131295062	1.89999191590917	nein
2020-08-30	Nordrhein-Westfalen	3669	3689.18877780077	-0.133658480568033	nein
2020-09-06	Nordrhein-Westfalen	3669	3713.70005788827	-0.295272389922575	nein
2020-09-13	Nordrhein-Westfalen	3787	3742.13765433703	0.294026164074737	nein
2020-09-20	Nordrhein-Westfalen	3872	3774.20201581554	0.636749265648232	nein
2020-09-27	Nordrhein-Westfalen	3817	3809.54170128499	0.0485232086194619	nein
2020-10-04	Nordrhein-Westfalen	3693	3847.7541529695	-1.00891840310878	nein
2020-10-11	Nordrhein-Westfalen	3845	3888.38729203034	-0.279978193864318	nein
2020-10-18	Nordrhein-Westfalen	3865	3930.94214570826	-0.423586333232681	nein
2020-10-25	Nordrhein-Westfalen	4119	3974.87669655136	0.912546908872582	nein
2020-11-01	Nordrhein-Westfalen	4098	4019.61111049273	0.494881203027221	nein
2020-11-08	Nordrhein-Westfalen	4231	4064.53445054931	1.04136604419047	nein
2020-11-15	Nordrhein-Westfalen	4235	4109.01291747078	0.785116118265934	nein
2020-11-22	Nordrhein-Westfalen	4417	4152.39957981732	1.6314341354373	nein
2020-11-29	Nordrhein-Westfalen	4507	4194.0454672167	1.9165054542561	nein
2020-12-06	Nordrhein-Westfalen	4652	4233.31180692338	2.54221249426052	nein
2020-12-13	Nordrhein-Westfalen	4870	4269.58309150944	3.60673030952016	nein
2020-12-20	Nordrhein-Westfalen	4982	4302.28058164393	4.05673282953539	nein
2020-12-27	Nordrhein-Westfalen	5006	4330.87577981482	4.01709723296529	nein
2021-01-03	Nordrhein-Westfalen	5107	4354.90336542801	4.45143966721001	nein
2021-01-10	Nordrhein-Westfalen	4884	4373.97306467244	3.03771583183172	nein
2021-01-17	Nordrhein-Westfalen	5008	4387.77994361953	3.67432049463069	nein
2021-01-24	Nordrhein-Westfalen	4953	4396.11266144083	3.30342244677499	nein
2021-01-31	Nordrhein-Westfalen	4744	4398.85930072383	2.06216476818543	nein
2021-02-07	Nordrhein-Westfalen	4558	4396.01049907261	0.974692923259191	nein
2021-02-14	Nordrhein-Westfalen	4444	4387.6597333414	0.340679802316964	nein
2021-02-21	Nordrhein-Westfalen	4414	4374.00074584297	0.242411505347446	nein
2021-02-28	Nordrhein-Westfalen	4201	4355.32224050161	-0.944392897418773	nein
2021-03-07	Nordrhein-Westfalen	4083	4332.00010592869	-1.53384021279689	nein
2021-03-14	Nordrhein-Westfalen	4040	4304.48753250735	-1.63572692863836	nein
2021-03-21	Nordrhein-Westfalen	3873	4273.30347437592	-2.49913356025495	nein
2021-03-28	Nordrhein-Westfalen	4083	4239.01995982613	-0.968392204712437	nein
2021-04-04	Nordrhein-Westfalen	4003	4202.24877309226	-1.24449850483123	nein
2021-04-11	Nordrhein-Westfalen	4077	4163.62801768877	-0.541165243805324	nein
2021-04-18	Nordrhein-Westfalen	4158	4123.8090298207	0.213596975162988	nein
2021-04-25	Nordrhein-Westfalen	4222	4083.44404540712	0.866275229209302	nein
2021-05-02	Nordrhein-Westfalen	4208	4043.17494268671	1.03457246565635	nein
2021-05-09	Nordrhein-Westfalen	4329	4003.62329149749	2.03931326034816	nein
2021-05-16	Nordrhein-Westfalen	4129	3965.38184723456	1.03709410862422	nein
2021-05-23	Nordrhein-Westfalen	3888	3929.00753849839	-0.263378885817615	nein
2021-05-30	Nordrhein-Westfalen	3778	3895.0159176629	-0.757380826884265	nein
2021-06-06	Nordrhein-Westfalen	3909	3863.876976702	0.29120069805549	nein
2021-06-13	Nordrhein-Westfalen	3857	3836.01217883847	0.136081494237272	nein
2021-06-20	Nordrhein-Westfalen	4245	3811.79252078767	2.76953592609096	nein
2021-06-27	Nordrhein-Westfalen	3795	3791.5374202897	0.0226007893443456	nein
2021-07-04	Nordrhein-Westfalen	3792	3775.51421812947	0.107774263667661	nein
2021-07-11	Nordrhein-Westfalen	3737	3763.9380912322	-0.176719006553806	nein
2021-07-18	Nordrhein-Westfalen	3882	3756.97219169082	0.815515871824782	nein
2021-07-25	Nordrhein-Westfalen	3833	3754.72785364372	0.5117408219376	nein
2021-08-01	Nordrhein-Westfalen	3771	3757.26474375842	0.0900261349219579	nein
2021-08-08	Nordrhein-Westfalen	3769	3764.5908698283	0.0288829275410443	nein
2021-08-15	Nordrhein-Westfalen	3836	3776.66240397155	0.38714570213899	nein
2021-08-22	Nordrhein-Westfalen	3890	3793.38332059464	0.627966256481268	nein
2021-08-29	Nordrhein-Westfalen	3834	3814.60489318759	0.126129530305971	nein
2021-09-05	Nordrhein-Westfalen	3852	3840.12513667887	0.0769907667579664	nein
2021-09-12	Nordrhein-Westfalen	4267	3869.68832191727	2.52531665810717	nein
2021-09-19	Nordrhein-Westfalen	3988	3902.98472411682	0.545017993452358	nein
2021-09-26	Nordrhein-Westfalen	4031	3939.65079584193	0.582731947288662	nein
2021-10-03	Nordrhein-Westfalen	3974	3979.2699751836	-0.0335844214001785	nein
2021-10-10	Nordrhein-Westfalen	4015	4021.37434894891	-0.0404085524526266	nein
2021-10-17	Nordrhein-Westfalen	4085	4065.4473867779	0.123136023087369	nein
2021-10-24	Nordrhein-Westfalen	4227	4110.92794323155	0.724079428850627	nein
2021-10-31	Nordrhein-Westfalen	4358	4157.21568973975	1.24139860026028	nein
2021-11-07	Nordrhein-Westfalen	4340	4203.67808641549	0.840264255182023	nein
2021-11-14	Nordrhein-Westfalen	4289	4249.65893585173	0.242075824494892	nein
2021-11-21	Nordrhein-Westfalen	4552	4294.48847924965	1.56317117241123	nein
2021-11-28	Nordrhein-Westfalen	4670	4337.49490324384	2.00289165468858	nein
2021-12-05	Nordrhein-Westfalen	5036	4378.01702876512	3.90022868789823	nein
2021-12-12	Nordrhein-Westfalen	5003	4415.41785768245	3.47693486990718	nein
2021-12-19	Nordrhein-Westfalen	4785	4449.09856614029	1.99773903902282	nein
2021-12-26	Nordrhein-Westfalen	4794	4478.51246307758	1.87154281128647	nein
2022-01-02	Nordrhein-Westfalen	4705	4503.17838553933	1.19881345895482	nein
2022-01-09	Nordrhein-Westfalen	4558	4522.69298496218	0.21053167157799	nein
2022-01-16	Nordrhein-Westfalen	4304	4536.74137450434	-1.39955853599694	nein
2022-01-23	Nordrhein-Westfalen	4309	4545.10565793831	-1.41861411413024	nein
2022-01-30	Nordrhein-Westfalen	4464	4547.67094389188	-0.499706246676784	nein
2022-02-06	Nordrhein-Westfalen	4614	4544.4285605563	0.413318372735775	nein
2022-02-13	Nordrhein-Westfalen	4555	4535.47631794097	0.116316262051315	nein
2022-02-20	Nordrhein-Westfalen	4694	4521.01580787403	1.02652012092421	nein
2022-02-27	Nordrhein-Westfalen	4626	4501.34687564774	0.74262835258523	nein
2022-03-06	Nordrhein-Westfalen	4511	4476.859530857	0.2046315222565	nein
2022-03-13	Nordrhein-Westfalen	4737	4448.02367896562	1.72163518894194	nein
2022-03-20	Nordrhein-Westfalen	4630	4415.3771417951	1.28680163655543	nein
2022-03-27	Nordrhein-Westfalen	4562	4379.51248943278	1.09988283020089	nein
2022-04-03	Nordrhein-Westfalen	4498	4341.06322595956	0.950958295175524	nein
2022-04-10	Nordrhein-Westfalen	4508	4300.68985784547	1.25967747416065	nein
2022-04-17	Nordrhein-Westfalen	4509	4259.06633046384	1.52357502655049	nein
2022-04-24	Nordrhein-Westfalen	4284	4216.86725061646	0.41415971490053	nein
2022-05-01	Nordrhein-Westfalen	4089	4174.75622826288	-0.534980861924302	nein
2022-05-08	Nordrhein-Westfalen	4279	4133.3755763662	0.904623541222382	nein
2022-05-15	Nordrhein-Westfalen	4349	4093.33751125693	1.5889962057749	nein
2022-05-22	Nordrhein-Westfalen	3929	4055.21690371539	-0.800417455163277	nein
2022-05-29	Nordrhein-Westfalen	3802	4019.54554836764	-1.39121529108975	nein
2022-06-05	Nordrhein-Westfalen	3949	3986.80784979156	-0.240935881029435	nein
2022-06-12	Nordrhein-Westfalen	3976	3957.43777022898	0.118449442125447	nein
2022-06-19	Nordrhein-Westfalen	3942	3931.81684688	0.0652155503791662	nein
2022-06-26	Nordrhein-Westfalen	4098	3910.27306612651	1.19663623090338	nein
2022-07-03	Nordrhein-Westfalen	4168	3893.08037650578	1.74996642609196	nein
2022-07-10	Nordrhein-Westfalen	4067	3880.45863005927	1.19362887425765	nein
2022-07-17	Nordrhein-Westfalen	4198	3872.57376072764	2.07253408865648	nein
2022-07-24	Nordrhein-Westfalen	4546	3869.53803657754	4.2505313115591	nein
2022-07-31	Nordrhein-Westfalen	4151	3871.41025772775	1.784177778183	nein
2022-08-07	Nordrhein-Westfalen	4234	3878.19581195471	2.26155351004088	nein
2022-08-14	Nordrhein-Westfalen	4519	3889.84654334736	3.95045116711067	nein
2022-08-21	Nordrhein-Westfalen	4450	3906.26043444878	3.41846100187129	nein
2022-08-28	Nordrhein-Westfalen	4339	3927.28114755005	2.5950800304154	nein
2022-09-04	Nordrhein-Westfalen	4076	3952.6975146602	0.783772336754835	nein
2022-09-11	Nordrhein-Westfalen	4243	3982.24310653643	1.64218242030477	nein
2022-09-18	Nordrhein-Westfalen	4073	4015.59604721583	0.362993079936679	nein
2022-09-25	Nordrhein-Westfalen	4223	4052.37926973276	1.06908614091434	nein
2022-10-02	Nordrhein-Westfalen	4475	4092.16142894459	2.3675433855587	nein
2022-10-09	Nordrhein-Westfalen	4501	4134.45869633509	2.2567127320331	nein
2022-10-16	Nordrhein-Westfalen	4725	4178.73765711031	3.32342662825451	nein
2022-10-23	Nordrhein-Westfalen	4737	4224.41950993903	3.1058092538923	nein
2022-10-30	Nordrhein-Westfalen	4781	4270.88573300372	3.0746405204844	nein
2022-11-06	Nordrhein-Westfalen	4382	4317.48532620931	0.393195987086926	nein
2022-11-13	Nordrhein-Westfalen	4451	4363.54366924318	0.529703461002321	nein
2022-11-20	Nordrhein-Westfalen	4603	4408.37295092868	1.16809637379885	nein
2022-11-27	Nordrhein-Westfalen	4780	4451.28403078478	1.953841827435	nein
2022-12-04	Nordrhein-Westfalen	4859	4491.59949424866	2.17102611961628	nein
2022-12-11	Nordrhein-Westfalen	5418	4528.66756530801	5.14301409555467	nein
2022-12-18	Nordrhein-Westfalen	5653	4561.87645187627	6.24770866459981	nein
2022-12-25	Nordrhein-Westfalen	6349	4590.66862793567	9.84022459084459	nein
2023-01-01	Nordrhein-Westfalen	5958	4614.5545095734	7.59178346810844	nein
2023-01-08	Nordrhein-Westfalen	5505	4633.12496552357	4.9894405372873	nein
2023-01-15	Nordrhein-Westfalen	4806	4646.06212058354	0.935923833386778	nein
2023-01-22	Nordrhein-Westfalen	4708	4653.14796346146	0.321919089392769	nein
2023-01-29	Nordrhein-Westfalen	4565	4654.27035733653	-0.526557462823555	nein
2023-02-05	Nordrhein-Westfalen	4630	4649.42616668616	-0.114353886248362	nein
2023-02-12	Nordrhein-Westfalen	4535	4638.72135003492	-0.613141342128945	nein
2023-02-19	Nordrhein-Westfalen	4760	4622.36801542986	0.808013284328774	nein
2023-02-26	Nordrhein-Westfalen	4644	4600.67858276317	0.255790423284019	nein
2023-03-05	Nordrhein-Westfalen	4732	4574.05733365249	0.931458314859609	nein
2023-03-12	Nordrhein-Westfalen	5035	4542.98974563436	2.87774501465959	nein
2023-03-19	Nordrhein-Westfalen	4878	4508.0300951477	2.18130666508896	nein
2023-03-26	Nordrhein-Westfalen	4756	4469.78786812042	1.69960414059578	nein
2023-04-02	Nordrhein-Westfalen	4691	4428.91353594406	1.56478981747933	nein
2023-04-09	Nordrhein-Westfalen	4443	4386.08423931086	0.344060403912193	nein
2023-04-16	Nordrhein-Westfalen	4432	4341.98987659744	0.546203208434496	nein
2023-04-23	Nordrhein-Westfalen	4377	4297.3200231266	0.486222271634749	nein
2023-04-30	Nordrhein-Westfalen	4118	4252.7520199761	-0.833601966083724	nein
2023-05-07	Nordrhein-Westfalen	4156	4208.94047381605	-0.328151379643203	nein
2023-05-14	Nordrhein-Westfalen	4124	4166.50831008389	-0.264731887871951	nein
2023-05-21	Nordrhein-Westfalen	3961	4126.0394273331	-1.03813684703397	nein
2023-05-28	Nordrhein-Westfalen	4019	4088.0729161983	-0.434802374997628	nein
2023-06-04	Nordrhein-Westfalen	3993	4053.09873596078	-0.379822025120981	nein
2023-06-11	Nordrhein-Westfalen	4004	4021.5546874636	-0.111187872772646	nein
2023-06-18	Nordrhein-Westfalen	3976	3993.8245897837	-0.113294313103695	nein
2023-06-25	Nordrhein-Westfalen	4077	3970.237542616	0.677104655390267	nein
2023-07-02	Nordrhein-Westfalen	3831	3951.06720830683	-0.770686046051854	nein
2023-07-09	Nordrhein-Westfalen	3793	3936.53175680012	-0.92398272603878	nein
2023-07-16	Nordrhein-Westfalen	3875	3926.79416306039	-0.332529452780471	nein
2023-07-23	Nordrhein-Westfalen	3646	3921.96258308586	-1.79037907304747	nein
2023-07-30	Nordrhein-Westfalen	3791	3922.09067813264	-0.845063744330373	nein
2023-08-06	Nordrhein-Westfalen	3672	3927.17779785628	-1.65293109930348	nein
2023-08-13	Nordrhein-Westfalen	3867	3937.16897733131	-0.450289128799939	nein
2023-08-20	Nordrhein-Westfalen	4055	3951.95474868716	0.655232785681391	nein
2023-08-27	Nordrhein-Westfalen	3928	3971.37081385189	-0.276799757185674	nein
2023-09-03	Nordrhein-Westfalen	3837	3995.19766906791	-1.01153886713578	nein
2023-09-10	Nordrhein-Westfalen	4212	4023.16031279207	1.1860640690393	nein
2023-09-17	Nordrhein-Westfalen	3965	4054.92820450238	-0.569057140005361	nein
2023-09-24	Nordrhein-Westfalen	3809	4090.11567079768	-1.78543511150967	nein
2023-10-01	Nordrhein-Westfalen	3823	4128.28297481344	-1.9316587859793	nein
2023-10-08	Nordrhein-Westfalen	3928	4168.93827312813	-1.51273121386964	nein
2023-10-15	Nordrhein-Westfalen	4103	4211.54067882762	-0.674266840007511	nein
2023-10-22	Nordrhein-Westfalen	4193	4255.50462837992	-0.385532368985424	nein
2023-10-29	Nordrhein-Westfalen	4281	4300.20571220579	-0.117636274705582	nein
2023-11-05	Nordrhein-Westfalen	4352	4344.98807398943	0.0426807786775221	nein
2023-11-12	Nordrhein-Westfalen	4417	4389.17341274852	0.168379736607373	nein
2023-11-19	Nordrhein-Westfalen	4510	4432.07153681703	0.468359710855602	nein
2023-11-26	Nordrhein-Westfalen	4685	4472.9923240937	1.26212687342561	nein
2023-12-03	Nordrhein-Westfalen	4711	4511.25884361334	1.18457155209096	nein
2023-12-10	Nordrhein-Westfalen	5137	4546.22129642466	3.44333193413484	nein
2023-12-17	Nordrhein-Westfalen	4992	4577.27134648185	2.42358026306223	nein
2023-12-24	Nordrhein-Westfalen	5108	4603.85634255319	2.92883442546825	nein
2023-12-31	Nordrhein-Westfalen	4763	4625.49288725344	0.807112021016612	nein
2024-01-07	Nordrhein-Westfalen	4763	4641.77919507401	0.710671516947503	nein
2024-01-14	Nordrhein-Westfalen	4639	4652.40570144104	-0.0788789927156875	nein
2024-01-21	Nordrhein-Westfalen	4748	4657.1634403598	0.532231285385629	nein
2024-01-28	Nordrhein-Westfalen	4825	4655.94979701731	0.98792929951827	nein
2024-02-04	Nordrhein-Westfalen	4765	4648.77135865136	0.68103716103776	nein
2024-02-11	Nordrhein-Westfalen	4893	4635.74372418564	1.50212128391893	nein
2024-02-18	Nordrhein-Westfalen	4517	4617.08828070313	-0.5931164510611	nein
2024-02-25	Nordrhein-Westfalen	4380	4593.12610186516	-1.27169947855336	nein
2024-03-03	Nordrhein-Westfalen	4365	4564.26925901157	-1.19228939639726	nein
2024-03-10	Nordrhein-Westfalen	4327	4531.00995017315	-1.22550862196976	nein
2024-03-17	Nordrhein-Westfalen	4363	4493.90793794399	-0.787534959481629	nein
2024-03-24	Nordrhein-Westfalen	4219	4453.57683921448	-1.42344314143911	nein
2024-03-31	Nordrhein-Westfalen	4218	4410.66982635754	-1.17310029395082	nein
2024-04-07	Nordrhein-Westfalen	4246	4365.86528185981	-0.731585528482772	nein
2024-04-14	Nordrhein-Westfalen	4077	4319.85290055804	-1.4976193429104	nein
2024-04-21	Nordrhein-Westfalen	4004	4273.32066161591	-1.67198530831404	nein
2024-04-28	Nordrhein-Westfalen	4011	4226.94300349837	-1.34526263312929	nein
2024-05-05	Nordrhein-Westfalen	4183	4181.37043728057	0.0101188765138708	nein
2024-05-12	Nordrhein-Westfalen	4046	4137.22073420125	-0.571650744996432	nein
2024-05-19	Nordrhein-Westfalen	4120	4095.07172907206	0.15629201088334	nein
2024-05-26	Nordrhein-Westfalen	3749	4055.45569729083	-1.95802697411739	nein
2024-06-02	Nordrhein-Westfalen	3827	4018.85519354413	-1.22549925991129	nein
2024-06-09	Nordrhein-Westfalen	3931	3985.7001870115	-0.348847487214043	nein
2024-06-16	Nordrhein-Westfalen	3999	3956.3662917565	0.271802474777624	nein
2024-06-23	Nordrhein-Westfalen	4088	3931.17387155933	0.99829480476615	nein
2024-06-30	Nordrhein-Westfalen	4323	3910.38779437899	2.60638933342187	nein
2024-07-07	Nordrhein-Westfalen	3905	3894.21762100551	0.0693892613761335	nein
2024-07-14	Nordrhein-Westfalen	4000	3882.81803305928	0.75184946788155	nein
2024-07-21	Nordrhein-Westfalen	3970	3876.28933503142	0.602372653144902	nein
2024-07-28	Nordrhein-Westfalen	3765	3874.67790134808	-0.711381564757269	nein
2024-08-04	Nordrhein-Westfalen	4002	3877.97648047879	0.796073908070203	nein
2024-08-11	Nordrhein-Westfalen	3837	3886.1243120955	-0.317325113579393	nein
2024-08-18	Nordrhein-Westfalen	3967	3899.00705859655	0.436297857547001	nein
2024-08-25	Nordrhein-Westfalen	3713	3916.45659740935	-1.3179797244546	nein
2024-09-01	Nordrhein-Westfalen	3962	3938.2507638531	0.151918227554031	nein
2024-09-08	Nordrhein-Westfalen	4009	3964.11317436997	0.285936727826284	nein
2024-09-15	Nordrhein-Westfalen	3763	3993.7132948542	-1.48144314110227	nein
2024-09-22	Nordrhein-Westfalen	4091	4026.66694667556	0.406280221371024	nein
2024-09-29	Nordrhein-Westfalen	4119	4062.53746169164	0.355104146950171	nein
2024-10-06	Nordrhein-Westfalen	4026	4100.83770489555	-0.470961859815423	nein
2024-10-13	Nordrhein-Westfalen	4321	4141.03317726419	1.11554087566547	nein
2024-10-20	Nordrhein-Westfalen	4304	4182.54639009422	0.750799936602467	nein
2024-10-27	Nordrhein-Westfalen	4268	4224.76266448003	0.266747559964735	nein
2024-11-03	Nordrhein-Westfalen	4113	4267.03745534284	-0.952917853773161	nein
2024-11-10	Nordrhein-Westfalen	4116	4308.70522950341	-1.18800348178961	nein
2024-11-17	Nordrhein-Westfalen	4348	4349.08984405013	-0.00663668406659491	nein
2024-11-24	Nordrhein-Westfalen	4467	4387.51627857122	0.480390996998122	nein
2024-12-01	Nordrhein-Westfalen	4488	4423.3234780456	0.389502396799656	nein
2024-12-08	Nordrhein-Westfalen	4542	4455.87796891617	0.516312436354871	nein
2024-12-15	Nordrhein-Westfalen	4455	4484.58782649324	-0.177562495475423	nein
2024-12-22	Nordrhein-Westfalen	4545	4508.9165049246	0.215419907198057	nein
2024-12-29	Nordrhein-Westfalen	4419	4528.39599852437	-0.655177437675936	nein
2025-01-05	Nordrhein-Westfalen	4574	4542.63879090546	0.186545950104286	nein
2025-01-12	Nordrhein-Westfalen	4897	4551.34806963908	2.03117843937297	nein
2025-01-19	Nordrhein-Westfalen	4648	4554.32573990205	0.555205220247987	nein
2025-01-26	Nordrhein-Westfalen	5143	4551.47785860765	3.44684655204989	nein
2025-02-02	Nordrhein-Westfalen	4878	4542.817225694	1.97215414297775	nein
2025-02-09	Nordrhein-Westfalen	4878	4528.46300379369	2.05880877288825	nein
2025-02-16	Nordrhein-Westfalen	4938	4508.63738173604	2.52746658926277	nein
2025-02-23	Nordrhein-Westfalen	5181	4483.65944056356	4.07874846066579	nein
2025-03-02	Nordrhein-Westfalen	5011	4453.93651239576	3.28442612482598	nein
2025-03-09	Nordrhein-Westfalen	4829	4419.95343311591	2.43334113870663	nein
2025-03-16	Nordrhein-Westfalen	4695	4382.26017212802	1.87478556193697	nein
2025-03-23	Nordrhein-Westfalen	4669	4341.45837167696	1.9715944385607	nein
2025-03-30	Nordrhein-Westfalen	4446	4298.18734282102	0.900180400359372	nein
2025-04-06	Nordrhein-Westfalen	4340	4253.11004644591	0.533212442226383	nein
2025-04-13	Nordrhein-Westfalen	4302	4206.899539686	0.586627122077702	nein
2025-04-20	Nordrhein-Westfalen	4074	4160.22629674251	-0.538774016347887	nein
2025-04-27	Nordrhein-Westfalen	3925	4113.74672557135	-1.19118711556487	nein
2025-05-04	Nordrhein-Westfalen	4121	4068.09310589677	0.332465980072091	nein
2025-05-11	Nordrhein-Westfalen	3943	4023.86507683573	-0.513800456080525	nein
2025-05-18	Nordrhein-Westfalen	3935	3981.62271053175	-0.297390986774407	nein
2025-05-25	Nordrhein-Westfalen	3832	3941.88112672568	-0.706373814057685	nein
2025-06-01	Nordrhein-Westfalen	3853	3905.10653574738	-0.335724697105734	nein
2025-06-08	Nordrhein-Westfalen	3844	3871.71354607069	-0.179145219198201	nein
2025-06-15	Nordrhein-Westfalen	3840	3842.06353800719	-0.0133757648980411	nein
2025-06-22	Nordrhein-Westfalen	3833	3816.4638868344	0.107458165597581	nein
2025-06-29	Nordrhein-Westfalen	3797	3795.16781530925	0.0119471530054383	nein
2025-07-06	Nordrhein-Westfalen	3878	3778.37466519738	0.648281745196067	nein
2025-07-13	Nordrhein-Westfalen	3665	3766.23039796722	-0.665650467854455	nein
2025-07-20	Nordrhein-Westfalen	3884	3758.82816390752	0.815651591400108	nein
2025-07-27	Nordrhein-Westfalen	3779	3756.20881448902	0.1492234933684	nein
2025-08-03	Nordrhein-Westfalen	3587	3758.36127284682	-1.13142217416904	nein
2025-08-10	Nordrhein-Westfalen	3668	3765.2227200602	-0.639117699197263	nein
2025-08-17	Nordrhein-Westfalen	4046	3776.67859887289	1.73966088339687	nein
2025-08-24	Nordrhein-Westfalen	3679	3792.56248014957	-0.74421226592267	nein
2025-08-31	Nordrhein-Westfalen	3845	3812.65587923734	0.210017275042812	nein
2025-09-07	Nordrhein-Westfalen	3749	3836.68814794621	-0.570503906133823	nein
2025-09-14	Nordrhein-Westfalen	3652	3864.3366013884	-1.38391560578177	nein
2025-09-21	Nordrhein-Westfalen	3862	3895.22706555416	-0.213962663177748	nein
2025-09-28	Nordrhein-Westfalen	3822	3928.93504923106	-0.687683489556835	nein
2025-10-05	Nordrhein-Westfalen	3931	3964.98775061356	-0.216848980568772	nein
2025-10-12	Nordrhein-Westfalen	4098	4002.8671027123	0.600737465870554	nein
2025-10-19	Nordrhein-Westfalen	3976	4042.01404078815	-0.417521380711881	nein
2025-10-26	Nordrhein-Westfalen	4261	4081.83413841592	1.116232261945	nein
2025-11-02	Nordrhein-Westfalen	4024	4121.70470621837	-0.612438180384935	nein
2025-11-09	Nordrhein-Westfalen	4031	4160.98337973622	-0.811762502882859	nein
2025-11-16	Nordrhein-Westfalen	4031	4199.01814261429	-1.04585194758458	nein
2025-11-23	Nordrhein-Westfalen	4101	4235.15864204896	-0.830136551972703	nein
2025-11-30	Nordrhein-Westfalen	4225	4268.76856043353	-0.268720814336508	nein
2025-12-07	Nordrhein-Westfalen	4266	4299.23871671268	-0.203215938933317	nein
2025-12-14	Nordrhein-Westfalen	4399	4326.0004902269	0.443014809265264	nein
2025-12-21	Nordrhein-Westfalen	4302	4348.53909605873	-0.28293926195699	nein
2025-12-28	Nordrhein-Westfalen	4079	4366.40620079021	-1.75997374239787	nein
2026-01-04	Nordrhein-Westfalen	4627	4379.23135651374	1.48406550045825	nein
2026-01-11	Nordrhein-Westfalen	4884	4386.7317522431	2.94910443806203	nein
2026-01-18	Nordrhein-Westfalen	5009	4388.71983628295	3.66168534505368	nein
2026-01-25	Nordrhein-Westfalen	4672	4385.10844849029	1.71421372286814	nein
2026-02-01	Nordrhein-Westfalen	4618	4375.91321268058	1.4502507234384	nein
2026-02-08	Nordrhein-Westfalen	4633	4361.25206917454	1.62876950926614	nein
2026-02-15	Nordrhein-Westfalen	4775	4341.34196629458	2.58970647166635	nein
2026-02-22	Nordrhein-Westfalen	4659	4316.49286722738	2.05783996016894	nein
2026-03-01	Nordrhein-Westfalen	4639	4287.09935490865	2.12061165471555	nein
2026-03-08	Nordrhein-Westfalen	4222	4253.63022342249	-0.194162912644477	nein
2026-03-15	Nordrhein-Westfalen	4163	4216.61652280926	-0.330871184948018	nein
2026-03-22	Nordrhein-Westfalen	4130	4176.63857073046	-0.289119998284284	nein
2026-03-29	Nordrhein-Westfalen	4043	4134.31245764555	-0.570025247676587	nein
2026-04-05	Nordrhein-Westfalen	4055	4090.27655338093	-0.220907469385942	nein
2026-04-12	Nordrhein-Westfalen	4102	4045.17847608803	0.356473050932066	nein
2026-04-19	Nordrhein-Westfalen	4059	3999.66291537842	0.374333826989854	nein
2026-04-26	Nordrhein-Westfalen	3845	3954.36061684826	-0.69883298215699	nein
2026-05-03	Nordrhein-Westfalen	3992	3909.87874262299	0.523486874637315	nein
2026-05-10	Nordrhein-Westfalen	4014	3866.79272902069	0.940987592476424	nein
2026-05-17	Nordrhein-Westfalen	3910	3825.63967412591	0.543567843249182	nein
2026-05-24	Nordrhein-Westfalen	4052	3786.91320989427	1.70353016315697	nein
2026-05-31	Nordrhein-Westfalen	3932	3751.05974881097	1.17236793334272	nein
2026-06-07	Nordrhein-Westfalen	3612	3718.47594606998	-0.701753396256449	nein
2026-06-14	Nordrhein-Westfalen	3567	3689.5071853386	-0.811160668632297	nein
2026-06-21	Nordrhein-Westfalen	3983	3664.44687892917	2.07509796057804	nein
2026-06-28	Nordrhein-Westfalen	6378	3643.53637029163	16.3820321213745	nein
2026-07-05	Nordrhein-Westfalen	5468	3626.96523631724	11.3699801841714	nein
2026-07-12	Nordrhein-Westfalen	4040	3614.87180688465	2.77406697344389	nein
2026-07-19	Nordrhein-Westfalen	3976	3607.34374722511	2.41344466761303	nein
2026-07-26	Nordrhein-Westfalen	3596	3604.41858296839	-0.0560609681849317	nein
2026-08-02	Nordrhein-Westfalen	3836	3606.08408627612	1.51398297218635	nein
2026-08-09	Nordrhein-Westfalen	3788	3612.27848259704	1.15866342003666	nein
2026-08-16	Nordrhein-Westfalen	3813	3622.89047977463	1.2506128963315	ja
2026-08-23	Nordrhein-Westfalen	3487	3637.75916309308	-1.00500365593702	ja
2026-08-30	Nordrhein-Westfalen	3577	3656.67383995559	-0.527821585042343	ja
2026-09-06	Nordrhein-Westfalen	3594	3679.37395477962	-0.563788170587111	ja
2026-09-13	Nordrhein-Westfalen	3696	3705.54922674871	-0.0625980530452369	ja
2026-09-20	Nordrhein-Westfalen	3636	3734.8401884998	-0.647742332449103	ja
2026-09-27	Nordrhein-Westfalen	3565	3766.83932072209	-1.32273401464224	ja
2016-10-09	Rheinland-Pfalz	855	852.278294583642	0.0597539510459334	nein
2016-10-16	Rheinland-Pfalz	917	860.671856635473	1.21839999713269	nein
2016-10-23	Rheinland-Pfalz	877	869.39927854103	0.165115780866713	nein
2016-10-30	Rheinland-Pfalz	920	878.339940132575	0.894841364447342	nein
2016-11-06	Rheinland-Pfalz	827	887.366347596491	-1.31547588386017	nein
2016-11-13	Rheinland-Pfalz	894	896.345770147207	-0.0503015642226456	nein
2016-11-20	Rheinland-Pfalz	896	905.142183129196	-0.195353981002965	nein
2016-11-27	Rheinland-Pfalz	928	913.618497490156	0.304605288183243	nein
2016-12-04	Rheinland-Pfalz	861	921.639036797283	-1.29673455509748	nein
2016-12-11	Rheinland-Pfalz	941	929.072204039489	0.250703667035832	nein
2016-12-18	Rheinland-Pfalz	937	935.793262746053	0.0253239047190406	nein
2016-12-25	Rheinland-Pfalz	912	941.687141926866	-0.624563064339918	nein
2017-01-01	Rheinland-Pfalz	997	946.651163433048	1.04189109035876	nein
2017-01-08	Rheinland-Pfalz	1055	950.597584792253	2.13707821210262	nein
2017-01-15	Rheinland-Pfalz	1089	953.455851295229	2.75706919486068	nein
2017-01-22	Rheinland-Pfalz	1088	955.17445853632	2.70096749735603	nein
2017-01-29	Rheinland-Pfalz	1042	955.722340623097	1.76740127631928	nein
2017-02-05	Rheinland-Pfalz	1248	955.089719166521	5.81604532932195	nein
2017-02-12	Rheinland-Pfalz	1197	953.288372691128	4.87893103722162	nein
2017-02-19	Rheinland-Pfalz	1114	950.351313566017	3.32155847268613	nein
2017-02-26	Rheinland-Pfalz	1148	946.33188796367	4.07802745809598	nein
2017-03-05	Rheinland-Pfalz	1027	941.302341623184	1.77003859362256	nein
2017-03-12	Rheinland-Pfalz	948	935.351918358301	0.265396160475456	nein
2017-03-19	Rheinland-Pfalz	947	928.584577645502	0.387478866531861	nein
2017-03-26	Rheinland-Pfalz	936	921.116431049571	0.314673953017754	nein
2017-04-02	Rheinland-Pfalz	918	913.073004044469	0.104829886674439	nein
2017-04-09	Rheinland-Pfalz	905	904.586429902556	0.00884928568394375	nein
2017-04-16	Rheinland-Pfalz	879	895.792676240198	-0.362302258844904	nein
2017-04-23	Rheinland-Pfalz	858	886.828893464413	-0.626684481236331	nein
2017-04-30	Rheinland-Pfalz	876	877.830959030466	-0.0398065446939749	nein
2017-05-07	Rheinland-Pfalz	876	868.931273535641	0.154227292177758	nein
2017-05-14	Rheinland-Pfalz	904	860.256845706097	0.952686221492754	nein
2017-05-21	Rheinland-Pfalz	856	851.927684641743	0.0898113068507779	nein
2017-05-28	Rheinland-Pfalz	872	844.055500421945	0.616375849680753	nein
2017-06-04	Rheinland-Pfalz	894	836.74269922682	1.26144530385863	nein
2017-06-11	Rheinland-Pfalz	767	830.081647084181	-1.42966221149311	nein
2017-06-18	Rheinland-Pfalz	815	824.154167514159	-0.205928970901284	nein
2017-06-25	Rheinland-Pfalz	895	819.031232762561	1.68594121370329	nein
2017-07-02	Rheinland-Pfalz	833	814.772805838612	0.41021575271448	nein
2017-07-09	Rheinland-Pfalz	886	811.427790906452	1.6633587579347	nein
2017-07-16	Rheinland-Pfalz	805	809.034052337841	-0.0915486552871148	nein
2017-07-23	Rheinland-Pfalz	909	807.618467491398	2.25549956271247	nein
2017-07-30	Rheinland-Pfalz	800	807.196984614998	-0.163662203981876	nein
2017-08-06	Rheinland-Pfalz	857	807.774664768087	1.10641383074651	nein
2017-08-13	Rheinland-Pfalz	715	809.345694958478	-2.18379322433975	nein
2017-08-20	Rheinland-Pfalz	788	811.893368444505	-0.543834409755611	nein
2017-08-27	Rheinland-Pfalz	818	815.390037052375	0.0589588988693582	nein
2017-09-03	Rheinland-Pfalz	783	819.797049091469	-0.8358581602514	nein
2017-09-10	Rheinland-Pfalz	834	825.064694699332	0.200443622521451	nein
2017-09-17	Rheinland-Pfalz	764	831.132187871238	-1.52427399506132	nein
2017-09-24	Rheinland-Pfalz	838	837.9277206511	0.00161205119177549	nein
2017-10-01	Rheinland-Pfalz	857	845.368629573121	0.257702969145227	nein
2017-10-08	Rheinland-Pfalz	809	853.361717018256	-0.989247834096899	nein
2017-10-15	Rheinland-Pfalz	886	861.803770261897	0.529762994628859	nein
2017-10-22	Rheinland-Pfalz	851	870.582318258919	-0.430199480300753	nein
2017-10-29	Rheinland-Pfalz	851	879.57666035163	-0.625662086408846	nein
2017-11-05	Rheinland-Pfalz	859	888.659191958049	-0.646154422842018	nein
2017-11-12	Rheinland-Pfalz	903	897.697039972264	0.114192449744351	nein
2017-11-19	Rheinland-Pfalz	879	906.554005412045	-0.594063051967742	nein
2017-11-26	Rheinland-Pfalz	900	915.092793397091	-0.323121674579506	nein
2017-12-03	Rheinland-Pfalz	919	923.177491744179	-0.0888660729315448	nein
2017-12-10	Rheinland-Pfalz	949	930.676240499194	0.386670785731615	nein
2017-12-17	Rheinland-Pfalz	933	937.464016966495	-0.0942412612950865	nein
2017-12-24	Rheinland-Pfalz	916	943.425445715285	-0.579535732602104	nein
2017-12-31	Rheinland-Pfalz	945	948.457532075735	-0.0725575065492746	nein
2018-01-07	Rheinland-Pfalz	972	952.472212031624	0.407307937434881	nein
2018-01-14	Rheinland-Pfalz	959	955.398612080273	0.0752114375368792	nein
2018-01-21	Rheinland-Pfalz	890	957.184920006729	-1.41964034756968	nein
2018-01-28	Rheinland-Pfalz	924	957.799781494065	-0.709687469200615	nein
2018-02-04	Rheinland-Pfalz	954	957.233157366698	-0.0675430710577045	nein
2018-02-11	Rheinland-Pfalz	923	955.496600788907	-0.683047180006173	nein
2018-02-18	Rheinland-Pfalz	1102	952.622941218731	3.05014163854332	nein
2018-02-25	Rheinland-Pfalz	1202	948.665390358941	5.10172059442942	nein
2018-03-04	Rheinland-Pfalz	1330	943.696112667601	7.65225227123615	nein
2018-03-11	Rheinland-Pfalz	1412	937.804327218015	9.30932806332116	nein
2018-03-18	Rheinland-Pfalz	1256	931.094027163281	6.53184701040359	nein
2018-03-25	Rheinland-Pfalz	1163	923.68141655521	4.89069613670704	nein
2018-04-01	Rheinland-Pfalz	1020	915.692171136325	2.18728808694785	nein
2018-04-08	Rheinland-Pfalz	977	907.25862989904	1.47782465685339	nein
2018-04-15	Rheinland-Pfalz	984	898.517018168754	1.81506988248096	nein
2018-04-22	Rheinland-Pfalz	919	889.604791657004	0.633543220303519	nein
2018-04-29	Rheinland-Pfalz	845	880.658175612813	-0.782015642533739	nein
2018-05-06	Rheinland-Pfalz	828	871.809955316598	-0.96733144301952	nein
2018-05-13	Rheinland-Pfalz	900	863.187555179182	0.804325668233577	nein
2018-05-20	Rheinland-Pfalz	820	854.91142499113	-0.777246751537425	nein
2018-05-27	Rheinland-Pfalz	832	847.093734571093	-0.336279881516564	nein
2018-06-03	Rheinland-Pfalz	863	839.837363073641	0.514404575612622	nein
2018-06-10	Rheinland-Pfalz	827	833.235157129965	-0.139835075258106	nein
2018-06-17	Rheinland-Pfalz	827	827.369423114828	-0.00830487690048751	nein
2018-06-24	Rheinland-Pfalz	811	822.311613213502	-0.255652164421384	nein
2018-07-01	Rheinland-Pfalz	910	818.122162453753	2.04005104799226	nein
2018-07-08	Rheinland-Pfalz	830	814.850434175403	0.34213280849275	nein
2018-07-15	Rheinland-Pfalz	808	812.534734150042	-0.102971610590776	nein
2018-07-22	Rheinland-Pfalz	853	811.202358312447	0.941059065102204	nein
2018-07-29	Rheinland-Pfalz	960	810.869645397153	3.29066538309047	nein
2018-08-05	Rheinland-Pfalz	993	811.542013284285	3.97933533070846	nein
2018-08-12	Rheinland-Pfalz	939	813.21396617686	2.78369097851329	nein
2018-08-19	Rheinland-Pfalz	843	815.869068518287	0.610922222919154	nein
2018-08-26	Rheinland-Pfalz	903	819.479890497089	1.85613992765933	nein
2018-09-02	Rheinland-Pfalz	793	824.007938766815	-0.703028037235258	nein
2018-09-09	Rheinland-Pfalz	808	829.40359431344	-0.482709263274387	nein
2018-09-16	Rheinland-Pfalz	819	835.606086886673	-0.372735769161364	nein
2018-09-23	Rheinland-Pfalz	802	842.5435416974	-0.910631254460669	nein
2018-09-30	Rheinland-Pfalz	838	850.133138760177	-0.269726073796918	nein
2018-10-07	Rheinland-Pfalz	864	858.28142789377	0.126074241894439	nein
2018-10-14	Rheinland-Pfalz	871	866.884842555861	0.0902972332170613	nein
2018-10-21	Rheinland-Pfalz	831	875.830452993796	-0.987926218309214	nein
2018-10-28	Rheinland-Pfalz	828	884.996993348894	-1.25231325888686	nein
2018-11-04	Rheinland-Pfalz	842	894.256188214593	-1.14092338822545	nein
2018-11-11	Rheinland-Pfalz	920	903.474391784098	0.354307714568902	nein
2018-11-18	Rheinland-Pfalz	862	912.514537454978	-1.09106336087655	nein
2018-11-25	Rheinland-Pfalz	905	921.238378201017	-0.346794388034812	nein
2018-12-02	Rheinland-Pfalz	907	929.508979087449	-0.479067219040549	nein
2018-12-09	Rheinland-Pfalz	942	937.193404175649	0.101372551729988	nein
2018-12-16	Rheinland-Pfalz	877	944.165522121271	-1.42970847657803	nein
2018-12-23	Rheinland-Pfalz	960	950.308839499149	0.202777312556411	nein
2018-12-30	Rheinland-Pfalz	923	955.519259737083	-0.683600604320938	nein
2019-01-06	Rheinland-Pfalz	975	959.707659770757	0.318071131190105	nein
2019-01-13	Rheinland-Pfalz	998	962.802177066971	0.728425413684211	nein
2019-01-20	Rheinland-Pfalz	975	964.75010695664	0.2128054471529	nein
2019-01-27	Rheinland-Pfalz	1000	965.519324169414	0.712642047478056	nein
2019-02-03	Rheinland-Pfalz	974	965.099162374298	0.184800721972338	nein
2019-02-10	Rheinland-Pfalz	1022	963.500710155819	1.20544435891196	nein
2019-02-17	Rheinland-Pfalz	1081	960.756509489875	2.45644802260061	nein
2019-02-24	Rheinland-Pfalz	1072	956.919671427778	2.35748607565317	nein
2019-03-03	Rheinland-Pfalz	1040	952.062451251827	1.81390490771816	nein
2019-03-10	Rheinland-Pfalz	1035	946.274349841038	1.83540597816426	nein
2019-03-17	Rheinland-Pfalz	1057	939.659827694412	2.42426446610671	nein
2019-03-24	Rheinland-Pfalz	982	932.335731774743	1.04175821030156	nein
2019-03-31	Rheinland-Pfalz	950	924.428542389013	0.540938232395808	nein
2019-04-07	Rheinland-Pfalz	937	916.07154763246	0.445105688500988	nein
2019-04-14	Rheinland-Pfalz	897	907.40204696719	-0.223564497936431	nein
2019-04-21	Rheinland-Pfalz	919	898.558674220614	0.439008526410966	nein
2019-04-28	Rheinland-Pfalz	885	889.678914942854	-0.101461082254029	nein
2019-05-05	Rheinland-Pfalz	889	880.896875104471	0.176170990670664	nein
2019-05-12	Rheinland-Pfalz	802	872.341339023626	-1.56065565408997	nein
2019-05-19	Rheinland-Pfalz	880	864.134135559039	0.347771813188955	nein
2019-05-26	Rheinland-Pfalz	840	856.388814159888	-0.36313070157983	nein
2019-06-02	Rheinland-Pfalz	851	849.209617224917	0.0396967525997133	nein
2019-06-09	Rheinland-Pfalz	870	842.690722992506	0.604835917104575	nein
2019-06-16	Rheinland-Pfalz	846	836.915724175955	0.202607873310479	nein
2019-06-23	Rheinland-Pfalz	866	831.957301832099	0.757794066013498	nein
2019-06-30	Rheinland-Pfalz	892	827.877051361607	1.42257966243112	nein
2019-07-07	Rheinland-Pfalz	856	824.725417792787	0.699573690838354	nein
2019-07-14	Rheinland-Pfalz	841	822.541700214808	0.414482774798629	nein
2019-07-21	Rheinland-Pfalz	871	821.35408997652	1.10876273093375	nein
2019-07-28	Rheinland-Pfalz	1023	821.179713626654	4.38381712664846	nein
2019-08-04	Rheinland-Pfalz	819	822.024659133972	-0.0682324966240644	nein
2019-08-11	Rheinland-Pfalz	821	823.883972318919	-0.0649818073678218	nein
2019-08-18	Rheinland-Pfalz	771	826.741619309918	-1.26754890491354	nein
2019-08-25	Rheinland-Pfalz	743	830.570419888564	-2.00013247868486	nein
2019-09-01	Rheinland-Pfalz	919	835.331965496041	1.8410213039737	nein
2019-09-08	Rheinland-Pfalz	827	840.97654411493	-0.312337926472554	nein
2019-09-15	Rheinland-Pfalz	793	847.443101867219	-1.22188336172272	nein
2019-09-22	Rheinland-Pfalz	902	854.659277596319	1.03694971130944	nein
2019-09-29	Rheinland-Pfalz	879	862.541551509177	0.360948749951551	nein
2019-10-06	Rheinland-Pfalz	806	870.995551701553	-1.44115938203995	nein
2019-10-13	Rheinland-Pfalz	880	879.916562635949	0.00181710025886555	nein
2019-10-20	Rheinland-Pfalz	922	889.190276990278	0.706441073036258	nein
2019-10-27	Rheinland-Pfalz	873	898.693826442356	-0.55626278780047	nein
2019-11-03	Rheinland-Pfalz	844	908.297117748399	-1.39464015439264	nein
2019-11-10	Rheinland-Pfalz	906	917.864487971697	-0.253444483284895	nein
2019-11-17	Rheinland-Pfalz	957	927.256677241264	0.627388384681472	nein
2019-11-24	Rheinland-Pfalz	976	936.333099586795	0.831180920581142	nein
2019-12-01	Rheinland-Pfalz	925	944.954373126219	-0.420570668284702	nein
2019-12-08	Rheinland-Pfalz	981	952.985051371866	0.583006416020706	nein
2019-12-15	Rheinland-Pfalz	936	960.296479076628	-0.508266028954508	nein
2019-12-22	Rheinland-Pfalz	971	966.769680372466	0.0877550358465309	nein
2019-12-29	Rheinland-Pfalz	912	972.298175439174	-1.26140221820864	nein
2020-01-05	Rheinland-Pfalz	924	976.790615874015	-1.1002416123663	nein
2020-01-12	Rheinland-Pfalz	1005	980.173129265177	0.509666983571903	nein
2020-01-19	Rheinland-Pfalz	956	982.391270681764	-0.545898377249295	nein
2020-01-26	Rheinland-Pfalz	926	983.411492791491	-1.19339023757868	nein
2020-02-02	Rheinland-Pfalz	1012	983.222066414544	0.58949536559544	nein
2020-02-09	Rheinland-Pfalz	936	981.833408260902	-0.951609849282896	nein
2020-02-16	Rheinland-Pfalz	978	979.27778075675	-0.026361899246831	nein
2020-02-23	Rheinland-Pfalz	945	975.608358609177	-0.635921297043443	nein
2020-03-01	Rheinland-Pfalz	989	970.89786377729	0.373883064706989	nein
2020-03-08	Rheinland-Pfalz	960	965.236675336175	-0.108917620909699	nein
2020-03-15	Rheinland-Pfalz	1058	958.730521468938	2.0358209743222	nein
2020-03-22	Rheinland-Pfalz	977	951.497874961413	0.531482976331133	nein
2020-03-29	Rheinland-Pfalz	940	943.667161003893	-0.0771398823504561	nein
2020-04-05	Rheinland-Pfalz	1017	935.373886652859	1.69951798942242	nein
2020-04-12	Rheinland-Pfalz	981	926.757795460113	1.1398793382664	nein
2020-04-19	Rheinland-Pfalz	888	917.960139477066	-0.642266196948553	nein
2020-04-26	Rheinland-Pfalz	914	909.121145369213	0.104435624399353	nein
2020-05-03	Rheinland-Pfalz	872	900.377733198405	-0.614239681533156	nein
2020-05-10	Rheinland-Pfalz	934	891.861527050608	0.90461858376493	nein
2020-05-17	Rheinland-Pfalz	847	883.697177504972	-0.803272366564342	nein
2020-05-24	Rheinland-Pfalz	867	876.000998150943	-0.196853955811065	nein
2020-05-31	Rheinland-Pfalz	889	868.879902886573	0.4394142001634	nein
2020-06-07	Rheinland-Pfalz	880	862.430618195311	0.385337370240431	nein
2020-06-14	Rheinland-Pfalz	762	856.739135330015	-2.13246435156901	nein
2020-06-21	Rheinland-Pfalz	797	851.880361400817	-1.22872533302781	nein
2020-06-28	Rheinland-Pfalz	920	847.917925627843	1.57814201291291	nein
2020-07-05	Rheinland-Pfalz	815	844.904097189849	-0.668966670011719	nein
2020-07-12	Rheinland-Pfalz	843	842.879773790939	0.00267669878961752	nein
2020-07-19	Rheinland-Pfalz	839	841.874504852096	-0.0640750289786541	nein
2020-07-26	Rheinland-Pfalz	826	841.90651968012	-0.355490449119186	nein
2020-08-02	Rheinland-Pfalz	878	842.982738661762	0.774320673443774	nein
2020-08-09	Rheinland-Pfalz	885	845.098754096001	0.880405481686341	nein
2020-08-16	Rheinland-Pfalz	1014	848.238776363997	3.56854872888333	nein
2020-08-23	Rheinland-Pfalz	865	852.375550417862	0.278825697027123	nein
2020-08-30	Rheinland-Pfalz	800	857.470256725055	-1.28321773199548	nein
2020-09-06	Rheinland-Pfalz	816	863.472419501922	-1.05404763680078	nein
2020-09-13	Rheinland-Pfalz	812	870.319852947511	-1.29246004752225	nein
2020-09-20	Rheinland-Pfalz	940	877.938682849136	1.33828717562979	nein
2020-09-27	Rheinland-Pfalz	914	886.243485939789	0.599485554233756	nein
2020-10-04	Rheinland-Pfalz	878	895.13759228453	-0.371373674273003	nein
2020-10-11	Rheinland-Pfalz	894	904.513596300849	-0.226347785033944	nein
2020-10-18	Rheinland-Pfalz	842	914.254119361627	-1.56524827344865	nein
2020-10-25	Rheinland-Pfalz	946	924.232860968592	0.460848182922933	nein
2020-11-01	Rheinland-Pfalz	912	934.315966055218	-0.473614051764948	nein
2020-11-08	Rheinland-Pfalz	938	944.36372313357	-0.133942017985322	nein
2020-11-15	Rheinland-Pfalz	1023	954.232592063401	1.42144983612519	nein
2020-11-22	Rheinland-Pfalz	952	963.777541824078	-0.245580101366666	nein
2020-11-29	Rheinland-Pfalz	1082	972.854658755477	2.22018210550334	nein
2020-12-06	Rheinland-Pfalz	1155	981.323965534508	3.48314426297956	nein
2020-12-13	Rheinland-Pfalz	1229	989.052372120352	4.74783594889827	nein
2020-12-20	Rheinland-Pfalz	1163	995.916663595731	3.33064420059676	nein
2020-12-27	Rheinland-Pfalz	1248	1001.80641778661	4.83796702810554	nein
2021-01-03	Rheinland-Pfalz	1237	1006.62673910332	4.52711103330776	nein
2021-01-10	Rheinland-Pfalz	1180	1010.3006952074	3.35849179825231	nein
2021-01-17	Rheinland-Pfalz	1220	1012.77135037844	4.07427085483009	nein
2021-01-24	Rheinland-Pfalz	1213	1014.00330375628	3.91494131691089	nein
2021-01-31	Rheinland-Pfalz	1125	1013.98366126662	2.21285207635065	nein
2021-02-07	Rheinland-Pfalz	1025	1012.72239571592	0.24872895946373	nein
2021-02-14	Rheinland-Pfalz	993	1010.25207849093	-0.351663689520214	nein
2021-02-21	Rheinland-Pfalz	972	1006.62699642726	-0.709231197989407	nein
2021-02-28	Rheinland-Pfalz	888	1001.92169651158	-2.37190324297274	nein
2021-03-07	Rheinland-Pfalz	859	996.229027049107	-2.87821558719823	nein
2021-03-14	Rheinland-Pfalz	874	989.657764968432	-2.42469313797364	nein
2021-03-21	Rheinland-Pfalz	944	982.32993373186	-0.795596997233557	nein
2021-03-28	Rheinland-Pfalz	854	974.377924137667	-2.5468690510573	nein
2021-04-04	Rheinland-Pfalz	904	965.941531025387	-1.30240694263421	nein
2021-04-11	Rheinland-Pfalz	920	957.165012998008	-0.781648947140388	nein
2021-04-18	Rheinland-Pfalz	944	948.194270718248	-0.0881211248103704	nein
2021-04-25	Rheinland-Pfalz	943	939.174223438162	0.0806553741680673	nein
2021-05-02	Rheinland-Pfalz	962	930.246444696661	0.669362578518867	nein
2021-05-09	Rheinland-Pfalz	974	921.547098120842	1.10689787864127	nein
2021-05-16	Rheinland-Pfalz	891	913.205194444053	-0.477094055252765	nein
2021-05-23	Rheinland-Pfalz	880	905.34117244579	-0.547200543275395	nein
2021-05-30	Rheinland-Pfalz	878	898.065790484787	-0.434641087723271	nein
2021-06-06	Rheinland-Pfalz	912	891.479302286408	0.442791164528561	nein
2021-06-13	Rheinland-Pfalz	802	885.670881005296	-1.8482119876719	nein
2021-06-20	Rheinland-Pfalz	1006	880.718249390901	2.66935863626341	nein
2021-06-27	Rheinland-Pfalz	828	876.687470997243	-1.07361992673589	nein
2021-07-04	Rheinland-Pfalz	856	873.632857501571	-0.387160750780195	nein
2021-07-11	Rheinland-Pfalz	849	871.596949934753	-0.497226665081973	nein
2021-07-18	Rheinland-Pfalz	1031	870.610536538243	3.41593894508261	nein
2021-07-25	Rheinland-Pfalz	937	870.692676602327	1.4356143049815	nein
2021-08-01	Rheinland-Pfalz	869	871.850707581622	-0.0624804990061606	nein
2021-08-08	Rheinland-Pfalz	867	874.080221633455	-0.155107817531139	nein
2021-08-15	Rheinland-Pfalz	987	877.365007120895	2.34675465877936	nein
2021-08-22	Rheinland-Pfalz	887	881.676960225629	0.115833422093401	nein
2021-08-29	Rheinland-Pfalz	836	886.97598129256	-1.11793250758953	nein
2021-09-05	Rheinland-Pfalz	890	893.209879531526	-0.0695054583783836	nein
2021-09-12	Rheinland-Pfalz	963	900.314317857156	1.33594169206401	nein
2021-09-19	Rheinland-Pfalz	909	908.212836541574	0.016889905640091	nein
2021-09-26	Rheinland-Pfalz	926	916.816999535362	0.195804455837793	nein
2021-10-03	Rheinland-Pfalz	939	926.026710302086	0.275050137882535	nein
2021-10-10	Rheinland-Pfalz	971	935.7307443368	0.740952572924213	nein
2021-10-17	Rheinland-Pfalz	968	945.807542768605	0.464791860489214	nein
2021-10-24	Rheinland-Pfalz	952	956.126305251051	-0.0863438209506461	nein
2021-10-31	Rheinland-Pfalz	995	966.548410552869	0.588811266350641	nein
2021-11-07	Rheinland-Pfalz	990	976.929179931744	0.269756454172046	nein
2021-11-14	Rheinland-Pfalz	1068	987.11998184329	1.64222486575058	nein
2021-11-21	Rheinland-Pfalz	1032	996.970657461297	0.713006079609582	nein
2021-11-28	Rheinland-Pfalz	1080	1006.33222584545	1.48331364898012	nein
2021-12-05	Rheinland-Pfalz	1159	1015.05980666748	2.85514709694551	nein
2021-12-12	Rheinland-Pfalz	1086	1023.01567870142	1.26002159720173	nein
2021-12-19	Rheinland-Pfalz	1128	1030.07237541736	1.94197655938666	nein
2021-12-26	Rheinland-Pfalz	1108	1036.11570657999	1.42706316288983	nein
2022-01-02	Rheinland-Pfalz	1092	1041.04758813388	1.01239346012753	nein
2022-01-09	Rheinland-Pfalz	1002	1044.78856288699	-0.861420259224743	nein
2022-01-16	Rheinland-Pfalz	1032	1047.27990210361	-0.305870325783405	nein
2022-01-23	Rheinland-Pfalz	1027	1048.48519300293	-0.430265172427094	nein
2022-01-30	Rheinland-Pfalz	1029	1048.39133860115	-0.388220028393467	nein
2022-02-06	Rheinland-Pfalz	1059	1047.00892299265	0.239025630160676	nein
2022-02-13	Rheinland-Pfalz	1039	1044.37192520029	-0.107514696298459	nein
2022-02-20	Rheinland-Pfalz	1049	1040.53679596339	0.169324184740994	nein
2022-02-27	Rheinland-Pfalz	1023	1035.58094198477	-0.253170612750529	nein
2022-03-06	Rheinland-Pfalz	1068	1029.60068904554	0.768677570816331	nein
2022-03-13	Rheinland-Pfalz	1038	1022.70881716109	0.308260976525977	nein
2022-03-20	Rheinland-Pfalz	1098	1015.03177623213	1.66097773144063	nein
2022-03-27	Rheinland-Pfalz	1046	1006.70669868527	0.795303414309695	nein
2022-04-03	Rheinland-Pfalz	1077	997.878326283789	1.59822411493299	nein
2022-04-10	Rheinland-Pfalz	1104	988.695962114855	2.32637034424121	nein
2022-04-17	Rheinland-Pfalz	1008	979.310546727035	0.58971886963242	nein
2022-04-24	Rheinland-Pfalz	969	969.871940871269	-0.0181002352183532	nein
2022-05-01	Rheinland-Pfalz	1011	960.526477861813	1.04369041036035	nein
2022-05-08	Rheinland-Pfalz	1062	951.414827831403	2.27474671116622	nein
2022-05-15	Rheinland-Pfalz	925	942.670195609755	-0.373193259836438	nein
2022-05-22	Rheinland-Pfalz	1007	934.416854889372	1.51566785705473	nein
2022-05-29	Rheinland-Pfalz	825	926.76900474961	-2.2025478528419	nein
2022-06-05	Rheinland-Pfalz	911	919.829921159094	-0.188500990210115	nein
2022-06-12	Rheinland-Pfalz	955	913.691366123978	0.876868502116413	nein
2022-06-19	Rheinland-Pfalz	963	908.433210771531	1.15888043412406	nein
2022-06-26	Rheinland-Pfalz	975	904.123225707072	1.50446379646612	nein
2022-07-03	Rheinland-Pfalz	939	900.816992145905	0.81665574721495	nein
2022-07-10	Rheinland-Pfalz	944	898.557890189018	0.971842772672239	nein
2022-07-17	Rheinland-Pfalz	1022	897.377125722181	2.63044553621672	nein
2022-07-24	Rheinland-Pfalz	1089	897.293764308324	4.00196083420545	nein
2022-07-31	Rheinland-Pfalz	1064	898.314748668999	3.47151451467977	nein
2022-08-07	Rheinland-Pfalz	1057	900.434885503061	3.28161981742529	nein
2022-08-14	Rheinland-Pfalz	1050	903.636797093426	3.0677114197443	nein
2022-08-21	Rheinland-Pfalz	1001	907.890843053313	1.96459832300035	nein
2022-08-28	Rheinland-Pfalz	979	913.155027315432	1.39190533439125	nein
2022-09-04	Rheinland-Pfalz	893	919.37491471291	-0.564905701875041	nein
2022-09-11	Rheinland-Pfalz	890	926.483589852502	-0.779805695514081	nein
2022-09-18	Rheinland-Pfalz	907	934.401698013247	-0.582174483901558	nein
2022-09-25	Rheinland-Pfalz	956	943.037613054046	0.272148812790308	nein
2022-10-02	Rheinland-Pfalz	1040	952.287780293345	1.8095616200408	nein
2022-10-09	Rheinland-Pfalz	1075	962.037282549946	2.30944255363421	nein
2022-10-16	Rheinland-Pfalz	1190	972.16067456939	4.36036605565231	nein
2022-10-23	Rheinland-Pfalz	1133	982.523124573582	3.02728184378358	nein
2022-10-30	Rheinland-Pfalz	1142	992.98189149822	2.98328562367733	nein
2022-11-06	Rheinland-Pfalz	1025	1003.38815269203	0.439161212125649	nein
2022-11-13	Rheinland-Pfalz	984	1013.58917980212	-0.603282510753189	nein
2022-11-20	Rheinland-Pfalz	1030	1023.43084094545	0.132485937009663	nein
2022-11-27	Rheinland-Pfalz	1023	1032.76038608522	-0.196461156121457	nein
2022-12-04	Rheinland-Pfalz	1085	1041.42945111369	0.865942504799294	nein
2022-12-11	Rheinland-Pfalz	1127	1049.29719603759	1.53049803322148	nein
2022-12-18	Rheinland-Pfalz	1214	1056.23347553186	3.0613032186272	nein
2022-12-25	Rheinland-Pfalz	1350	1062.12192759401	5.47272945898636	nein
2023-01-01	Rheinland-Pfalz	1317	1066.86285951307	4.76905943419616	nein
2023-01-08	Rheinland-Pfalz	1262	1070.37581090174	3.67682961661271	nein
2023-01-15	Rheinland-Pfalz	1083	1072.6016816425	0.204651914966218	nein
2023-01-22	Rheinland-Pfalz	1037	1073.50432815911	-0.723428975819026	nein
2023-01-29	Rheinland-Pfalz	1016	1073.07155367012	-1.13497368876425	nein
2023-02-05	Rheinland-Pfalz	1062	1071.31544561856	-0.184004062384549	nein
2023-02-12	Rheinland-Pfalz	1032	1068.2720443947	-0.720559585961039	nein
2023-02-19	Rheinland-Pfalz	1040	1064.00035954064	-0.476810089720144	nein
2023-02-26	Rheinland-Pfalz	1050	1058.58078049484	-0.170494321465968	nein
2023-03-05	Rheinland-Pfalz	1045	1052.11295636996	-0.141733469376853	nein
2023-03-12	Rheinland-Pfalz	1079	1044.71324136876	0.681162524941342	nein
2023-03-19	Rheinland-Pfalz	1085	1036.51181785026	0.964935639372458	nein
2023-03-26	Rheinland-Pfalz	1047	1027.64961701056	0.388510832351149	nein
2023-04-02	Rheinland-Pfalz	974	1018.27515754561	-0.902455785621676	nein
2023-04-09	Rheinland-Pfalz	988	1008.54141604549	-0.419064035266956	nein
2023-04-16	Rheinland-Pfalz	944	998.602830280277	-1.12610818177601	nein
2023-04-23	Rheinland-Pfalz	974	988.612519394411	-0.300830661647339	nein
2023-04-30	Rheinland-Pfalz	971	978.719784953498	-0.159549109589154	nein
2023-05-07	Rheinland-Pfalz	937	969.067935437432	-0.668921828885642	nein
2023-05-14	Rheinland-Pfalz	927	959.792455687755	-0.687476134012771	nein
2023-05-21	Rheinland-Pfalz	932	951.019523303337	-0.399615451572726	nein
2023-05-28	Rheinland-Pfalz	891	942.864857045012	-1.10103614465646	nein
2023-06-04	Rheinland-Pfalz	888	935.432868631896	-1.01021326942225	nein
2023-06-11	Rheinland-Pfalz	937	928.816079242452	0.173169652604711	nein
2023-06-18	Rheinland-Pfalz	887	923.094778557455	-0.772348775975756	nein
2023-06-25	Rheinland-Pfalz	906	918.336900351893	-0.263519701854329	nein
2023-07-02	Rheinland-Pfalz	855	914.597884526641	-1.28702733857838	nein
2023-07-09	Rheinland-Pfalz	870	911.920666583907	-0.903613891783666	nein
2023-07-16	Rheinland-Pfalz	906	910.335730475472	-0.0928889964164219	nein
2023-07-23	Rheinland-Pfalz	821	909.861169340667	-1.93518214959811	nein
2023-07-30	Rheinland-Pfalz	875	910.502730321648	-0.764989447971855	nein
2023-08-06	Rheinland-Pfalz	808	912.253828998449	-2.27429527739316	nein
2023-08-13	Rheinland-Pfalz	877	915.095528864805	-0.819183185221112	nein
2023-08-20	Rheinland-Pfalz	934	918.9964913068	0.318818948404377	nein
2023-08-27	Rheinland-Pfalz	876	923.912911397078	-1.02718046803271	nein
2023-09-03	Rheinland-Pfalz	889	929.788464114759	-0.870471744308575	nein
2023-09-10	Rheinland-Pfalz	891	936.554293955336	-0.96945237294056	nein
2023-09-17	Rheinland-Pfalz	960	944.12908787923	0.332698603802778	nein
2023-09-24	Rheinland-Pfalz	838	952.419276699981	-2.44540848912269	nein
2023-10-01	Rheinland-Pfalz	901	961.31941284874	-1.27007423743582	nein
2023-10-08	Rheinland-Pfalz	963	970.712772493705	-0.160098852948117	nein
2023-10-15	Rheinland-Pfalz	910	980.47222681484	-1.47155554992079	nein
2023-10-22	Rheinland-Pfalz	1025	990.461420516931	0.70471179238926	nein
2023-10-29	Rheinland-Pfalz	1066	1000.53628525999	1.32238965214717	nein
2023-11-05	Rheinland-Pfalz	965	1010.54690168351	-0.932360593002935	nein
2023-11-12	Rheinland-Pfalz	1036	1020.3397064789	0.31578563150061	nein
2023-11-19	Rheinland-Pfalz	1071	1029.76002122888	0.82441474805472	nein
2023-11-26	Rheinland-Pfalz	1094	1038.65485851907	1.09924953658566	nein
2023-12-03	Rheinland-Pfalz	1077	1046.87593947328	0.598310981548036	nein
2023-12-10	Rheinland-Pfalz	1165	1054.2828369253	2.16480001780831	nein
2023-12-17	Rheinland-Pfalz	1146	1060.74614158029	1.66821486188437	nein
2023-12-24	Rheinland-Pfalz	1140	1066.15053635214	1.44389892271446	nein
2023-12-31	Rheinland-Pfalz	1132	1070.39765798768	1.20428658613117	nein
2024-01-07	Rheinland-Pfalz	1092	1073.4086261151	0.365316007069611	nein
2024-01-14	Rheinland-Pfalz	1037	1075.12612846271	-0.755233614824903	nein
2024-01-21	Rheinland-Pfalz	1082	1075.51596703639	0.12752498766494	nein
2024-01-28	Rheinland-Pfalz	1151	1074.56799270839	1.48812966623681	nein
2024-02-04	Rheinland-Pfalz	1121	1072.29638352751	0.953202834233827	nein
2024-02-11	Rheinland-Pfalz	1130	1068.7392531794	1.1987081266074	nein
2024-02-18	Rheinland-Pfalz	1064	1063.95760815018	0.000839207149363106	nein
2024-02-25	Rheinland-Pfalz	1049	1058.03370292371	-0.179601314846534	nein
2024-03-03	Rheinland-Pfalz	1037	1051.06886974974	-0.280875943003812	nein
2024-03-10	Rheinland-Pfalz	1011	1043.18092128679	-0.646844284383444	nein
2024-03-17	Rheinland-Pfalz	970	1034.50123940272	-1.30909296184297	nein
2024-03-24	Rheinland-Pfalz	978	1025.17167088966	-0.959064335271867	nein
2024-03-31	Rheinland-Pfalz	928	1015.34135076521	-1.79700366234661	nein
2024-04-07	Rheinland-Pfalz	925	1005.16356675101	-1.65591975438779	nein
2024-04-14	Rheinland-Pfalz	911	994.792765524586	-1.74138205466651	nein
2024-04-21	Rheinland-Pfalz	921	984.381783870665	-1.31961186221244	nein
2024-04-28	Rheinland-Pfalz	963	974.07936755255	-0.229806779070566	nein
2024-05-05	Rheinland-Pfalz	948	964.028019240259	-0.334496094685162	nein
2024-05-12	Rheinland-Pfalz	918	954.36219570672	-0.765528842737328	nein
2024-05-19	Rheinland-Pfalz	940	945.206855034693	-0.109548994062058	nein
2024-05-26	Rheinland-Pfalz	895	936.676337756984	-0.88672625393889	nein
2024-06-02	Rheinland-Pfalz	894	928.873552338325	-0.744247853388693	nein
2024-06-09	Rheinland-Pfalz	910	921.889425531502	-0.253644939108848	nein
2024-06-16	Rheinland-Pfalz	908	915.802571950661	-0.16689504450627	nein
2024-06-23	Rheinland-Pfalz	965	910.679134520393	1.15229700302979	nein
2024-06-30	Rheinland-Pfalz	966	906.572747937487	1.26233423031738	nein
2024-07-07	Rheinland-Pfalz	864	903.524580480808	-0.856363448013728	nein
2024-07-14	Rheinland-Pfalz	950	901.563414938269	1.03375698143345	nein
2024-07-21	Rheinland-Pfalz	923	900.705736601454	0.478297083651362	nein
2024-07-28	Rheinland-Pfalz	833	900.955804747097	-1.48276590103021	nein
2024-08-04	Rheinland-Pfalz	919	902.305693358257	0.358222946670639	nein
2024-08-11	Rheinland-Pfalz	905	904.735296651295	0.00568952806273108	nein
2024-08-18	Rheinland-Pfalz	938	908.21230491044	0.635622730644649	nein
2024-08-25	Rheinland-Pfalz	872	912.692165841696	-0.877470608373222	nein
2024-09-01	Rheinland-Pfalz	935	918.118055785983	0.359130628397936	nein
2024-09-08	Rheinland-Pfalz	910	924.420893296638	-0.307460271882983	nein
2024-09-15	Rheinland-Pfalz	891	931.519434372744	-0.864677514998094	nein
2024-09-22	Rheinland-Pfalz	1001	939.320493598113	1.28725838858338	nein
2024-09-29	Rheinland-Pfalz	950	947.719338096515	0.047874885787223	nein
2024-10-06	Rheinland-Pfalz	956	956.600301116498	-0.0125485046351235	nein
2024-10-13	Rheinland-Pfalz	1039	965.837658795134	1.50320565737957	nein
2024-10-20	Rheinland-Pfalz	948	975.296806917463	-0.567660054974096	nein
2024-10-27	Rheinland-Pfalz	986	984.835764155159	0.0239743149281959	nein
2024-11-03	Rheinland-Pfalz	963	994.307014433615	-0.645107828518702	nein
2024-11-10	Rheinland-Pfalz	1013	1003.55968412627	0.192288633598482	nein
2024-11-17	Rheinland-Pfalz	1030	1012.44203041186	0.355574312340403	nein
2024-11-24	Rheinland-Pfalz	1112	1020.80419638076	1.81801135661774	nein
2024-12-01	Rheinland-Pfalz	1008	1028.5011676551	-0.414440683077233	nein
2024-12-08	Rheinland-Pfalz	1061	1035.39584592114	0.512023819904728	nein
2024-12-15	Rheinland-Pfalz	1041	1041.36213848534	-0.00725074402165274	nein
2024-12-22	Rheinland-Pfalz	1065	1046.2879513285	0.372625430052105	nein
2024-12-29	Rheinland-Pfalz	1028	1050.07796749802	-0.441700188537748	nein
2025-01-05	Rheinland-Pfalz	1103	1052.65609401482	0.994563382237123	nein
2025-01-12	Rheinland-Pfalz	1206	1053.96746922434	2.95671792097284	nein
2025-01-19	Rheinland-Pfalz	1119	1053.97993851815	1.28079549716372	nein
2025-01-26	Rheinland-Pfalz	1242	1052.68492877594	3.66443578820968	nein
2025-02-02	Rheinland-Pfalz	1101	1050.09767930682	1.00668478848158	nein
2025-02-09	Rheinland-Pfalz	1095	1046.25681759865	0.966060610683592	nein
2025-02-16	Rheinland-Pfalz	1117	1041.22329960118	1.49922258427413	nein
2025-02-23	Rheinland-Pfalz	1233	1035.07876427098	3.85729998027388	nein
2025-03-02	Rheinland-Pfalz	1143	1027.92337852901	2.27760825389322	nein
2025-03-09	Rheinland-Pfalz	1087	1019.8732698132	1.34354486822536	nein
2025-03-16	Rheinland-Pfalz	1135	1011.05765775137	2.46962772247089	nein
2025-03-23	Rheinland-Pfalz	1079	1001.61580345968	1.56021352287072	nein
2025-03-30	Rheinland-Pfalz	1025	991.693894559815	0.679639735863722	nein
2025-04-06	Rheinland-Pfalz	1039	981.441976779478	1.17593256563984	nein
2025-04-13	Rheinland-Pfalz	1001	971.011030031961	0.618764760659528	nein
2025-04-20	Rheinland-Pfalz	991	960.550269583798	0.631627719904935	nein
2025-04-27	Rheinland-Pfalz	925	950.204732924451	-0.53080714272866	nein
2025-05-04	Rheinland-Pfalz	963	940.113191871653	0.480495567943144	nein
2025-05-11	Rheinland-Pfalz	851	930.406408778832	-1.7074656982784	nein
2025-05-18	Rheinland-Pfalz	927	921.205736718312	0.123263236200178	nein
2025-05-25	Rheinland-Pfalz	897	912.622047154568	-0.335210023367994	nein
2025-06-01	Rheinland-Pfalz	943	904.754955525441	0.816170032303081	nein
2025-06-08	Rheinland-Pfalz	868	897.69230562829	-0.644158468441604	nein
2025-06-15	Rheinland-Pfalz	891	891.509867796802	-0.011038915484972	nein
2025-06-22	Rheinland-Pfalz	867	886.271203365393	-0.419952599195041	nein
2025-06-29	Rheinland-Pfalz	864	882.02764850771	-0.393705133210287	nein
2025-07-06	Rheinland-Pfalz	973	878.818373764769	2.01844335998976	nein
2025-07-13	Rheinland-Pfalz	879	876.670480967517	0.0508294409007192	nein
2025-07-20	Rheinland-Pfalz	899	875.599106329368	0.508867946758326	nein
2025-07-27	Rheinland-Pfalz	843	875.607506784833	-0.716661390298116	nein
2025-08-03	Rheinland-Pfalz	845	876.687115767992	-0.695828821029056	nein
2025-08-10	Rheinland-Pfalz	848	878.817564184384	-0.675737561954029	nein
2025-08-17	Rheinland-Pfalz	950	881.966671984657	1.46177771875373	nein
2025-08-24	Rheinland-Pfalz	852	886.090425161298	-0.744720774621961	nein
2025-08-31	Rheinland-Pfalz	822	891.132961817264	-1.51607082992466	nein
2025-09-07	Rheinland-Pfalz	832	897.026598830141	-1.41987070937427	nein
2025-09-14	Rheinland-Pfalz	905	903.691937157685	0.0280945765728933	nein
2025-09-21	Rheinland-Pfalz	963	911.038088568992	1.10131726069669	nein
2025-09-28	Rheinland-Pfalz	876	918.963069089947	-0.922268757352152	nein
2025-10-05	Rheinland-Pfalz	899	927.354404281555	-0.604124130865021	nein
2025-10-12	Rheinland-Pfalz	925	936.089988235831	-0.234391174167403	nein
2025-10-19	Rheinland-Pfalz	920	945.039231590642	-0.527902056418424	nein
2025-10-26	Rheinland-Pfalz	985	954.064523811558	0.642655983080112	nein
2025-11-02	Rheinland-Pfalz	946	963.023021568763	-0.354849274752652	nein
2025-11-09	Rheinland-Pfalz	953	971.768758629194	-0.389498331619255	nein
2025-11-16	Rheinland-Pfalz	940	980.155053974331	-0.832630089565655	nein
2025-11-23	Rheinland-Pfalz	978	988.037174838011	-0.206166464774369	nein
2025-11-30	Rheinland-Pfalz	931	995.275191309044	-1.32746288985694	nein
2025-12-07	Rheinland-Pfalz	1016	1001.7369405349	0.289657455007291	nein
2025-12-14	Rheinland-Pfalz	949	1007.30100296045	-1.19499364776015	nein
2025-12-21	Rheinland-Pfalz	1010	1011.85958195005	-0.0376615467156931	nein
2025-12-28	Rheinland-Pfalz	973	1015.32117286932	-0.861302825665004	nein
2026-01-04	Rheinland-Pfalz	1061	1017.61290916678	0.869559468290355	nein
2026-01-11	Rheinland-Pfalz	1155	1018.68248161314	2.69149567187113	nein
2026-01-18	Rheinland-Pfalz	1133	1018.49954244618	2.26808988439278	nein
2026-01-25	Rheinland-Pfalz	1106	1017.05652793078	1.76977525735639	nein
2026-02-01	Rheinland-Pfalz	1103	1014.36885939444	1.76577179743833	nein
2026-02-08	Rheinland-Pfalz	1046	1010.47451229321	0.715016999943649	nein
2026-02-15	Rheinland-Pfalz	1049	1005.43297316277	0.877857856726923	nein
2026-02-22	Rheinland-Pfalz	998	999.323633192949	-0.0269480704313459	nein
2026-03-01	Rheinland-Pfalz	1052	992.243692551028	1.20869354065369	nein
2026-03-08	Rheinland-Pfalz	966	984.305669727428	-0.376601033290932	nein
2026-03-15	Rheinland-Pfalz	940	975.634623851209	-0.738608448027111	nein
2026-03-22	Rheinland-Pfalz	896	966.365204481088	-1.47472932062869	nein
2026-03-29	Rheinland-Pfalz	919	956.638642808392	-0.788252552716427	nein
2026-04-05	Rheinland-Pfalz	939	946.599791078077	-0.159156535281497	nein
2026-04-12	Rheinland-Pfalz	931	936.394304389499	-0.113541401491439	nein
2026-04-19	Rheinland-Pfalz	890	926.16604226076	-0.769768938822805	nein
2026-04-26	Rheinland-Pfalz	855	916.0547479837	-1.31293932073945	nein
2026-05-03	Rheinland-Pfalz	919	906.194043427901	0.273103283644272	nein
2026-05-10	Rheinland-Pfalz	900	896.709757013885	0.0706608116246074	nein
2026-05-17	Rheinland-Pfalz	874	887.718584280354	-0.297052280019251	nein
2026-05-24	Rheinland-Pfalz	922	879.327064736646	0.918651463561064	nein
2026-05-31	Rheinland-Pfalz	943	871.630846120228	1.53495597162819	nein
2026-06-07	Rheinland-Pfalz	878	864.714198064959	0.289957407865654	nein
2026-06-14	Rheinland-Pfalz	819	858.649731555459	-0.877388935271285	nein
2026-06-21	Rheinland-Pfalz	933	853.498278210821	1.72454214566759	nein
2026-06-28	Rheinland-Pfalz	1610	849.308884070549	14.9510488364576	nein
2026-07-05	Rheinland-Pfalz	1389	846.118875720897	10.9895008569546	nein
2026-07-12	Rheinland-Pfalz	996	843.953961836518	3.27204973365117	nein
2026-07-19	Rheinland-Pfalz	898	842.828340057574	1.20897497590955	nein
2026-07-26	Rheinland-Pfalz	825	842.744787140797	-0.394348832475066	nein
2026-08-02	Rheinland-Pfalz	876	843.694719116578	0.710362809961752	nein
2026-08-09	Rheinland-Pfalz	897	845.658217392831	1.12332871285469	nein
2026-08-16	Rheinland-Pfalz	881	848.604026036496	0.709966637779187	ja
2026-08-23	Rheinland-Pfalz	878	852.489534512849	0.5583886412652	ja
2026-08-30	Rheinland-Pfalz	803	857.260768641458	-1.20280430250758	ja
2026-09-06	Rheinland-Pfalz	829	862.852420084842	-0.744624818238538	ja
2026-09-13	Rheinland-Pfalz	872	869.187950938653	0.0611669533008349	ja
2026-09-20	Rheinland-Pfalz	837	876.179814527936	-0.855422650809921	ja
2026-09-27	Rheinland-Pfalz	849	883.72983590215	-0.754023160385084	ja
2016-10-09	Schleswig-Holstein	625	624.411992319071	0.0194983601267491	nein
2016-10-16	Schleswig-Holstein	644	630.86662203228	0.43191109465492	nein
2016-10-23	Schleswig-Holstein	697	637.589486843803	1.92134809037946	nein
2016-10-30	Schleswig-Holstein	649	644.488178620297	0.147175730871785	nein
2016-11-06	Schleswig-Holstein	644	651.464689553227	-0.242967599465731	nein
2016-11-13	Schleswig-Holstein	693	658.416641384825	1.10811057239904	nein
2016-11-20	Schleswig-Holstein	697	665.238764382088	1.01333989752356	nein
2016-11-27	Schleswig-Holstein	629	671.824612783936	-1.38540806983268	nein
2016-12-04	Schleswig-Holstein	698	678.068488163784	0.631871513817381	nein
2016-12-11	Schleswig-Holstein	650	683.867526540175	-1.08347825590213	nein
2016-12-18	Schleswig-Holstein	634	689.123890255807	-1.76632002448039	nein
2016-12-25	Schleswig-Holstein	683	693.746992852856	-0.339444642725262	nein
2017-01-01	Schleswig-Holstein	695	697.655675611982	-0.0834887416149626	nein
2017-01-08	Schleswig-Holstein	678	700.780249166749	-0.71810914523431	nein
2017-01-15	Schleswig-Holstein	724	703.064313460532	0.652147157144117	nein
2017-01-22	Schleswig-Holstein	728	704.466274703584	0.731996782533082	nein
2017-01-29	Schleswig-Holstein	703	704.960488877005	-0.0613301797465359	nein
2017-02-05	Schleswig-Holstein	805	704.537977186125	3.07234276977305	nein
2017-02-12	Schleswig-Holstein	867	703.206678686803	4.94840765542404	nein
2017-02-19	Schleswig-Holstein	873	700.991227703149	5.19634871167846	nein
2017-02-26	Schleswig-Holstein	859	697.93226697529	4.88740151745668	nein
2017-03-05	Schleswig-Holstein	846	694.085329977853	4.63110145582029	nein
2017-03-12	Schleswig-Holstein	691	689.519345874022	0.046839354444196	nein
2017-03-19	Schleswig-Holstein	735	684.314836705095	1.59108487850792	nein
2017-03-26	Schleswig-Holstein	674	678.561887632914	-0.145740989511279	nein
2017-04-02	Schleswig-Holstein	662	672.357976790184	-0.332983237321334	nein
2017-04-09	Schleswig-Holstein	652	665.805751484692	-0.446486803724498	nein
2017-04-16	Schleswig-Holstein	644	659.01083254522	-0.48822004869403	nein
2017-04-23	Schleswig-Holstein	626	652.079719275052	-0.855400920962921	nein
2017-04-30	Schleswig-Holstein	678	645.117854853494	1.0682709652044	nein
2017-05-07	Schleswig-Holstein	645	638.22789730363	0.222699120531778	nein
2017-05-14	Schleswig-Holstein	649	631.508225551068	0.576753082840691	nein
2017-05-21	Schleswig-Holstein	636	625.051694766193	0.3635305418512	nein
2017-05-28	Schleswig-Holstein	592	618.944641066591	-0.908530466093698	nein
2017-06-04	Schleswig-Holstein	651	613.266123481737	1.25637013059275	nein
2017-06-11	Schleswig-Holstein	600	608.087381324036	-0.273801469058824	nein
2017-06-18	Schleswig-Holstein	602	603.471478002863	-0.0499250137216552	nein
2017-06-25	Schleswig-Holstein	589	599.473097884773	-0.357477892707593	nein
2017-07-02	Schleswig-Holstein	600	596.138460900543	0.131665783542394	nein
2017-07-09	Schleswig-Holstein	594	593.505319968499	0.0169227358386539	nein
2017-07-16	Schleswig-Holstein	563	591.603008615663	-0.988416608474356	nein
2017-07-23	Schleswig-Holstein	605	590.452510078922	0.497128721161397	nein
2017-07-30	Schleswig-Holstein	620	590.066524307776	1.01905675754436	nein
2017-08-06	Schleswig-Holstein	597	590.449515343167	0.224406205841711	nein
2017-08-13	Schleswig-Holstein	622	591.597728221397	1.03381948409197	nein
2017-08-20	Schleswig-Holstein	633	593.499171588294	1.3379630198457	nein
2017-08-27	Schleswig-Holstein	632	596.133569368752	1.21353737225196	nein
2017-09-03	Schleswig-Holstein	569	599.472291891408	-1.04740080336494	nein
2017-09-10	Schleswig-Holstein	589	603.478283580784	-0.493767181531978	nein
2017-09-17	Schleswig-Holstein	623	608.10601044085	0.501979288746212	nein
2017-09-24	Schleswig-Holstein	583	613.301455774699	-1.02973257280448	nein
2017-10-01	Schleswig-Holstein	597	619.002196590747	-0.742529696063255	nein
2017-10-08	Schleswig-Holstein	643	625.137595586993	0.593499309698934	nein
2017-10-15	Schleswig-Holstein	651	631.629144125067	0.640120818368359	nein
2017-10-22	Schleswig-Holstein	643	638.390989872738	0.152091211031376	nein
2017-10-29	Schleswig-Holstein	635	645.330678540551	-0.340394154120825	nein
2017-11-05	Schleswig-Holstein	596	652.350132211639	-1.86941266200803	nein
2017-11-12	Schleswig-Holstein	619	659.346877173496	-1.32552710810661	nein
2017-11-19	Schleswig-Holstein	656	666.215522124844	-0.331270923520227	nein
2017-11-26	Schleswig-Holstein	664	672.849473607895	-0.285453560795259	nein
2017-12-03	Schleswig-Holstein	648	679.142860215322	-1.0054912076182	nein
2017-12-10	Schleswig-Holstein	683	684.992621483821	-0.063594605116073	nein
2017-12-17	Schleswig-Holstein	657	690.300702536687	-1.06688577832751	nein
2017-12-24	Schleswig-Holstein	733	694.976282700617	1.1934828772014	nein
2017-12-31	Schleswig-Holstein	687	698.937956711102	-0.378082865705074	nein
2018-01-07	Schleswig-Holstein	752	702.115781812697	1.55373808299241	nein
2018-01-14	Schleswig-Holstein	650	704.453103864979	-1.73577221547974	nein
2018-01-21	Schleswig-Holstein	719	705.908080910524	0.410146578806948	nein
2018-01-28	Schleswig-Holstein	775	706.454833514907	2.11980750031967	nein
2018-02-04	Schleswig-Holstein	757	706.084167022169	1.58123665687826	nein
2018-02-11	Schleswig-Holstein	771	704.803830683271	2.05066014301666	nein
2018-02-18	Schleswig-Holstein	799	702.638301019774	2.97001933281679	nein
2018-02-25	Schleswig-Holstein	904	699.628100130868	6.17284337189614	nein
2018-03-04	Schleswig-Holstein	947	695.82868219416	7.53678110907495	nein
2018-03-11	Schleswig-Holstein	969	691.308941486151	8.31555918081576	nein
2018-03-18	Schleswig-Holstein	924	686.149411441895	7.20180255808397	nein
2018-03-25	Schleswig-Holstein	897	680.440235551634	6.61029837588898	nein
2018-04-01	Schleswig-Holstein	822	674.278996688595	4.59328948112652	nein
2018-04-08	Schleswig-Holstein	753	667.768491705149	2.6996750589125	nein
2018-04-15	Schleswig-Holstein	748	661.014533218565	2.76779250091016	nein
2018-04-22	Schleswig-Holstein	641	654.123851215385	-0.430148892457199	nein
2018-04-29	Schleswig-Holstein	688	647.202154494285	1.32620133862159	nein
2018-05-06	Schleswig-Holstein	633	640.352397247847	-0.243241495729707	nein
2018-05-13	Schleswig-Holstein	656	633.673280480593	0.736860942637504	nein
2018-05-20	Schleswig-Holstein	618	627.258002608413	-0.309675495070705	nein
2018-05-27	Schleswig-Holstein	597	621.193259440698	-0.816590682262955	nein
2018-06-03	Schleswig-Holstein	627	615.558481538839	0.384237761544921	nein
2018-06-10	Schleswig-Holstein	598	610.425287151236	-0.421777873389574	nein
2018-06-17	Schleswig-Holstein	582	605.857121782218	-0.815556141602694	nein
2018-06-24	Schleswig-Holstein	618	601.909050985911	0.545816862872417	nein
2018-07-01	Schleswig-Holstein	632	598.627671044977	1.12983558471514	nein
2018-07-08	Schleswig-Holstein	614	596.051102539921	0.611529296540561	nein
2018-07-15	Schleswig-Holstein	601	594.209034110524	0.232449071947385	nein
2018-07-22	Schleswig-Holstein	648	593.122787602705	1.85581999938521	nein
2018-07-29	Schleswig-Holstein	712	592.805380932484	3.96652310637516	nein
2018-08-05	Schleswig-Holstein	780	593.261571058669	6.11314132999451	nein
2018-08-12	Schleswig-Holstein	663	594.487866145791	2.30621271786412	nein
2018-08-19	Schleswig-Holstein	579	596.47250305832	-0.601066868803447	nein
2018-08-26	Schleswig-Holstein	598	599.195393518596	-0.040840440184162	nein
2018-09-02	Schleswig-Holstein	612	602.628049354448	0.318348073196353	nein
2018-09-09	Schleswig-Holstein	612	606.733504020379	0.178487303435591	nein
2018-09-16	Schleswig-Holstein	594	611.46625373872	-0.59334271157347	nein
2018-09-23	Schleswig-Holstein	660	616.77224688194	1.43861004736334	nein
2018-09-30	Schleswig-Holstein	570	622.588954278057	-1.7876479211186	nein
2018-10-07	Schleswig-Holstein	648	628.845555614623	0.635300371856791	nein
2018-10-14	Schleswig-Holstein	647	635.463277682912	0.381395058960242	nein
2018-10-21	Schleswig-Holstein	601	642.355918505712	-1.37893518453591	nein
2018-10-28	Schleswig-Holstein	617	649.430587158035	-1.07267314928276	nein
2018-11-04	Schleswig-Holstein	621	656.588682161598	-1.17148962959981	nein
2018-11-11	Schleswig-Holstein	632	663.727121717047	-1.03752699599965	nein
2018-11-18	Schleswig-Holstein	606	670.739826947543	-2.12397713113804	nein
2018-11-25	Schleswig-Holstein	651	677.519445220901	-0.856955560079636	nein
2018-12-02	Schleswig-Holstein	714	683.959285204525	0.952826792193042	nein
2018-12-09	Schleswig-Holstein	717	689.955419533926	0.85465080210246	nein
2018-12-16	Schleswig-Holstein	651	695.408895972072	-1.42222503672739	nein
2018-12-23	Schleswig-Holstein	728	700.227984937131	0.870989819381419	nein
2018-12-30	Schleswig-Holstein	669	704.330381505555	-1.12146782936592	nein
2019-01-06	Schleswig-Holstein	687	707.645274545042	-0.651404164403398	nein
2019-01-13	Schleswig-Holstein	667	710.115195320115	-1.36534393066395	nein
2019-01-20	Schleswig-Holstein	732	711.697563181899	0.632587281775729	nein
2019-01-27	Schleswig-Holstein	732	712.36585677903	0.611554668779473	nein
2019-02-03	Schleswig-Holstein	717	712.110355085301	0.152844230223094	nein
2019-02-10	Schleswig-Holstein	753	710.938412433224	1.30470563050707	nein
2019-02-17	Schleswig-Holstein	744	708.874254276681	1.09283188717259	nein
2019-02-24	Schleswig-Holstein	769	705.958303922211	1.95305504877563	nein
2019-03-03	Schleswig-Holstein	716	702.24607320959	0.432039651019825	nein
2019-03-10	Schleswig-Holstein	734	697.806670410038	1.13458353424584	nein
2019-03-17	Schleswig-Holstein	722	692.720995013291	0.922656434632252	nein
2019-03-24	Schleswig-Holstein	708	687.079700544078	0.66325211774708	nein
2019-03-31	Schleswig-Holstein	741	680.981012504441	1.89386799729359	nein
2019-04-07	Schleswig-Holstein	682	674.528488899494	0.239852879365093	nein
2019-04-14	Schleswig-Holstein	621	667.828805959122	-1.53195715043608	nein
2019-04-21	Schleswig-Holstein	633	660.98964239837	-0.915992434310066	nein
2019-04-28	Schleswig-Holstein	701	654.117722926479	1.513639712781	nein
2019-05-05	Schleswig-Holstein	678	647.317066931652	0.999736302654916	nein
2019-05-12	Schleswig-Holstein	667	640.687472570759	0.862680171353975	nein
2019-05-19	Schleswig-Holstein	592	634.323251024523	-1.42014033902071	nein
2019-05-26	Schleswig-Holstein	626	628.312211407237	-0.0771221758829798	nein
2019-06-02	Schleswig-Holstein	600	622.734884482991	-0.765958449814732	nein
2019-06-09	Schleswig-Holstein	665	617.663963424121	1.57185638900671	nein
2019-06-16	Schleswig-Holstein	592	613.163932595509	-0.718361972255511	nein
2019-06-23	Schleswig-Holstein	643	609.290850791054	1.13088805433049	nein
2019-06-30	Schleswig-Holstein	647	606.092253347873	1.37334614325798	nein
2019-07-07	Schleswig-Holstein	639	603.607137863276	1.19232992756942	nein
2019-07-14	Schleswig-Holstein	630	601.866000512275	0.950970262421499	nein
2019-07-21	Schleswig-Holstein	650	600.890893855282	1.65205544719529	nein
2019-07-28	Schleswig-Holstein	623	600.695482185833	0.755814348698988	nein
2019-08-04	Schleswig-Holstein	646	601.285076570585	1.50543102738119	nein
2019-08-11	Schleswig-Holstein	635	602.656638485013	1.09123701710782	nein
2019-08-18	Schleswig-Holstein	639	604.798748086222	1.15130484962574	nein
2019-08-25	Schleswig-Holstein	580	607.691540449295	-0.945819731541213	nein
2019-09-01	Schleswig-Holstein	679	611.306620293377	2.24715657620893	nein
2019-09-08	Schleswig-Holstein	607	615.606972597552	-0.290484599010604	nein
2019-09-15	Schleswig-Holstein	603	620.546892790487	-0.591239805281231	nein
2019-09-22	Schleswig-Holstein	637	626.071965594449	0.363772814098909	nein
2019-09-29	Schleswig-Holstein	630	632.119125780684	-0.0704412038873656	nein
2019-10-06	Schleswig-Holstein	626	638.616836688373	-0.418374927806059	nein
2019-10-13	Schleswig-Holstein	651	645.485423004086	0.181014736756705	nein
2019-10-20	Schleswig-Holstein	654	652.637592646465	0.0445190617432479	nein
2019-10-27	Schleswig-Holstein	627	659.979178370194	-1.08105539400322	nein
2019-11-03	Schleswig-Holstein	677	667.410122727208	0.309195552998487	nein
2019-11-10	Schleswig-Holstein	700	674.825720300487	0.804098869941294	nein
2019-11-17	Schleswig-Holstein	675	682.118118868462	-0.227912355989228	nein
2019-11-24	Schleswig-Holstein	698	689.178066824204	0.279905901492037	nein
2019-12-01	Schleswig-Holstein	726	695.89687847938	0.945704475901675	nein
2019-12-08	Schleswig-Holstein	729	702.168572786615	0.839768650270955	nein
2019-12-15	Schleswig-Holstein	712	707.892125664081	0.128720492566654	nein
2019-12-22	Schleswig-Holstein	716	712.973762759703	0.0945070812700197	nein
2019-12-29	Schleswig-Holstein	687	717.329209401121	-0.951679731322168	nein
2020-01-05	Schleswig-Holstein	758	720.88580875804	1.14369210819174	nein
2020-01-12	Schleswig-Holstein	747	723.584418744106	0.722424468992359	nein
2020-01-19	Schleswig-Holstein	713	725.381003367432	-0.384640690101452	nein
2020-01-26	Schleswig-Holstein	662	726.247845091963	-2.01962872305983	nein
2020-02-02	Schleswig-Holstein	740	726.174320777993	0.426715501374382	nein
2020-02-09	Schleswig-Holstein	709	725.167203924495	-0.502798302388717	nein
2020-02-16	Schleswig-Holstein	737	723.25046498507	0.42524953756363	nein
2020-02-23	Schleswig-Holstein	648	720.464565902678	-2.29227908160095	nein
2020-03-01	Schleswig-Holstein	744	716.86539269758	0.840457767714694	nein
2020-03-08	Schleswig-Holstein	710	712.52276789912	-0.0789185644765253	nein
2020-03-15	Schleswig-Holstein	731	707.518627062827	0.732755594341344	nein
2020-03-22	Schleswig-Holstein	756	701.944955466372	1.68180175853794	nein
2020-03-29	Schleswig-Holstein	705	695.901573442923	0.287279257707422	nein
2020-04-05	Schleswig-Holstein	693	689.493859376653	0.111375645307047	nein
2020-04-12	Schleswig-Holstein	689	682.83049463455	0.196822877715575	nein
2020-04-19	Schleswig-Holstein	667	676.02130542444	-0.290357488545489	nein
2020-04-26	Schleswig-Holstein	675	669.175263824097	0.187754402508275	nein
2020-05-03	Schleswig-Holstein	632	662.398695250554	-0.994082372588352	nein
2020-05-10	Schleswig-Holstein	667	655.793723689348	0.364445299712947	nein
2020-05-17	Schleswig-Holstein	589	649.456970248243	-2.01355871271891	nein
2020-05-24	Schleswig-Holstein	638	643.478506030091	-0.180659053897356	nein
2020-05-31	Schleswig-Holstein	602	637.941047693019	-1.20015525692342	nein
2020-06-07	Schleswig-Holstein	590	632.919373886778	-1.44181566538401	nein
2020-06-14	Schleswig-Holstein	617	628.479933277984	-0.383745148093957	nein
2020-06-21	Schleswig-Holstein	636	624.680610143305	0.377248056788378	nein
2020-06-28	Schleswig-Holstein	676	621.570611384665	1.79842457788034	nein
2020-07-05	Schleswig-Holstein	650	619.190439048721	1.02611854244834	nein
2020-07-12	Schleswig-Holstein	581	617.571914685956	-1.24210038341963	nein
2020-07-19	Schleswig-Holstein	625	616.738225804939	0.277354848069306	nein
2020-07-26	Schleswig-Holstein	642	616.703969909543	0.845413932136455	nein
2020-08-02	Schleswig-Holstein	594	617.475177820065	-0.794459661673238	nein
2020-08-09	Schleswig-Holstein	666	619.049304874464	1.55745298087538	nein
2020-08-16	Schleswig-Holstein	734	621.415185916218	3.66804525834219	nein
2020-08-23	Schleswig-Holstein	678	624.552957454724	1.76237516498948	nein
2020-08-30	Schleswig-Holstein	582	628.43395779439	-1.56734524071717	nein
2020-09-06	Schleswig-Holstein	641	633.020623021196	0.264425218958859	nein
2020-09-13	Schleswig-Holstein	629	638.266403237621	-0.307188330284003	nein
2020-09-20	Schleswig-Holstein	644	644.115729040265	-0.00380974955778805	nein
2020-09-27	Schleswig-Holstein	661	650.504062593313	0.342879101307261	nein
2020-10-04	Schleswig-Holstein	698	657.358070389947	1.31093720287593	nein
2020-10-11	Schleswig-Holstein	634	664.59595552737	-0.99917272715094	nein
2020-10-18	Schleswig-Holstein	675	672.127985686983	0.0924689585548003	nein
2020-10-25	Schleswig-Holstein	686	679.857248712854	0.196482102717384	nein
2020-11-01	Schleswig-Holstein	631	687.680660540109	-1.83100671431332	nein
2020-11-08	Schleswig-Holstein	659	695.490240232171	-1.1659362910324	nein
2020-11-15	Schleswig-Holstein	676	703.174654254001	-0.86142356145427	nein
2020-11-22	Schleswig-Holstein	636	710.621017304609	-2.38051878044032	nein
2020-11-29	Schleswig-Holstein	641	717.716920791359	-2.43595143313342	nein
2020-12-06	Schleswig-Holstein	709	724.352643338041	-0.478005406608782	nein
2020-12-13	Schleswig-Holstein	747	730.423481765149	0.51019504141778	nein
2020-12-20	Schleswig-Holstein	733	735.832127066008	-0.0872259975799143	nein
2020-12-27	Schleswig-Holstein	746	740.490999326143	0.168813408781069	nein
2021-01-03	Schleswig-Holstein	802	744.324449458728	1.74291074687591	nein
2021-01-10	Schleswig-Holstein	804	747.270734944727	1.7113406506876	nein
2021-01-17	Schleswig-Holstein	794	749.283681962385	1.35061803375196	nein
2021-01-24	Schleswig-Holstein	850	750.333957370008	2.9741365062596	nein
2021-01-31	Schleswig-Holstein	829	750.409890445339	2.35529242483213	nein
2021-02-07	Schleswig-Holstein	774	749.517805055393	0.742631143057852	nein
2021-02-14	Schleswig-Holstein	798	747.68184658106	1.51977737469377	nein
2021-02-21	Schleswig-Holstein	822	744.943312712161	2.31857681618557	nein
2021-02-28	Schleswig-Holstein	680	741.359521308278	-1.90883646360907	nein
2021-03-07	Schleswig-Holstein	675	737.0022701097	-1.93513110925595	nein
2021-03-14	Schleswig-Holstein	716	731.955960654271	-0.49437728570207	nein
2021-03-21	Schleswig-Holstein	731	726.315471179642	0.145030872456746	nein
2021-03-28	Schleswig-Holstein	651	720.18386992758	-2.18952752569465	nein
2021-04-04	Schleswig-Holstein	670	713.670061003011	-1.37994447596512	nein
2021-04-11	Schleswig-Holstein	676	706.8864501594	-0.977776581134836	nein
2021-04-18	Schleswig-Holstein	711	699.946708386246	0.34816964130334	nein
2021-04-25	Schleswig-Holstein	692	692.963698068277	-0.0305977162477473	nein
2021-05-02	Schleswig-Holstein	669	686.047611040366	-0.546180662923161	nein
2021-05-09	Schleswig-Holstein	708	679.304351378001	0.913770083119428	nein
2021-05-16	Schleswig-Holstein	641	672.834179452211	-1.03399200909814	nein
2021-05-23	Schleswig-Holstein	663	666.730618670113	-0.120873026593856	nein
2021-05-30	Schleswig-Holstein	686	661.079613208196	0.805148510912728	nein
2021-06-06	Schleswig-Holstein	660	655.958914452497	0.131757281266347	nein
2021-06-13	Schleswig-Holstein	643	651.43766605891	-0.276951990617293	nein
2021-06-20	Schleswig-Holstein	734	647.576152584176	2.77941682947842	nein
2021-06-27	Schleswig-Holstein	606	644.425674379398	-1.2783489832815	nein
2021-07-04	Schleswig-Holstein	649	642.028511622377	0.229602594200497	nein
2021-07-11	Schleswig-Holstein	643	640.417942655257	0.0852433910314374	nein
2021-07-18	Schleswig-Holstein	668	639.618285820709	0.931405920195604	nein
2021-07-25	Schleswig-Holstein	603	639.644939386531	-1.22321935561607	nein
2021-08-01	Schleswig-Holstein	655	640.504400571665	0.477061994251216	nein
2021-08-08	Schleswig-Holstein	660	642.194251826559	0.584739608407695	nein
2021-08-15	Schleswig-Holstein	659	644.703110099458	0.469016163973397	nein
2021-08-22	Schleswig-Holstein	651	648.010542581803	0.0981025890194253	nein
2021-08-29	Schleswig-Holstein	651	652.086960121476	-0.0355947513563302	nein
2021-09-05	Schleswig-Holstein	614	656.893506863282	-1.41475157174515	nein
2021-09-12	Schleswig-Holstein	686	662.38197143647	0.76264597923537	nein
2021-09-19	Schleswig-Holstein	637	668.494750838017	-1.0264226913905	nein
2021-09-26	Schleswig-Holstein	667	675.164902696678	-0.263193995660645	nein
2021-10-03	Schleswig-Holstein	682	682.316324455322	-0.0101229078987602	nein
2021-10-10	Schleswig-Holstein	693	689.864098775755	0.0997155529193462	nein
2021-10-17	Schleswig-Holstein	701	697.71504277366	0.103857558173096	nein
2021-10-24	Schleswig-Holstein	716	705.768494222223	0.321090217993062	nein
2021-10-31	Schleswig-Holstein	773	713.91736043513	1.82327742846623	nein
2021-11-07	Schleswig-Holstein	711	722.049445144444	-0.344491174439968	nein
2021-11-14	Schleswig-Holstein	722	730.049055546955	-0.249372105320602	nein
2021-11-21	Schleswig-Holstein	719	737.798876290276	-0.580726756976199	nein
2021-11-28	Schleswig-Holstein	741	745.182080272417	-0.128110620301568	nein
2021-12-05	Schleswig-Holstein	770	752.08462876341	0.543587615563079	nein
2021-12-12	Schleswig-Holstein	840	758.397696760263	2.43281543957261	nein
2021-12-19	Schleswig-Holstein	735	764.020145011818	-0.882600825255085	nein
2021-12-26	Schleswig-Holstein	789	768.860949151102	0.604004581503313	nein
2022-01-02	Schleswig-Holstein	787	772.841490059741	0.424067519988782	nein
2022-01-09	Schleswig-Holstein	764	775.897608886616	-0.357629509118749	nein
2022-01-16	Schleswig-Holstein	780	777.981335560605	0.0604136200773607	nein
2022-01-23	Schleswig-Holstein	769	779.062211177529	-0.301700874103919	nein
2022-01-30	Schleswig-Holstein	761	779.128141758856	-0.54446281364564	nein
2022-02-06	Schleswig-Holstein	803	778.185742503026	0.738913549012678	nein
2022-02-13	Schleswig-Holstein	801	776.26015626805	0.737611155197965	nein
2022-02-20	Schleswig-Holstein	760	773.394355826111	-0.403367195120375	nein
2022-02-27	Schleswig-Holstein	810	769.64796448878	1.20425475576298	nein
2022-03-06	Schleswig-Holstein	759	765.095652163856	-0.184278271082577	nein
2022-03-13	Schleswig-Holstein	754	759.82518218301	-0.176707367319854	nein
2022-03-20	Schleswig-Holstein	774	753.935197157926	0.607602415884659	nein
2022-03-27	Schleswig-Holstein	776	747.532839017467	0.864142118430837	nein
2022-04-03	Schleswig-Holstein	732	740.731299131775	-0.268471116016333	nein
2022-04-10	Schleswig-Holstein	792	733.647389441617	1.77634582380966	nein
2022-04-17	Schleswig-Holstein	788	726.399215619169	1.88307146409188	nein
2022-04-24	Schleswig-Holstein	758	719.104019639999	1.20091279835408	nein
2022-05-01	Schleswig-Holstein	799	711.876243068368	2.67486981273075	nein
2022-05-08	Schleswig-Holstein	726	704.825845203678	0.662961030559741	nein
2022-05-15	Schleswig-Holstein	732	698.056893265698	1.06471717890712	nein
2022-05-22	Schleswig-Holstein	671	691.666426081866	-0.659785384808495	nein
2022-05-29	Schleswig-Holstein	669	685.743579103607	-0.536364234433069	nein
2022-06-05	Schleswig-Holstein	661	680.368947568196	-0.623352080426334	nein
2022-06-12	Schleswig-Holstein	725	675.614156519434	1.56862984779357	nein
2022-06-19	Schleswig-Holstein	722	671.54160125114	1.60704764615368	nein
2022-06-26	Schleswig-Holstein	757	668.204319401739	2.809836171533	nein
2022-07-03	Schleswig-Holstein	672	665.64595613318	0.205434033757186	nein
2022-07-10	Schleswig-Holstein	736	663.900786221136	2.29742502936035	nein
2022-07-17	Schleswig-Holstein	708	662.993761080389	1.44427507748521	nein
2022-07-24	Schleswig-Holstein	745	662.940554367009	2.61055310934022	nein
2022-07-31	Schleswig-Holstein	777	663.747586478797	3.575301938223	nein
2022-08-07	Schleswig-Holstein	742	665.412015694293	2.43512892370268	nein
2022-08-14	Schleswig-Holstein	731	667.921691557921	2.00819265882014	nein
2022-08-21	Schleswig-Holstein	764	671.255074167726	2.9255051206974	nein
2022-08-28	Schleswig-Holstein	701	675.381130992996	0.818377477994553	nein
2022-09-04	Schleswig-Holstein	725	680.259230472205	1.41767323222265	nein
2022-09-11	Schleswig-Holstein	677	685.839058621001	-0.282537100227638	nein
2022-09-18	Schleswig-Holstein	683	692.060590882036	-0.288309939487094	nein
2022-09-25	Schleswig-Holstein	755	698.854156100135	1.75093918368885	nein
2022-10-02	Schleswig-Holstein	785	706.140632403288	2.43448268099628	nein
2022-10-09	Schleswig-Holstein	796	713.831815499052	2.52143026781932	nein
2022-10-16	Schleswig-Holstein	843	721.830998068976	3.6678867846482	nein
2022-10-23	Schleswig-Holstein	822	730.033794245974	2.78554570332036	nein
2022-10-30	Schleswig-Holstein	791	738.32923540329	1.59976787086621	nein
2022-11-06	Schleswig-Holstein	757	746.601152667079	0.316992000220269	nein
2022-11-13	Schleswig-Holstein	816	754.729847922737	1.83744271716858	nein
2022-11-20	Schleswig-Holstein	800	762.594039128127	1.12159610981166	nein
2022-11-27	Schleswig-Holstein	869	770.073048272922	2.91504106420903	nein
2022-12-04	Schleswig-Holstein	892	777.04918239989	3.36171207523224	nein
2022-12-11	Schleswig-Holstein	913	783.410241011915	3.76417913664289	nein
2022-12-18	Schleswig-Holstein	1040	789.052068328544	7.10637676782092	nein
2022-12-25	Schleswig-Holstein	1115	793.881057623424	8.96144382116367	nein
2023-01-01	Schleswig-Holstein	1125	797.816508513696	9.100812916903	nein
2023-01-08	Schleswig-Holstein	1011	800.792737529624	5.95306188459019	nein
2023-01-15	Schleswig-Holstein	924	802.760848081324	3.48509015331297	nein
2023-01-22	Schleswig-Holstein	809	803.690078047412	0.15605900130993	nein
2023-01-29	Schleswig-Holstein	829	803.568661059306	0.744385057001419	nein
2023-02-05	Schleswig-Holstein	825	802.404160023988	0.662226898409679	nein
2023-02-12	Schleswig-Holstein	721	800.223256944604	-2.37612659869965	nein
2023-02-19	Schleswig-Holstein	777	797.071009784875	-0.595447994146472	nein
2023-02-26	Schleswig-Holstein	795	793.009612985027	0.0589254851438513	nein
2023-03-05	Schleswig-Holstein	765	788.116721363808	-0.690192831502851	nein
2023-03-12	Schleswig-Holstein	787	782.483415899266	0.134542755773563	nein
2023-03-19	Schleswig-Holstein	837	776.211903067157	1.79693820759854	nein
2023-03-26	Schleswig-Holstein	819	769.413046358139	1.47558690357894	nein
2023-04-02	Schleswig-Holstein	778	762.203829186561	0.475646593913241	nein
2023-04-09	Schleswig-Holstein	781	754.704843073	0.793917465379212	nein
2023-04-16	Schleswig-Holstein	793	747.037884606332	1.38890672910229	nein
2023-04-23	Schleswig-Holstein	763	739.323730467222	0.722653403739964	nein
2023-04-30	Schleswig-Holstein	801	731.680143096456	2.10577761755498	nein
2023-05-07	Schleswig-Holstein	772	724.220141820249	1.46560717077675	nein
2023-05-14	Schleswig-Holstein	764	717.050556702253	1.44750902982164	nein
2023-05-21	Schleswig-Holstein	717	710.270866181428	0.21036956798038	nein
2023-05-28	Schleswig-Holstein	709	703.972305519926	0.157948679464777	nein
2023-06-04	Schleswig-Holstein	697	698.237221783852	-0.0390872439267404	nein
2023-06-11	Schleswig-Holstein	689	693.138642795341	-0.131328936206541	nein
2023-06-18	Schleswig-Holstein	691	688.740037056079	0.0718345143111135	nein
2023-06-25	Schleswig-Holstein	695	685.095238693851	0.315093921951721	nein
2023-07-02	Schleswig-Holstein	628	682.248379921336	-1.75739918144175	nein
2023-07-09	Schleswig-Holstein	661	680.233913552358	-0.618508638509119	nein
2023-07-16	Schleswig-Holstein	686	679.076676666547	0.22139627290465	nein
2023-07-23	Schleswig-Holstein	610	678.79195333353	-2.24309989412815	nein
2023-07-30	Schleswig-Holstein	673	679.385516209909	-0.204827198966528	nein
2023-08-06	Schleswig-Holstein	658	680.853634469491	-0.7352935791295	nein
2023-08-13	Schleswig-Holstein	678	683.18304361169	-0.165746169671336	nein
2023-08-20	Schleswig-Holstein	711	686.350880938538	0.780800595418376	nein
2023-08-27	Schleswig-Holstein	695	690.324598630478	0.148381929602267	nein
2023-09-03	Schleswig-Holstein	652	695.061874108426	-1.37798510825951	nein
2023-09-10	Schleswig-Holstein	699	700.510544442635	-0.0476598254168685	nein
2023-09-17	Schleswig-Holstein	669	706.608597618907	-1.19176036642302	nein
2023-09-24	Schleswig-Holstein	689	713.284258122012	-0.763380591618483	nein
2023-10-01	Schleswig-Holstein	673	720.45620713742	-1.49250003032114	nein
2023-10-08	Schleswig-Holstein	675	728.0339782904	-1.66119230986383	nein
2023-10-15	Schleswig-Holstein	724	735.91856784973	-0.367701100158999	nein
2023-10-22	Schleswig-Holstein	747	744.003293410545	0.0916330216975919	nein
2023-10-29	Schleswig-Holstein	796	752.174927058276	1.32097902351451	nein
2023-11-05	Schleswig-Holstein	803	760.315117913687	1.28006914302692	nein
2023-11-12	Schleswig-Holstein	807	768.302105019915	1.15545856117152	nein
2023-11-19	Schleswig-Holstein	798	776.0127052874	0.655533657796211	nein
2023-11-26	Schleswig-Holstein	770	783.324543483257	-0.398365250759798	nein
2023-12-03	Schleswig-Holstein	844	790.118473130112	1.58164787570103	nein
2023-12-10	Schleswig-Holstein	880	796.281119969923	2.43367924013699	nein
2023-12-17	Schleswig-Holstein	904	801.707464770465	2.95314861665512	nein
2023-12-24	Schleswig-Holstein	939	806.303371114657	3.79852698772064	nein
2023-12-31	Schleswig-Holstein	839	809.987957664007	0.845332854314104	nein
2024-01-07	Schleswig-Holstein	839	812.695714166674	0.765564494522474	nein
2024-01-14	Schleswig-Holstein	816	814.378266684724	0.0473858534474419	nein
2024-01-21	Schleswig-Holstein	836	815.005710105934	0.610795876643428	nein
2024-01-28	Schleswig-Holstein	783	814.567444369858	-0.928635615387033	nein
2024-02-04	Schleswig-Holstein	811	813.072473816781	-0.0606513389174224	nein
2024-02-11	Schleswig-Holstein	888	810.549155049024	2.23455447957388	nein
2024-02-18	Schleswig-Holstein	819	807.044405763907	0.350201022892612	nein
2024-02-25	Schleswig-Holstein	769	802.622413152646	-0.997095111934459	nein
2024-03-03	Schleswig-Holstein	766	797.362903731016	-0.932799100536771	nein
2024-03-10	Schleswig-Holstein	720	791.35905523525	-2.14958907506221	nein
2024-03-17	Schleswig-Holstein	749	784.715144282498	-1.07207108083176	nein
2024-03-24	Schleswig-Holstein	725	777.544030203561	-1.59070890161499	nein
2024-03-31	Schleswig-Holstein	715	769.96457572489	-1.67342754079425	nein
2024-04-07	Schleswig-Holstein	759	762.099099465649	-0.0937602660658351	nein
2024-04-14	Schleswig-Holstein	668	754.070944433236	-2.66876803250518	nein
2024-04-21	Schleswig-Holstein	728	746.002232076227	-0.552452475784277	nein
2024-04-28	Schleswig-Holstein	729	738.011854387625	-0.277515573074771	nein
2024-05-05	Schleswig-Holstein	672	730.213738466052	-1.8234807389052	nein
2024-05-12	Schleswig-Holstein	656	722.715400153808	-2.10549124577286	nein
2024-05-19	Schleswig-Holstein	732	715.616786988186	0.509502462629599	nein
2024-05-26	Schleswig-Holstein	653	709.009396569294	-1.78069132347906	nein
2024-06-02	Schleswig-Holstein	662	702.975645116696	-1.30365861840241	nein
2024-06-09	Schleswig-Holstein	682	697.588452731541	-0.494835902204882	nein
2024-06-16	Schleswig-Holstein	677	692.911006728547	-0.506861593093707	nein
2024-06-23	Schleswig-Holstein	680	688.996662187711	-0.286946974657754	nein
2024-06-30	Schleswig-Holstein	775	685.888939297807	2.78429207732642	nein
2024-07-07	Schleswig-Holstein	681	683.621579741355	-0.0838212484570865	nein
2024-07-14	Schleswig-Holstein	676	682.218628891525	-0.199219939524571	nein
2024-07-21	Schleswig-Holstein	705	681.694516548023	0.741602158452421	nein
2024-07-28	Schleswig-Holstein	659	682.054115952658	-0.741788522695205	nein
2024-08-04	Schleswig-Holstein	603	683.292768555579	-2.61961334030906	nein
2024-08-11	Schleswig-Holstein	706	685.396270146648	0.654336971673072	nein
2024-08-18	Schleswig-Holstein	704	688.340822245501	0.496839695782284	nein
2024-08-25	Schleswig-Holstein	680	692.092960791367	-0.385217358324194	nein
2024-09-01	Schleswig-Holstein	740	696.609481913842	1.35978266578544	nein
2024-09-08	Schleswig-Holstein	725	701.837391598254	0.72657779183735	nein
2024-09-15	Schleswig-Holstein	730	707.713912047867	0.696330766094247	nein
2024-09-22	Schleswig-Holstein	666	714.166582116192	-1.52336202664073	nein
2024-09-29	Schleswig-Holstein	704	721.113491933192	-0.534571066067779	nein
2024-10-06	Schleswig-Holstein	747	728.463692370608	0.571361382481794	nein
2024-10-13	Schleswig-Holstein	769	736.117817904355	1.00507624083527	nein
2024-10-20	Schleswig-Holstein	802	743.968956433437	1.75492603498772	nein
2024-10-27	Schleswig-Holstein	777	751.903791535134	0.760292902554534	nein
2024-11-03	Schleswig-Holstein	762	759.804031494622	0.066508548205284	nein
2024-11-10	Schleswig-Holstein	719	767.548125504797	-1.47939959221638	nein
2024-11-17	Schleswig-Holstein	788	775.013251226191	0.388496036700868	nein
2024-11-24	Schleswig-Holstein	816	782.077540253729	1.00573569732545	nein
2024-12-01	Schleswig-Holstein	838	788.622490049117	1.45325425951846	nein
2024-12-08	Schleswig-Holstein	785	794.535493865191	-0.283013373985688	nein
2024-12-15	Schleswig-Holstein	806	799.712405523243	0.185382217295091	nein
2024-12-22	Schleswig-Holstein	834	804.060045001888	0.876068193952829	nein
2024-12-29	Schleswig-Holstein	854	807.498544888343	1.35325128762419	nein
2025-01-05	Schleswig-Holstein	858	809.963437750678	1.39534941225601	nein
2025-01-12	Schleswig-Holstein	880	811.407390890214	1.98266962013347	nein
2025-01-19	Schleswig-Holstein	845	811.801507670165	0.966049102703435	nein
2025-01-26	Schleswig-Holstein	864	811.136133062496	1.53292491924767	nein
2025-02-02	Schleswig-Holstein	892	809.421124041097	2.38328178400324	nein
2025-02-09	Schleswig-Holstein	848	806.685571360341	1.20402740743366	nein
2025-02-16	Schleswig-Holstein	871	802.976986185127	1.97647411009402	nein
2025-02-23	Schleswig-Holstein	937	798.359990968259	3.98563281126033	nein
2025-03-02	Schleswig-Holstein	857	792.914576991689	1.87515207586053	nein
2025-03-09	Schleswig-Holstein	853	786.734009479021	1.94562397749658	nein
2025-03-16	Schleswig-Holstein	875	779.92247397205	2.78754449511252	nein
2025-03-23	Schleswig-Holstein	815	772.592564109216	1.26249088593303	nein
2025-03-30	Schleswig-Holstein	772	764.862710985546	0.215157687977652	nein
2025-04-06	Schleswig-Holstein	790	756.85464838468	0.998883329889879	nein
2025-04-13	Schleswig-Holstein	777	748.690997271698	0.858662754687906	nein
2025-04-20	Schleswig-Holstein	753	740.493038252953	0.382785024680168	nein
2025-04-27	Schleswig-Holstein	679	732.378723643835	-1.66811691708955	nein
2025-05-04	Schleswig-Holstein	709	724.460962752977	-0.481522727153401	nein
2025-05-11	Schleswig-Holstein	685	716.846196297375	-1.00107359111829	nein
2025-05-18	Schleswig-Holstein	708	709.633259604903	-0.051236160850001	nein
2025-05-25	Schleswig-Holstein	724	702.912520269126	0.661168738578081	nein
2025-06-01	Schleswig-Holstein	704	696.765264737315	0.228574773929527	nein
2025-06-08	Schleswig-Holstein	666	691.263300198197	-0.807707045927884	nein
2025-06-15	Schleswig-Holstein	634	686.46873311096	-1.69507578649259	nein
2025-06-22	Schleswig-Holstein	674	682.433883609374	-0.270272153512803	nein
2025-06-29	Schleswig-Holstein	670	679.201295519062	-0.295620299032096	nein
2025-07-06	Schleswig-Holstein	689	676.803804458594	0.390467795987796	nein
2025-07-13	Schleswig-Holstein	618	675.264631043078	-1.86791600621992	nein
2025-07-20	Schleswig-Holstein	728	674.597472165427	1.69558214540113	nein
2025-07-27	Schleswig-Holstein	742	674.806570318438	2.12619319735153	nein
2025-08-03	Schleswig-Holstein	635	675.886748601616	-1.32714954232711	nein
2025-08-10	Schleswig-Holstein	693	677.823407129667	0.485031254655877	nein
2025-08-17	Schleswig-Holstein	658	680.592484750434	-0.727232917857003	nein
2025-08-24	Schleswig-Holstein	690	684.160398024986	0.186150299094049	nein
2025-08-31	Schleswig-Holstein	695	688.4839770505	0.207003362310761	nein
2025-09-07	Schleswig-Holstein	733	693.510424622272	1.24018019709104	nein
2025-09-14	Schleswig-Holstein	688	699.177331105024	-0.353765001726379	nein
2025-09-21	Schleswig-Holstein	714	705.412781848994	0.269273263928328	nein
2025-09-28	Schleswig-Holstein	760	712.135596649048	1.48029410505561	nein
2025-10-05	Schleswig-Holstein	687	719.255741205288	-1.01101176728062	nein
2025-10-12	Schleswig-Holstein	697	726.674948431499	-0.924548961105476	nein
2025-10-19	Schleswig-Holstein	771	734.287582479318	1.12059553326701	nein
2025-10-26	Schleswig-Holstein	731	741.981770338676	-0.33696777875453	nein
2025-11-02	Schleswig-Holstein	731	749.640814862972	-0.569900076903316	nein
2025-11-09	Schleswig-Holstein	763	757.144889312357	0.177108090590678	nein
2025-11-16	Schleswig-Holstein	765	764.372997544576	0.0188935769682622	nein
2025-11-23	Schleswig-Holstein	777	771.205166626529	0.173610827872804	nein
2025-11-30	Schleswig-Holstein	762	777.524820969227	-0.465260491062407	nein
2025-12-07	Schleswig-Holstein	716	783.221270384288	-2.02983145896199	nein
2025-12-14	Schleswig-Holstein	751	788.192230109556	-1.11174874306713	nein
2025-12-21	Schleswig-Holstein	770	792.346280223929	-0.663933419449108	nein
2025-12-28	Schleswig-Holstein	799	795.605166173928	0.100092301656191	nein
2026-01-04	Schleswig-Holstein	811	797.905842264026	0.384673396952403	nein
2026-01-11	Schleswig-Holstein	851	799.202166380189	1.50837396118224	nein
2026-01-18	Schleswig-Holstein	839	799.466166855933	1.15374687073127	nein
2026-01-25	Schleswig-Holstein	837	798.688820625761	1.1187638969218	nein
2026-02-01	Schleswig-Holstein	844	796.880304484589	1.37497445498496	nein
2026-02-08	Schleswig-Holstein	899	794.069706789143	3.03240213360611	nein
2026-02-15	Schleswig-Holstein	897	790.304213417652	3.08928253324125	nein
2026-02-22	Schleswig-Holstein	900	785.647807268114	3.31537880706937	nein
2026-03-01	Schleswig-Holstein	916	780.179543145817	3.93470056261079	nein
2026-03-08	Schleswig-Holstein	832	773.991477980381	1.71301263409873	nein
2026-03-15	Schleswig-Holstein	764	767.186348773037	-0.0957348524249583	nein
2026-03-22	Schleswig-Holstein	760	759.875096891735	0.00376812413071644	nein
2026-03-29	Schleswig-Holstein	701	752.174337252181	-1.56996140505836	nein
2026-04-05	Schleswig-Holstein	693	744.203865020654	-1.57951212367709	nein
2026-04-12	Schleswig-Holstein	732	736.084281659287	-0.1253207631786	nein
2026-04-19	Schleswig-Holstein	724	727.934807622794	-0.121408070701778	nein
2026-04-26	Schleswig-Holstein	719	719.871332185108	-0.0270165015134739	nein
2026-05-03	Schleswig-Holstein	695	712.00473311711	-0.532182361008918	nein
2026-05-10	Schleswig-Holstein	706	704.439481534843	0.0488847791382705	nein
2026-05-17	Schleswig-Holstein	746	697.272531267584	1.51745985860193	nein
2026-05-24	Schleswig-Holstein	753	690.59247836903	1.94650444906504	nein
2026-05-31	Schleswig-Holstein	684	684.478965440115	-0.0152272601267606	nein
2026-06-07	Schleswig-Holstein	689	679.002297501618	0.318290949074693	nein
2026-06-14	Schleswig-Holstein	611	674.223231263755	-2.05773486065042	nein
2026-06-21	Schleswig-Holstein	713	670.192897615393	1.36062258850627	nein
2026-06-28	Schleswig-Holstein	722	666.952817694217	1.74853503952264	nein
2026-07-05	Schleswig-Holstein	674	664.534975621845	0.304485889709908	nein
2026-07-12	Schleswig-Holstein	650	662.961915487036	-0.419769464520422	nein
2026-07-19	Schleswig-Holstein	657	662.246836035092	-0.169646411581689	nein
2026-07-26	Schleswig-Holstein	670	662.393663401337	0.24506631031716	nein
2026-08-02	Schleswig-Holstein	696	663.397089778818	1.04296570721471	nein
2026-08-09	Schleswig-Holstein	680	665.242573840073	0.473387064949603	nein
2026-08-16	Schleswig-Holstein	645	667.906306771291	-0.740086734721305	ja
2026-08-23	Schleswig-Holstein	622	671.355155666563	-1.60091918583417	ja
2026-08-30	Schleswig-Holstein	679	675.546603504951	0.110143164819593	ja
2026-09-06	Schleswig-Holstein	613	680.428711705577	-2.18102107071545	ja
2026-09-13	Schleswig-Holstein	719	685.940137003516	1.03833025354355	ja
2026-09-20	Schleswig-Holstein	702	692.010238754095	0.313980364363897	ja
2026-09-27	Schleswig-Holstein	670	698.559315369828	-0.90140777596949	ja
2016-10-09	Saarland	233	242.848481953569	-0.596942251822708	nein
2016-10-16	Saarland	254	244.816374912142	0.547324675581575	nein
2016-10-23	Saarland	274	246.87458117106	1.591796209953	nein
2016-10-30	Saarland	253	248.994328810809	0.237626997984987	nein
2016-11-06	Saarland	235	251.14520964954	-0.966903761534684	nein
2016-11-13	Saarland	239	253.295560732648	-0.851441214843156	nein
2016-11-20	Saarland	278	255.412910085789	1.30823109636514	nein
2016-11-27	Saarland	248	257.464482671365	-0.557362990265311	nein
2016-12-04	Saarland	269	259.417758740573	0.555367378176692	nein
2016-12-11	Saarland	272	261.241072968242	0.62102478048884	nein
2016-12-18	Saarland	279	262.904239155339	0.923250660260321	nein
2016-12-25	Saarland	256	264.379182162984	-0.486739948448573	nein
2017-01-01	Saarland	284	265.640556377463	1.04655802128379	nein
2017-01-08	Saarland	295	266.666328643492	1.60282682589108	nein
2017-01-15	Saarland	328	267.438303430985	3.36062216911047	nein
2017-01-22	Saarland	306	267.942569126018	2.13651227506132	nein
2017-01-29	Saarland	291	268.169846767712	1.29256738793606	nein
2017-02-05	Saarland	313	268.115726190149	2.5100061704108	nein
2017-02-12	Saarland	306	267.780779168474	2.14684840463564	nein
2017-02-19	Saarland	331	267.170544516707	3.53969840397503	nein
2017-02-26	Saarland	285	266.295385782049	1.06580776805806	nein
2017-03-05	Saarland	332	265.17022783432	3.71424066531644	nein
2017-03-12	Saarland	264	263.814183871431	0.010761957209823	nein
2017-03-19	Saarland	277	262.250088804381	0.849217825593774	nein
2017-03-26	Saarland	248	260.50395837192	-0.735065506951583	nein
2017-04-02	Saarland	240	258.604395483645	-1.10247013406087	nein
2017-04-09	Saarland	245	256.581966125201	-0.685936068893009	nein
2017-04-16	Saarland	233	254.468566711307	-1.28573316193321	nein
2017-04-23	Saarland	234	252.296803168156	-1.09835987077858	nein
2017-04-30	Saarland	253	250.09939946941	0.172423730237622	nein
2017-05-07	Saarland	251	247.908650094107	0.184574708455693	nein
2017-05-14	Saarland	234	245.755927198812	-0.712299509245063	nein
2017-05-21	Saarland	236	243.671249477279	-0.465550610805219	nein
2017-05-28	Saarland	248	241.682915971202	0.381311350495711	nein
2017-06-04	Saarland	234	239.817204707413	-0.355522531892928	nein
2017-06-11	Saarland	242	238.09813313161	0.237737089224677	nein
2017-06-18	Saarland	228	236.547274993158	-0.527181076823805	nein
2017-06-25	Saarland	248	235.183626664774	0.78107334730525	nein
2017-07-02	Saarland	235	234.023514863239	0.060157723079191	nein
2017-07-09	Saarland	268	233.080537344059	2.10682380407265	nein
2017-07-16	Saarland	237	232.365528317681	0.285859198898827	nein
2017-07-23	Saarland	217	231.886541003193	-0.932485021915184	nein
2017-07-30	Saarland	222	231.648840813302	-0.60242719712297	nein
2017-08-06	Saarland	221	231.654904064451	-0.665813806585298	nein
2017-08-13	Saarland	226	231.904418741477	-0.367514668245333	nein
2017-08-20	Saarland	224	232.394285633423	-0.522955552358579	nein
2017-08-27	Saarland	214	233.118620014894	-1.19890150498172	nein
2017-09-03	Saarland	243	234.068755896289	0.547720977429183	nein
2017-09-10	Saarland	219	235.233256627044	-1.01127718904487	nein
2017-09-17	Saarland	226	236.597937227173	-0.655607753699313	nein
2017-09-24	Saarland	265	238.145905160055	1.61403052339431	nein
2017-10-01	Saarland	264	239.85762725686	1.44868977403657	nein
2017-10-08	Saarland	230	241.711031074094	-0.717387777018147	nein
2017-10-15	Saarland	260	243.681649028261	0.976773906468965	nein
2017-10-22	Saarland	248	245.74281313515	0.135815383961256	nein
2017-10-29	Saarland	224	247.865907034718	-1.45611520755478	nein
2017-11-05	Saarland	237	250.020680184547	-0.784876414322059	nein
2017-11-12	Saarland	249	252.175626673028	-0.189327761057414	nein
2017-11-19	Saarland	264	254.298428102899	0.571176971867636	nein
2017-11-26	Saarland	257	256.356456544316	0.0379576517721335	nein
2017-12-03	Saarland	262	258.317329825892	0.215964612668169	nein
2017-12-10	Saarland	252	260.149507642365	-0.479880342777265	nein
2017-12-17	Saarland	247	261.822913366635	-0.873834362414022	nein
2017-12-24	Saarland	253	263.309563339446	-0.604216578639804	nein
2017-12-31	Saarland	264	264.584183046256	-0.0339417532865751	nein
2018-01-07	Saarland	261	265.624788222527	-0.268863315954094	nein
2018-01-14	Saarland	275	266.413208743856	0.494371565053035	nein
2018-01-21	Saarland	262	266.93553426343	-0.286278779100871	nein
2018-01-28	Saarland	275	267.182462965501	0.449664542261462	nein
2018-02-04	Saarland	280	267.149538412125	0.736968056124729	nein
2018-02-11	Saarland	326	266.837264069344	3.30652711709808	nein
2018-02-18	Saarland	296	266.251090416376	1.69203799290551	nein
2018-02-25	Saarland	366	265.401275209728	5.51731164043451	nein
2018-03-04	Saarland	383	264.302623103331	6.46505040446948	nein
2018-03-11	Saarland	415	262.974116029223	8.17130055153	nein
2018-03-18	Saarland	403	261.438450174118	7.66529995206934	nein
2018-03-25	Saarland	324	259.721498769676	3.62923061631002	nein
2018-04-01	Saarland	297	257.851722066156	2.24971387809477	nein
2018-04-08	Saarland	287	255.859546704194	1.80484862260842	nein
2018-04-15	Saarland	264	253.776736267279	0.602673895546526	nein
2018-04-22	Saarland	288	251.635773213155	2.11815355727208	nein
2018-04-29	Saarland	233	249.469269847417	-0.997040275944137	nein
2018-05-06	Saarland	257	247.309422769557	0.578906942369542	nein
2018-05-13	Saarland	241	245.187521567912	-0.25360184220063	nein
2018-05-20	Saarland	276	243.133518740662	1.95080928341991	nein
2018-05-27	Saarland	225	241.175664127006	-0.996358313727544	nein
2018-06-03	Saarland	221	239.340203757265	-1.13596561428364	nein
2018-06-10	Saarland	249	237.651140134004	0.690817167385192	nein
2018-06-17	Saarland	220	236.130048645501	-1.00444484012956	nein
2018-06-24	Saarland	246	234.795943143128	0.686188399974844	nein
2018-07-01	Saarland	237	233.665182694481	0.205858965251232	nein
2018-07-08	Saarland	245	232.751411126326	0.752897343462847	nein
2018-07-15	Saarland	248	232.065521139868	0.978423936305098	nein
2018-07-22	Saarland	236	231.615635442053	0.271654900870547	nein
2018-07-29	Saarland	267	231.407098406991	2.1601212503905	nein
2018-08-05	Saarland	265	231.442473174742	2.03918090578025	nein
2018-08-12	Saarland	277	231.721540724231	2.7292756277376	nein
2018-08-19	Saarland	241	232.241299239777	0.540329359475903	nein
2018-08-26	Saarland	248	232.995963945825	0.920155540959712	nein
2018-09-02	Saarland	250	233.976969432921	0.979946348746272	nein
2018-09-09	Saarland	236	235.172978260516	0.0509856289168872	nein
2018-09-16	Saarland	237	236.569901217487	0.0264440693992408	nein
2018-09-23	Saarland	258	238.150935965239	1.20036949407633	nein
2018-09-30	Saarland	242	239.89663179413	0.128267098311673	nein
2018-10-07	Saarland	253	241.784988804969	0.677029362416373	nein
2018-10-14	Saarland	252	243.791599900922	0.494472423147811	nein
2018-10-21	Saarland	229	245.88984346996	-1.03068936341843	nein
2018-10-28	Saarland	213	248.05113350218	-2.15757125919286	nein
2018-11-04	Saarland	258	250.245232097417	0.4611808968318	nein
2018-11-11	Saarland	232	252.44062689321	-1.23344309538626	nein
2018-11-18	Saarland	250	254.604972945296	-0.273674204938142	nein
2018-11-25	Saarland	262	256.705595139415	0.31131249417507	nein
2018-12-02	Saarland	244	258.710043475085	-0.872860601105148	nein
2018-12-09	Saarland	250	260.586689759154	-0.624108230181895	nein
2018-12-16	Saarland	236	262.305350637212	-1.56180358426032	nein
2018-12-23	Saarland	255	263.837918752599	-0.517065299998279	nein
2018-12-30	Saarland	248	265.158981431062	-1.00672195277053	nein
2019-01-06	Saarland	267	266.246404890416	0.0436148348495891	nein
2019-01-13	Saarland	244	267.081861758799	-1.35433495620097	nein
2019-01-20	Saarland	265	267.651280761991	-0.153351612185523	nein
2019-01-27	Saarland	282	267.945199821126	0.804191892884988	nein
2019-02-03	Saarland	274	267.959007391424	0.347323385805478	nein
2019-02-10	Saarland	272	267.693061469885	0.248011199868767	nein
2019-02-17	Saarland	286	267.152681014492	1.07689782813886	nein
2019-02-24	Saarland	257	266.348010192173	-0.544334832352385	nein
2019-03-03	Saarland	288	265.29376151723	1.29893042935853	nein
2019-03-10	Saarland	310	264.008849168241	2.60207842023944	nein
2019-03-17	Saarland	282	262.515928231201	1.12261823797936	nein
2019-03-24	Saarland	270	260.840859031747	0.532781285575688	nein
2019-03-31	Saarland	285	259.012117905224	1.50148069165745	nein
2019-04-07	Saarland	257	257.060176631248	-0.00354714700669884	nein
2019-04-14	Saarland	248	255.016872356826	-0.417207912693097	nein
2019-04-21	Saarland	279	252.914788272234	1.52481118871867	nein
2019-04-28	Saarland	272	250.78666278694	1.24896747582007	nein
2019-05-05	Saarland	272	248.664841731007	1.37782360054293	nein
2019-05-12	Saarland	267	246.580784457578	1.21289553679299	nein
2019-05-19	Saarland	283	244.564630920267	2.26652836875425	nein
2019-05-26	Saarland	263	242.644833098058	1.2187572094121	nein
2019-06-02	Saarland	261	240.847850752378	1.21117704613747	nein
2019-06-09	Saarland	260	239.197908588737	1.25393009031813	nein
2019-06-16	Saarland	216	237.716809567419	-1.35290885611091	nein
2019-06-23	Saarland	262	236.423797420571	1.54566976079315	nein
2019-06-30	Saarland	273	235.335460397013	2.26356760527365	nein
2019-07-07	Saarland	259	234.465667844149	1.48972397318664	nein
2019-07-14	Saarland	231	233.825531393579	-0.175068049504273	nein
2019-07-21	Saarland	253	233.423383170568	1.19520648575953	nein
2019-07-28	Saarland	280	233.26476451441	2.80436274607389	nein
2019-08-04	Saarland	228	233.352420090563	-0.332566863895025	nein
2019-08-11	Saarland	226	233.68629391014	-0.478036812186452	nein
2019-08-18	Saarland	240	234.26352556452	0.352919027066913	nein
2019-08-25	Saarland	212	235.07844685155	-1.44742672857304	nein
2019-09-01	Saarland	240	236.122580835541	0.237902124150976	nein
2019-09-08	Saarland	241	237.384647166183	0.221264714497991	nein
2019-09-15	Saarland	248	238.850579099508	0.556101414586753	nein
2019-09-22	Saarland	240	240.503559031816	-0.0307022745459895	nein
2019-09-29	Saarland	256	242.324080387135	0.822715960511746	nein
2019-10-06	Saarland	256	244.290044301702	0.702505639367876	nein
2019-10-13	Saarland	260	246.376899640996	0.812771780451085	nein
2019-10-20	Saarland	262	248.557834392511	0.798523893137565	nein
2019-10-27	Saarland	231	250.804025346945	-1.19755844247025	nein
2019-11-03	Saarland	257	253.084951187557	0.231880877112354	nein
2019-11-10	Saarland	292	255.368771666981	2.11644432501765	nein
2019-11-17	Saarland	245	257.62277252595	-0.748933324177309	nein
2019-11-24	Saarland	260	259.813872315723	0.0109029733631269	nein
2019-12-01	Saarland	237	261.909183497127	-1.47734983589249	nein
2019-12-08	Saarland	275	263.876616325681	0.642019398485968	nein
2019-12-15	Saarland	253	265.685510355006	-0.740651856567549	nein
2019-12-22	Saarland	274	267.307275181627	0.384799958997779	nein
2019-12-29	Saarland	254	268.716019593395	-0.855241400023609	nein
2020-01-05	Saarland	266	269.889146822389	-0.223967270618675	nein
2020-01-12	Saarland	259	270.807893336373	-0.682189652650625	nein
2020-01-19	Saarland	266	271.457789645131	-0.313674017848721	nein
2020-01-26	Saarland	256	271.829023964136	-0.915079772151113	nein
2020-02-02	Saarland	300	271.916693174882	1.58078715951655	nein
2020-02-09	Saarland	262	271.720930148871	-0.559939419061483	nein
2020-02-16	Saarland	269	271.246895971922	-0.128943029156647	nein
2020-02-23	Saarland	266	270.504631479432	-0.259246287746009	nein
2020-03-01	Saarland	293	269.508821298697	1.33188076206148	nein
2020-03-08	Saarland	308	268.278434148581	2.23644217931866	nein
2020-03-15	Saarland	275	266.836261050202	0.469498153799471	nein
2020-03-22	Saarland	281	265.208376623851	0.90682011388638	nein
2020-03-29	Saarland	303	263.423545002875	2.24875199238853	nein
2020-04-05	Saarland	313	261.512592838954	2.91631381074096	nein
2020-04-12	Saarland	279	259.507771517522	1.12916116527071	nein
2020-04-19	Saarland	298	257.442129168685	2.32940941813559	nein
2020-04-26	Saarland	248	255.348910547877	-0.436640720546561	nein
2020-05-03	Saarland	241	253.260999625277	-0.734035665164982	nein
2020-05-10	Saarland	265	251.210416043461	0.81486518718155	nein
2020-05-17	Saarland	215	249.227872758573	-2.09915105399667	nein
2020-05-24	Saarland	243	247.342398428249	-0.261747272819022	nein
2020-05-31	Saarland	217	245.581024666451	-1.75928399482343	nein
2020-06-07	Saarland	218	243.968535318004	-1.60095837929815	nein
2020-06-14	Saarland	235	242.527272525971	-0.459339190346682	nein
2020-06-21	Saarland	225	241.276992632566	-1.00218248571099	nein
2020-06-28	Saarland	218	240.234763881494	-1.37813128791545	nein
2020-07-05	Saarland	222	239.414897450934	-1.07747976352495	nein
2020-07-12	Saarland	242	238.828903487647	0.193586577963998	nein
2020-07-19	Saarland	225	238.485464461268	-0.833658262775802	nein
2020-07-26	Saarland	244	238.390419230551	0.342197249070903	nein
2020-08-02	Saarland	213	238.546752622968	-1.59331347464301	nein
2020-08-09	Saarland	252	238.954586988804	0.790872620353194	nein
2020-08-16	Saarland	293	239.611174015964	3.15071907059394	nein
2020-08-23	Saarland	245	240.510886999766	0.272850578297096	nein
2020-08-30	Saarland	231	241.645215671804	-0.652335038295758	nein
2020-09-06	Saarland	228	243.002767521694	-0.919581086648965	nein
2020-09-13	Saarland	247	244.569281210553	0.146707876483023	nein
2020-09-20	Saarland	251	246.327659087609	0.280563576613483	nein
2020-09-27	Saarland	252	248.258026890158	0.223953427784315	nein
2020-10-04	Saarland	262	250.337829340493	0.691459154285502	nein
2020-10-11	Saarland	270	252.54197046356	1.02679065588352	nein
2020-10-18	Saarland	260	254.843006959226	0.304305178306463	nein
2020-10-25	Saarland	292	257.211401816295	2.00638870336247	nein
2020-11-01	Saarland	247	259.615843525058	-0.746036754896636	nein
2020-11-08	Saarland	308	262.023633745063	2.61089294122149	nein
2020-11-15	Saarland	298	264.401143178008	1.91310555189317	nein
2020-11-22	Saarland	279	266.714331800951	0.705349796126868	nein
2020-11-29	Saarland	284	268.929325707649	0.860216491779231	nein
2020-12-06	Saarland	306	271.013038813464	1.96657100934767	nein
2020-12-13	Saarland	311	272.933823870251	2.12859123242776	nein
2020-12-20	Saarland	310	274.662133902936	1.9729223503964	nein
2020-12-27	Saarland	292	276.171172608884	0.891148782694311	nein
2021-01-03	Saarland	318	277.437510715485	2.24708636506234	nein
2021-01-10	Saarland	359	278.441644974303	4.36351728568542	nein
2021-01-17	Saarland	297	279.168477502325	0.997404816561574	nein
2021-01-24	Saarland	331	279.607695581137	2.82013511484685	nein
2021-01-31	Saarland	274	279.754035699897	-0.326022139269939	nein
2021-02-07	Saarland	319	279.607420374679	2.17576793465107	nein
2021-02-14	Saarland	301	279.172961795798	1.21834806842535	nein
2021-02-21	Saarland	323	278.460832275993	2.45841888128513	nein
2021-02-28	Saarland	296	277.486007388414	1.03863333450422	nein
2021-03-07	Saarland	253	276.267893187661	-1.34192751591796	nein
2021-03-14	Saarland	246	274.829853631849	-1.67342012802559	nein
2021-03-21	Saarland	243	273.19865797302	-1.76009884604164	nein
2021-03-28	Saarland	242	271.40387025806	-1.71895376662842	nein
2021-04-04	Saarland	267	269.477204093395	-0.142862878330746	nein
2021-04-11	Saarland	230	267.451865496252	-2.21892282575724	nein
2021-04-18	Saarland	271	265.361905106173	0.326087942973495	nein
2021-04-25	Saarland	238	263.241598467457	-1.49563539261133	nein
2021-05-02	Saarland	247	261.124869776572	-0.834232402530286	nein
2021-05-09	Saarland	265	259.044770706609	0.348602108308004	nein
2021-05-16	Saarland	250	257.033021961922	-0.416821317056033	nein
2021-05-23	Saarland	249	255.119621345841	-0.363860380787335	nein
2021-05-30	Saarland	218	253.332518567433	-2.15194005004201	nein
2021-06-06	Saarland	267	251.697353942836	0.903434127504815	nein
2021-06-13	Saarland	270	250.237255679666	1.16682346062351	nein
2021-06-20	Saarland	291	248.972688632124	2.45374416983706	nein
2021-06-27	Saarland	218	247.921346293609	-1.83606113621145	nein
2021-07-04	Saarland	226	247.098077327679	-1.28859571777393	nein
2021-07-11	Saarland	240	246.514838071955	-0.394319460092441	nein
2021-07-18	Saarland	233	246.180663108657	-0.802050170304646	nein
2021-07-25	Saarland	256	246.101647094322	0.593029447153421	nein
2021-08-01	Saarland	235	246.280932490209	-0.685395677136146	nein
2021-08-08	Saarland	235	246.718699544086	-0.711564539821005	nein
2021-08-15	Saarland	251	247.412156755938	0.215283637096567	nein
2021-08-22	Saarland	264	248.355532029356	0.929585454550373	nein
2021-08-29	Saarland	256	249.540066682561	0.385225990665534	nein
2021-09-05	Saarland	253	250.954016383392	0.122016179792202	nein
2021-09-12	Saarland	282	252.582664793206	1.71865738302097	nein
2021-09-19	Saarland	254	254.408357164326	-0.0242244847743459	nein
2021-09-26	Saarland	258	256.410562239805	0.0937924478427973	nein
2021-10-03	Saarland	234	258.565971457595	-1.46888052037826	nein
2021-10-10	Saarland	272	260.848644572824	0.648435837756891	nein
2021-10-17	Saarland	280	263.230210302026	0.967381326075975	nein
2021-10-24	Saarland	278	265.68012940323	0.709306393642817	nein
2021-10-31	Saarland	296	268.166025708102	1.58050434070512	nein
2021-11-07	Saarland	265	270.654088031427	-0.326065380928017	nein
2021-11-14	Saarland	310	273.109542664708	2.06535791132598	nein
2021-11-21	Saarland	328	275.497192437821	2.9022149412386	nein
2021-11-28	Saarland	330	277.782014287246	2.87538034497107	nein
2021-12-05	Saarland	306	279.929803137569	1.45059509710961	nein
2021-12-12	Saarland	343	281.907845962594	3.32475347123705	nein
2021-12-19	Saarland	318	283.685606445125	1.88815599570956	nein
2021-12-26	Saarland	329	285.235398000173	2.38962347434092	nein
2022-01-02	Saarland	328	286.533021334867	2.26187013600999	nein
2022-01-09	Saarland	302	287.558342400236	0.797963480125614	nein
2022-01-16	Saarland	286	288.295787669713	-0.127902101111808	nein
2022-01-23	Saarland	285	288.734736175328	-0.208080823959528	nein
2022-01-30	Saarland	282	288.869791547968	-0.383363349924699	nein
2022-02-06	Saarland	291	288.700922231418	0.127656773941047	nein
2022-02-13	Saarland	306	288.233463760851	0.978740400165582	nein
2022-02-20	Saarland	274	287.477983131044	-0.757000647146516	nein
2022-02-27	Saarland	283	286.450011405799	-0.192981678469618	nein
2022-03-06	Saarland	278	285.169656416836	-0.402860237767062	nein
2022-03-13	Saarland	336	283.66111228704	2.85285878972313	nein
2022-03-20	Saarland	337	281.952086283798	3.00507703492464	nein
2022-03-27	Saarland	324	280.073165957501	2.41990056546601	nein
2022-04-03	Saarland	311	278.057150556697	1.8321315801722	nein
2022-04-10	Saarland	302	275.938370358558	1.46050622014274	nein
2022-04-17	Saarland	318	273.752015939467	2.46430108023231	nein
2022-04-24	Saarland	315	271.533496748251	2.43135180473401	nein
2022-05-01	Saarland	272	269.317844904058	0.154251398802989	nein
2022-05-08	Saarland	265	267.139176220822	-0.123900717416546	nein
2022-05-15	Saarland	292	265.030216359513	1.54081680110062	nein
2022-05-22	Saarland	294	263.021896002883	1.77221973449128	nein
2022-05-29	Saarland	252	261.143015267503	-0.538107402581256	nein
2022-06-05	Saarland	287	259.419974393476	1.59160633446899	nein
2022-06-12	Saarland	269	257.876565203879	0.650310436447959	nein
2022-06-19	Saarland	266	256.533815968032	0.555431866851819	nein
2022-06-26	Saarland	280	255.409881149056	1.43241040193695	nein
2022-07-03	Saarland	270	254.519967039998	0.908373241360057	nein
2022-07-10	Saarland	253	253.876284436525	-0.0520286732634924	nein
2022-07-17	Saarland	281	253.488020180222	1.60557966375086	nein
2022-07-24	Saarland	337	253.361320545738	4.72844826599244	nein
2022-07-31	Saarland	303	253.499280944209	2.8512264004654	nein
2022-08-07	Saarland	295	253.90193818103	2.37701827665306	nein
2022-08-14	Saarland	290	254.566263447317	2.0536731780085	nein
2022-08-21	Saarland	298	255.486156252652	2.44946911330981	nein
2022-08-28	Saarland	277	256.652441534768	1.18535298226263	nein
2022-09-04	Saarland	303	258.052874121757	2.57357321286452	nein
2022-09-11	Saarland	276	259.672156483801	0.948011306542324	nein
2022-09-18	Saarland	228	261.491977200344	-2.00201386317801	nein
2022-09-25	Saarland	282	263.491078688141	1.06544996163112	nein
2022-10-02	Saarland	313	265.645363388388	2.67011556018929	nein
2022-10-09	Saarland	264	267.92804770447	-0.227332348333169	nein
2022-10-16	Saarland	326	270.309872435306	3.09971925186098	nein
2022-10-23	Saarland	343	272.759377203899	3.86303983895997	nein
2022-10-30	Saarland	284	275.243244410123	0.496027732713657	nein
2022-11-06	Saarland	268	277.726715557999	-0.554593183738959	nein
2022-11-13	Saarland	295	280.174079490316	0.829369383913078	nein
2022-11-20	Saarland	271	282.549228236076	-0.653367877631978	nein
2022-11-27	Saarland	272	284.816272027459	-0.722584589999852	nein
2022-12-04	Saarland	279	286.940200816511	-0.444639360160468	nein
2022-12-11	Saarland	339	288.887575603589	2.70861592850179	nein
2022-12-18	Saarland	360	290.627229388985	3.70275505011815	nein
2022-12-25	Saarland	370	292.130954882791	4.12887088668046	nein
2023-01-01	Saarland	389	293.374154530506	5.01800084590014	nein
2023-01-08	Saarland	392	294.336428146151	5.11217690692193	nein
2023-01-15	Saarland	296	295.002074614228	0.0548000690144397	nein
2023-01-22	Saarland	296	295.360486741785	0.0351029754337853	nein
2023-01-29	Saarland	297	295.406422307669	0.08741682152135	nein
2023-02-05	Saarland	291	295.140139447133	-0.22795239348265	nein
2023-02-12	Saarland	306	294.567390404507	0.624616049780888	nein
2023-02-19	Saarland	278	293.699273988616	-0.872406807181549	nein
2023-02-26	Saarland	288	292.551953341395	-0.251821753788659	nein
2023-03-05	Saarland	329	291.146251448433	2.05089702554146	nein
2023-03-12	Saarland	280	289.507141792588	-0.530324268063246	nein
2023-03-19	Saarland	351	287.663155368123	3.40688810261735	nein
2023-03-26	Saarland	319	285.645727726146	1.8285116745318	nein
2023-04-02	Saarland	309	283.488510723277	1.40982325784756	nein
2023-04-09	Saarland	301	281.226673223174	1.10059299581726	nein
2023-04-16	Saarland	299	278.896213290498	1.1234155544332	nein
2023-04-23	Saarland	278	276.533301640406	0.0832115810954149	nein
2023-04-30	Saarland	277	274.173672543219	0.160913834861462	nein
2023-05-07	Saarland	293	271.852074341025	1.19612040778115	nein
2023-05-14	Saarland	241	269.601787517469	-1.67570779612594	nein
2023-05-21	Saarland	246	267.454214154805	-1.25622081297048	nein
2023-05-28	Saarland	245	265.438538850281	-1.20065293886563	nein
2023-06-04	Saarland	250	263.581457928337	-0.797115073101897	nein
2023-06-11	Saarland	263	261.906971197196	0.0637532351549989	nein
2023-06-18	Saarland	244	260.436235343467	-0.972492863320026	nein
2023-06-25	Saarland	259	259.187476646416	-0.0110017850460466	nein
2023-07-02	Saarland	247	258.175900221495	-0.661895118063155	nein
2023-07-09	Saarland	257	257.413641114891	-0.0243620973048322	nein
2023-07-16	Saarland	244	256.909741693908	-0.767416053486995	nein
2023-07-23	Saarland	226	256.670141340558	-1.84663910670695	nein
2023-07-30	Saarland	230	256.697672799479	-1.60288176824311	nein
2023-08-06	Saarland	233	256.992061336755	-1.43688037674493	nein
2023-08-13	Saarland	236	257.549924843047	-1.28700780476585	nein
2023-08-20	Saarland	265	258.364775071835	0.388343042605801	nein
2023-08-27	Saarland	252	259.427022252766	-0.437741319095881	nein
2023-09-03	Saarland	230	260.723987271759	-1.83491657196072	nein
2023-09-10	Saarland	263	262.239927372679	0.044320024738476	nein
2023-09-17	Saarland	268	263.956082815676	0.234544998391194	nein
2023-09-24	Saarland	267	265.850753028218	0.0665364542636556	nein
2023-10-01	Saarland	226	267.899411409798	-2.48599791964521	nein
2023-10-08	Saarland	237	270.074868009169	-1.94212276904922	nein
2023-10-15	Saarland	279	272.347488705442	0.379211141476777	nein
2023-10-22	Saarland	283	274.685478235236	0.471446019130709	nein
2023-10-29	Saarland	288	277.055232394522	0.616951414908849	nein
2023-11-05	Saarland	288	279.421762026395	0.48214959618219	nein
2023-11-12	Saarland	281	281.749188058685	-0.0421625587087521	nein
2023-11-19	Saarland	280	284.001303010466	-0.224700200636646	nein
2023-11-26	Saarland	307	286.142190236537	1.15036356798632	nein
2023-12-03	Saarland	296	288.136887969967	0.435314376112684	nein
2023-12-10	Saarland	332	289.952081242617	2.27785466998019	nein
2023-12-17	Saarland	322	291.556801321237	1.65478781777166	nein
2023-12-24	Saarland	327	292.923109697031	1.84447505842372	nein
2023-12-31	Saarland	321	294.026742180653	1.46274270837232	nein
2024-01-07	Saarland	312	294.847688489815	0.933781477853825	nein
2024-01-14	Saarland	312	295.370683990116	0.904768819333288	nein
2024-01-21	Saarland	317	295.585592968766	1.16170800871827	nein
2024-01-28	Saarland	309	295.487666873748	0.736306945516961	nein
2024-02-04	Saarland	303	295.077666109959	0.433344218721221	nein
2024-02-11	Saarland	318	294.361839921794	1.28357091571425	nein
2024-02-18	Saarland	305	293.351765208783	0.637766051285069	nein
2024-02-25	Saarland	276	292.06405138252	-0.895664382745724	nein
2024-03-03	Saarland	266	290.519924149003	-1.37798321659233	nein
2024-03-10	Saarland	283	288.744706006079	-0.320269436008633	nein
2024-03-17	Saarland	276	286.767214976012	-0.604221786042872	nein
2024-03-24	Saarland	280	284.619105448417	-0.259274428182877	nein
2024-03-31	Saarland	272	282.334175907053	-0.584496292788784	nein
2024-04-07	Saarland	252	279.947667791543	-1.60531836649476	nein
2024-04-14	Saarland	265	277.49557794407	-0.714074176184603	nein
2024-04-21	Saarland	229	275.014004238236	-2.70070592214732	nein
2024-04-28	Saarland	299	272.538540365527	1.4910747174807	nein
2024-05-05	Saarland	259	270.103731673709	-0.642923981322582	nein
2024-05-12	Saarland	282	267.742599717606	0.816345013902033	nein
2024-05-19	Saarland	255	265.486239075797	-0.612364774664843	nein
2024-05-26	Saarland	239	263.363486240891	-1.44190761554951	nein
2024-06-02	Saarland	257	261.400657183936	-0.258026930775085	nein
2024-06-09	Saarland	260	259.62134764252	0.0222109756629415	nein
2024-06-16	Saarland	280	258.046288346616	1.27441260181496	nein
2024-06-23	Saarland	242	256.693246284247	-0.875574298683432	nein
2024-06-30	Saarland	276	255.576962687386	1.19235878221904	nein
2024-07-07	Saarland	245	254.709118623473	-0.578955525071919	nein
2024-07-14	Saarland	271	254.098319826081	0.991817684793204	nein
2024-07-21	Saarland	266	253.750093595569	0.72146332897987	nein
2024-07-28	Saarland	230	253.666892149371	-1.42801568414728	nein
2024-08-04	Saarland	256	253.848098605395	0.127544858243475	nein
2024-08-11	Saarland	256	254.290033747424	0.10129363106577	nein
2024-08-18	Saarland	265	254.98596375845	0.58924365919712	nein
2024-08-25	Saarland	253	255.926111128822	-0.173304648851548	nein
2024-09-01	Saarland	243	257.097672863312	-0.839244729206046	nein
2024-09-08	Saarland	256	258.48485183561	-0.146390090137689	nein
2024-09-15	Saarland	236	260.068908578585	-1.4340451377847	nein
2024-09-22	Saarland	292	261.82824186001	1.73091259032581	nein
2024-09-29	Saarland	291	263.738506983283	1.56105468935277	nein
2024-10-06	Saarland	272	265.772780783118	0.359749549719538	nein
2024-10-13	Saarland	313	267.901781682593	2.53673988578321	nein
2024-10-20	Saarland	275	270.094151887707	0.281333152489299	nein
2024-10-27	Saarland	278	272.31680679867	0.324402374047119	nein
2024-11-03	Saarland	253	274.53535403662	-1.24503435563347	nein
2024-11-10	Saarland	282	276.714581195133	0.299312584608712	nein
2024-11-17	Saarland	295	278.819007659791	0.907014620959855	nein
2024-11-24	Saarland	326	280.813491786421	2.48377657466497	nein
2024-12-01	Saarland	306	282.663880631409	1.29382881526321	nein
2024-12-08	Saarland	327	284.337685567647	2.33375289797456	nein
2024-12-15	Saarland	275	285.804763798576	-0.607514126601311	nein
2024-12-22	Saarland	345	287.037983296763	3.13101517330462	nein
2024-12-29	Saarland	305	288.013847304364	0.936141689611455	nein
2025-01-05	Saarland	339	288.713054439629	2.71926217478913	nein
2025-01-12	Saarland	347	289.120971765825	3.11553651118952	nein
2025-01-19	Saarland	335	289.228000899005	2.47864941578578	nein
2025-01-26	Saarland	350	289.029821244494	3.27725646337201	nein
2025-02-02	Saarland	342	288.527499532336	2.88758565454947	nein
2025-02-09	Saarland	348	287.727460645779	3.24795485530297	nein
2025-02-16	Saarland	350	286.64132091225	3.41519143414398	nein
2025-02-23	Saarland	354	285.285591127656	3.7023926660415	nein
2025-03-02	Saarland	362	283.681262193536	4.21118495279408	nein
2025-03-09	Saarland	326	281.853290989524	2.42313269361064	nein
2025-03-16	Saarland	299	279.83000768689	1.07056055087619	nein
2025-03-23	Saarland	292	277.642467942098	0.80720014925812	nein
2025-03-30	Saarland	276	275.323774217452	0.0384906157419475	nein
2025-04-06	Saarland	276	272.908389899181	0.176508174810406	nein
2025-04-13	Saarland	285	270.431468064941	0.829865638503737	nein
2025-04-20	Saarland	288	267.928213917225	1.14493336569737	nein
2025-04-27	Saarland	265	265.433296325323	-0.0251446763014609	nein
2025-05-04	Saarland	259	262.980319909345	-0.232600435576226	nein
2025-05-11	Saarland	237	260.601364954855	-1.40381641463346	nein
2025-05-18	Saarland	271	258.326598437784	0.739475130396096	nein
2025-05-25	Saarland	235	256.183955793311	-1.26919357699994	nein
2025-06-01	Saarland	264	254.19888995047	0.577530836877643	nein
2025-06-08	Saarland	242	252.39418168844	-0.622912600944115	nein
2025-06-15	Saarland	232	250.789803606084	-1.13631806193738	nein
2025-06-22	Saarland	264	249.402828938899	0.86561920719356	nein
2025-06-29	Saarland	270	248.247376072516	1.28698798098401	nein
2025-07-06	Saarland	270	247.334579825386	1.34259953628151	nein
2025-07-13	Saarland	225	246.672581322552	-1.32452101432418	nein
2025-07-20	Saarland	235	246.266529464714	-0.684031150627729	nein
2025-07-27	Saarland	266	246.118588516412	1.18247232910297	nein
2025-08-03	Saarland	255	246.227948099634	0.525362785722086	nein
2025-08-10	Saarland	236	246.590833793487	-0.642156024909189	nein
2025-08-17	Saarland	241	247.200518519474	-0.374315897729732	nein
2025-08-24	Saarland	230	248.047336850273	-1.09651533302179	nein
2025-08-31	Saarland	260	249.118706233382	0.646803111180773	nein
2025-09-07	Saarland	234	250.399160783531	-0.990174748181632	nein
2025-09-14	Saarland	244	251.870404681484	-0.47095725532405	nein
2025-09-21	Saarland	244	253.511393231609	-0.567821800956059	nein
2025-09-28	Saarland	231	255.298450187471	-1.45991590165253	nein
2025-10-05	Saarland	276	257.205429969881	1.09341822583874	nein
2025-10-12	Saarland	256	259.203932804537	-0.188242621373858	nein
2025-10-19	Saarland	277	261.263579547039	0.909823836023405	nein
2025-10-26	Saarland	252	263.352351023908	-0.664879370738622	nein
2025-11-02	Saarland	270	265.436994122794	0.26344048821033	nein
2025-11-09	Saarland	251	267.483493687024	-0.960513143102788	nein
2025-11-16	Saarland	256	269.457605637458	-0.779530593738731	nein
2025-11-23	Saarland	257	271.325442842619	-0.827137242008544	nein
2025-11-30	Saarland	260	273.054101320244	-0.75050581692968	nein
2025-12-07	Saarland	289	274.612310651329	0.810986100379663	nein
2025-12-14	Saarland	275	275.971089311651	-0.0550919099451628	nein
2025-12-21	Saarland	260	277.104383259919	-0.977843715843339	nein
2025-12-28	Saarland	264	277.989664816878	-0.79676862952336	nein
2026-01-04	Saarland	337	278.608468815294	3.1876461136716	nein
2026-01-11	Saarland	323	278.946844300004	2.4214533540206	nein
2026-01-18	Saarland	302	278.995702709447	1.2789343023016	nein
2026-01-25	Saarland	316	278.751047362934	2.05524307648625	nein
2026-02-01	Saarland	326	278.214073990624	2.62390382270887	nein
2026-02-08	Saarland	329	277.391137662857	2.83189942904251	nein
2026-02-15	Saarland	309	276.293587423577	1.81658936517795	nein
2026-02-22	Saarland	331	274.937475799193	3.08183559300564	nein
2026-03-01	Saarland	279	273.343155737027	0.32082820995061	nein
2026-03-08	Saarland	265	271.534782068498	-0.374652528874392	nein
2026-03-15	Saarland	265	269.539738010736	-0.260926230108408	nein
2026-03-22	Saarland	236	267.388009335307	-1.84360763629287	nein
2026-03-29	Saarland	270	265.111529574689	0.28167691377298	nein
2026-04-05	Saarland	297	262.743519047306	1.94804241432216	nein
2026-04-12	Saarland	273	260.317838700231	0.733910183697291	nein
2026-04-19	Saarland	253	257.868377013146	-0.286253362896254	nein
2026-04-26	Saarland	247	255.428484747154	-0.499160913709951	nein
2026-05-03	Saarland	252	253.030468449853	-0.0610191948222572	nein
2026-05-10	Saarland	251	250.705149631984	0.017525385494224	nein
2026-05-17	Saarland	234	248.48149267206	-0.873399650971804	nein
2026-05-24	Saarland	241	246.386301001118	-0.324198982426322	nein
2026-05-31	Saarland	254	244.443978133642	0.571639503004037	nein
2026-06-07	Saarland	201	242.676347749391	-2.59637173999588	nein
2026-06-14	Saarland	255	241.102525346258	0.834512022947609	nein
2026-06-21	Saarland	279	239.738832980516	2.32562361075875	nein
2026-06-28	Saarland	495	238.598748253601	13.6633774504852	nein
2026-07-05	Saarland	344	237.692878931583	6.08125002566645	nein
2026-07-12	Saarland	304	237.028955314531	3.92069526593888	nein
2026-07-19	Saarland	248	236.611833618273	0.690965519825233	nein
2026-07-26	Saarland	226	236.443505098537	-0.643580593395082	nein
2026-08-02	Saarland	251	236.523107345897	0.876375061180111	nein
2026-08-09	Saarland	267	236.846936022177	1.80497942646492	nein
2026-08-16	Saarland	270	237.408457211064	1.94521669400108	ja
2026-08-23	Saarland	219	238.198322436185	-1.18516684839991	ja
2026-08-30	Saarland	234	239.204390178096	-0.317264509585205	ja
2026-09-06	Saarland	228	240.411759315306	-0.75836277433815	ja
2026-09-13	Saarland	230	241.802821239527	-0.718486602559092	ja
2026-09-20	Saarland	227	243.357338365939	-0.99537742696019	ja
2026-09-27	Saarland	236	245.052557290249	-0.54587707674849	ja
2016-10-09	Sachsen	989	951.827541311499	0.586073858901118	nein
2016-10-16	Sachsen	980	962.919218916319	0.268711412914679	nein
2016-10-23	Sachsen	961	974.626533680173	-0.214229039624974	nein
2016-10-30	Sachsen	1066	986.799976916057	1.218705558417	nein
2016-11-06	Sachsen	993	999.277739609297	-0.0973619045008625	nein
2016-11-13	Sachsen	1079	1011.88735896461	1.02224698183819	nein
2016-11-20	Sachsen	1084	1024.44785734115	0.902755111278232	nein
2016-11-27	Sachsen	1037	1036.77238053951	0.00346276272786681	nein
2016-12-04	Sachsen	1030	1048.67131419137	-0.283305562311566	nein
2016-12-11	Sachsen	1118	1059.95582584955	0.865691945812833	nein
2016-12-18	Sachsen	1158	1070.44174822973	1.29400151146267	nein
2016-12-25	Sachsen	1137	1079.9536882889	0.843304637134634	nein
2017-01-01	Sachsen	1219	1088.32922005873	1.90422420946328	nein
2017-01-08	Sachsen	1235	1095.42299900739	2.02536362361267	nein
2017-01-15	Sachsen	1347	1101.11062451846	3.50902818147657	nein
2017-01-22	Sachsen	1229	1105.29207661099	1.79179064942562	nein
2017-01-29	Sachsen	1231	1107.89456420376	1.78146019042772	nein
2017-02-05	Sachsen	1391	1108.87464495263	3.99608136541709	nein
2017-02-12	Sachsen	1369	1108.2195097754	3.70552361803608	nein
2017-02-19	Sachsen	1406	1105.94736640487	4.24705142230157	nein
2017-02-26	Sachsen	1390	1102.10690262034	4.08858324429181	nein
2017-03-05	Sachsen	1295	1096.77585760874	2.85543055468711	nein
2017-03-12	Sachsen	1145	1090.05877544967	0.81012308254719	nein
2017-03-19	Sachsen	1065	1082.0840544965	-0.25565570855993	nein
2017-03-26	Sachsen	1008	1073.00043753787	-0.984531623622042	nein
2017-04-02	Sachsen	1025	1062.9731080605	-0.575501316918513	nein
2017-04-09	Sachsen	953	1052.17956673648	-1.52663995725886	nein
2017-04-16	Sachsen	1000	1040.80545955514	-0.625578560581824	nein
2017-04-23	Sachsen	939	1029.04051592259	-1.40026435758622	nein
2017-04-30	Sachsen	1036	1017.07473346063	0.290766985713105	nein
2017-05-07	Sachsen	1077	1005.09491856268	1.10203196331412	nein
2017-05-14	Sachsen	1056	993.281660641433	0.968376343057762	nein
2017-05-21	Sachsen	978	981.806786007094	-0.0597788743918147	nein
2017-05-28	Sachsen	933	970.831306731491	-0.60107115189393	nein
2017-06-04	Sachsen	943	960.503852518542	-0.278650482337969	nein
2017-06-11	Sachsen	936	950.959550812677	-0.239272041774723	nein
2017-06-18	Sachsen	944	942.319302882733	0.026929669846571	nein
2017-06-25	Sachsen	975	934.689391663803	0.644229645206075	nein
2017-07-02	Sachsen	901	928.161350553483	-0.440928710731076	nein
2017-07-09	Sachsen	954	922.812020666998	0.502526908955491	nein
2017-07-16	Sachsen	976	918.70372659432	0.921139185778201	nein
2017-07-23	Sachsen	913	915.884506723236	-0.0469501989139703	nein
2017-07-30	Sachsen	925	914.388342947678	0.172461961960036	nein
2017-08-06	Sachsen	1015	914.235345381956	1.6123720611767	nein
2017-08-13	Sachsen	966	915.431859951088	0.815748939670219	nein
2017-08-20	Sachsen	912	917.970479925825	-0.0971687953181387	nein
2017-08-27	Sachsen	919	921.829956201271	-0.045938832369772	nein
2017-09-03	Sachsen	969	926.975015017128	0.674973763271464	nein
2017-09-10	Sachsen	977	933.356105535636	0.698470627598692	nein
2017-09-17	Sachsen	902	940.909112851977	-0.629395494673995	nein
2017-09-24	Sachsen	1001	949.555084166921	0.815394067984784	nein
2017-10-01	Sachsen	965	959.200026464895	0.0921905696019449	nein
2017-10-08	Sachsen	967	969.734842471637	-0.0432988450774207	nein
2017-10-15	Sachsen	960	981.03547718298	-0.332161690525078	nein
2017-10-22	Sachsen	1006	992.963349077962	0.203438547138114	nein
2017-10-29	Sachsen	980	1005.36613748844	-0.395926832966092	nein
2017-11-05	Sachsen	982	1018.07898983537	-0.560580537426894	nein
2017-11-12	Sachsen	964	1030.92619911858	-1.03863904838575	nein
2017-11-19	Sachsen	1022	1043.7233830605	-0.332516564357229	nein
2017-11-26	Sachsen	1036	1056.2801720004	-0.308484013199741	nein
2017-12-03	Sachsen	1053	1068.40338389191	-0.232776731031022	nein
2017-12-10	Sachsen	1067	1079.90063301731	-0.193830415113423	nein
2017-12-17	Sachsen	1061	1090.58428628085	-0.44344907680155	nein
2017-12-24	Sachsen	1101	1100.27564959804	0.0107591502386613	nein
2017-12-31	Sachsen	1108	1108.80923962701	-0.0119765578059025	nein
2018-01-07	Sachsen	1194	1116.03697556371	1.13698352572725	nein
2018-01-14	Sachsen	1074	1121.83211432713	-0.708829711675363	nein
2018-01-21	Sachsen	1066	1126.09275198646	-0.890521445134671	nein
2018-01-28	Sachsen	1143	1128.74472567086	0.208670891990877	nein
2018-02-04	Sachsen	1138	1129.74377335541	0.120916958486886	nein
2018-02-11	Sachsen	1235	1129.07684262414	1.53043286083226	nein
2018-02-18	Sachsen	1344	1126.76248151266	3.09555507860002	nein
2018-02-25	Sachsen	1344	1122.85029171359	3.15515439898537	nein
2018-03-04	Sachsen	1538	1117.41947312827	5.86768684780746	nein
2018-03-11	Sachsen	1650	1110.57653514839	7.44462116187033	nein
2018-03-18	Sachsen	1494	1102.45229057768	5.51614539910816	nein
2018-03-25	Sachsen	1391	1093.19827980234	4.26141341847663	nein
2018-04-01	Sachsen	1255	1082.98279363997	2.5142449685236	nein
2018-04-08	Sachsen	1230	1071.98667226585	2.32555921206466	nein
2018-04-15	Sachsen	1123	1060.39905486174	0.939215850462039	nein
2018-04-22	Sachsen	1029	1048.41324128986	-0.29669837038188	nein
2018-04-29	Sachsen	1091	1036.22280509747	0.832298283014987	nein
2018-05-06	Sachsen	1023	1024.01806896277	-0.0156993126593875	nein
2018-05-13	Sachsen	1002	1011.98302198533	-0.155095385580329	nein
2018-05-20	Sachsen	927	1000.29272562551	-1.15790568349034	nein
2018-05-27	Sachsen	1004	989.111223939106	0.233021667278793	nein
2018-06-03	Sachsen	1029	978.589945903601	0.788524091644375	nein
2018-06-10	Sachsen	1034	968.866564414887	1.02139517910092	nein
2018-06-17	Sachsen	893	960.06425870942	-1.08097823025289	nein
2018-06-24	Sachsen	916	952.291314786745	-0.584137049938604	nein
2018-07-01	Sachsen	901	945.640991696792	-0.722202343224333	nein
2018-07-08	Sachsen	976	940.191579832386	0.572769217297873	nein
2018-07-15	Sachsen	958	936.0065799534	0.353426352369477	nein
2018-07-22	Sachsen	986	933.134937802909	0.846287503921824	nein
2018-07-29	Sachsen	1014	931.611278095694	1.31338461057706	nein
2018-08-05	Sachsen	1205	931.456092663747	4.23150490917061	nein
2018-08-12	Sachsen	1074	932.675850023653	2.22994103868509	nein
2018-08-19	Sachsen	1043	935.263007077359	1.70702776618467	nein
2018-08-26	Sachsen	993	939.19591764681	0.858466099053778	nein
2018-09-02	Sachsen	917	944.438646703733	-0.442834961933773	nein
2018-09-09	Sachsen	933	950.940713132431	-0.288048395137933	nein
2018-09-16	Sachsen	956	958.636797270173	-0.0420492437985834	nein
2018-09-23	Sachsen	1002	967.446461854022	0.54501966322017	nein
2018-09-30	Sachsen	904	977.273945816612	-1.1715971479853	nein
2018-10-07	Sachsen	964	988.008098963693	-0.378420177925138	nein
2018-10-14	Sachsen	951	999.522531188064	-0.763496508237333	nein
2018-10-21	Sachsen	957	1011.67605173105	-0.855865653788769	nein
2018-10-28	Sachsen	938	1024.31347131252	-1.34972845046733	nein
2018-11-04	Sachsen	956	1037.26683204266	-1.26137965204838	nein
2018-11-11	Sachsen	1016	1050.35711645499	-0.525690608949783	nein
2018-11-18	Sachsen	1012	1063.39646765612	-0.783571408725453	nein
2018-11-25	Sachsen	996	1076.19092782643	-1.22068484503116	nein
2018-12-02	Sachsen	1084	1088.54367302013	-0.067938104903749	nein
2018-12-09	Sachsen	1060	1100.25868987564	-0.601970197680392	nein
2018-12-16	Sachsen	1091	1111.14480647847	-0.298767917879152	nein
2018-12-23	Sachsen	1046	1121.01995768153	-1.11694934827552	nein
2018-12-30	Sachsen	1052	1129.71553740236	-1.15291929636814	nein
2019-01-06	Sachsen	1072	1137.08066950417	-0.960357731814588	nein
2019-01-13	Sachsen	1105	1142.98621725568	-0.556765305529185	nein
2019-01-20	Sachsen	1096	1147.32835088035	-0.752370309416431	nein
2019-01-27	Sachsen	1163	1150.03150430737	0.188083815172641	nein
2019-02-03	Sachsen	1053	1151.05057582475	-1.44513514108021	nein
2019-02-10	Sachsen	1161	1150.37226167682	0.154175205654434	nein
2019-02-17	Sachsen	1136	1148.0154544409	-0.175069692697724	nein
2019-02-24	Sachsen	1178	1144.03068608776	0.492555902254008	nein
2019-03-03	Sachsen	1225	1138.49864524903	1.24810207527907	nein
2019-03-10	Sachsen	1202	1131.52784549025	1.02225533315567	nein
2019-03-17	Sachsen	1133	1123.25156267963	0.143183283499369	nein
2019-03-24	Sachsen	1049	1113.82419183998	-0.967147522735752	nein
2019-03-31	Sachsen	1048	1103.41719508648	-0.829611036970659	nein
2019-04-07	Sachsen	1104	1092.21482139245	0.17552383245139	nein
2019-04-14	Sachsen	1004	1080.40977612142	-1.16031095632807	nein
2019-04-21	Sachsen	1052	1068.19900467067	-0.245053252853572	nein
2019-04-28	Sachsen	1090	1055.77973216099	0.516652857135792	nein
2019-05-05	Sachsen	949	1043.34587238153	-1.46326647213433	nein
2019-05-12	Sachsen	1006	1031.08488689389	-0.386906861194344	nein
2019-05-19	Sachsen	1021	1019.17514198643	0.0281875406774488	nein
2019-05-26	Sachsen	1016	1007.78377942377	0.127495955189469	nein
2019-06-02	Sachsen	1007	997.065088561411	0.154950056606025	nein
2019-06-09	Sachsen	1067	987.159343739142	1.23725061336323	nein
2019-06-16	Sachsen	1016	978.19205270663	0.592565591519454	nein
2019-06-23	Sachsen	989	970.273549423997	0.29563170871726	nein
2019-06-30	Sachsen	1076	963.498857742386	1.7548842351082	nein
2019-07-07	Sachsen	1028	957.947750712354	1.1033848761579	nein
2019-07-14	Sachsen	973	953.684932902152	0.307519008841855	nein
2019-07-21	Sachsen	989	950.76027935697	0.607770542874807	nein
2019-07-28	Sachsen	1069	949.209073918041	1.87984789250064	nein
2019-08-04	Sachsen	993	949.05220083223	0.698409766267633	nein
2019-08-11	Sachsen	998	950.296256298092	0.757105602562668	nein
2019-08-18	Sachsen	946	952.933560294805	-0.110927574588702	nein
2019-08-25	Sachsen	1023	956.942063293402	1.04152922363882	nein
2019-09-01	Sachsen	1059	962.28515687805	1.51306375494138	nein
2019-09-08	Sachsen	923	968.911411545867	-0.733294168097521	nein
2019-09-15	Sachsen	990	976.754278614123	0.208535383781725	nein
2019-09-22	Sachsen	962	985.731805782364	-0.374232545220335	nein
2019-09-29	Sachsen	974	995.746426915651	-0.341029762751023	nein
2019-10-06	Sachsen	990	1006.6848953684	-0.259966283908419	nein
2019-10-13	Sachsen	1054	1018.41843589734	0.546438254901628	nein
2019-10-20	Sachsen	1030	1030.80319210443	-0.0123311656276571	nein
2019-10-27	Sachsen	1004	1043.68104361083	-0.609175260510127	nein
2019-11-03	Sachsen	1088	1056.88085910629	0.469345371399512	nein
2019-11-10	Sachsen	1027	1070.22023758897	-0.655296704129476	nein
2019-11-17	Sachsen	1041	1083.50777040186	-0.640307379643112	nein
2019-11-24	Sachsen	1042	1096.54583144224	-0.81810263521909	nein
2019-12-01	Sachsen	1066	1109.13387308191	-0.641971475470107	nein
2019-12-08	Sachsen	1047	1121.07217238602	-1.10159052621626	nein
2019-12-15	Sachsen	1077	1132.16593821806	-0.813845685537173	nein
2019-12-22	Sachsen	1211	1142.229657276	0.991874758581622	nein
2019-12-29	Sachsen	1123	1151.09152879204	-0.409236165089297	nein
2020-01-05	Sachsen	1122	1158.5978163182	-0.532055023922015	nein
2020-01-12	Sachsen	1216	1164.61693318652	0.735756195690467	nein
2020-01-19	Sachsen	1090	1169.04307773618	-1.151122621391	nein
2020-01-26	Sachsen	1139	1171.79924621945	-0.473865997358392	nein
2020-02-02	Sachsen	1121	1172.83947533016	-0.750742806594227	nein
2020-02-09	Sachsen	1132	1172.15020128841	-0.580685491539705	nein
2020-02-16	Sachsen	1198	1169.7506615108	0.405048460258214	nein
2020-02-23	Sachsen	1111	1165.69231399945	-0.795093781805128	nein
2020-03-01	Sachsen	1156	1160.05734069721	-0.0587002195798814	nein
2020-03-08	Sachsen	1125	1152.9562767171	-0.407180518950488	nein
2020-03-15	Sachsen	1099	1144.52489022583	-0.667362436216495	nein
2020-03-22	Sachsen	1139	1134.92047070808	0.0596255764313617	nein
2020-03-29	Sachsen	1072	1124.31770044508	-0.774917397467678	nein
2020-04-05	Sachsen	1137	1112.90429336187	0.354681585006352	nein
2020-04-12	Sachsen	1149	1100.87658254834	0.709756977185727	nein
2020-04-19	Sachsen	1063	1088.4352239167	-0.381530556635482	nein
2020-04-26	Sachsen	1055	1075.78116062886	-0.313366339432444	nein
2020-05-03	Sachsen	1113	1063.1119636631	0.748593343967584	nein
2020-05-10	Sachsen	1020	1050.61863097552	-0.468073177185412	nein
2020-05-17	Sachsen	983	1038.48289387176	-0.856755393915633	nein
2020-05-24	Sachsen	1011	1026.87504685736	-0.244943563452993	nein
2020-05-31	Sachsen	923	1015.95228832189	-1.46112791169558	nein
2020-06-07	Sachsen	1016	1005.85753530601	0.15746516067444	nein
2020-06-14	Sachsen	965	996.718657094235	-0.498214875406742	nein
2020-06-21	Sachsen	944	988.648059728141	-0.705800116344448	nein
2020-06-28	Sachsen	990	981.742546565758	0.129817425710526	nein
2020-07-05	Sachsen	956	976.083378220385	-0.318199931905479	nein
2020-07-12	Sachsen	1012	971.736457895473	0.632848746662033	nein
2020-07-19	Sachsen	1001	968.752574499136	0.508315810683363	nein
2020-07-26	Sachsen	1005	967.167645182192	0.596282490568931	nein
2020-08-02	Sachsen	1015	967.002910368618	0.755275685597831	nein
2020-08-09	Sachsen	995	968.265047304943	0.42192685346142	nein
2020-08-16	Sachsen	1059	970.946182116671	1.37379152474449	nein
2020-08-23	Sachsen	959	975.02379488434	-0.253849004349439	nein
2020-08-30	Sachsen	952	980.460526954705	-0.45056720154654	nein
2020-09-06	Sachsen	1006	987.20391421348	0.294161619461444	nein
2020-09-13	Sachsen	1015	995.18608396452	0.308784744031701	nein
2020-09-20	Sachsen	1042	1004.32346591589	0.582768704113318	nein
2020-09-27	Sachsen	1045	1014.51657899654	0.469669065978047	nein
2020-10-04	Sachsen	1006	1025.64996464016	-0.303551025167766	nein
2020-10-11	Sachsen	947	1037.59234300191	-1.4077956701101	nein
2020-10-18	Sachsen	1061	1050.19707049076	0.164079035155165	nein
2020-10-25	Sachsen	1134	1063.30297419548	1.05733850167931	nein
2020-11-01	Sachsen	1212	1076.73563055872	1.99166881250031	nein
2020-11-08	Sachsen	1259	1090.30914154615	2.45721198427569	nein
2020-11-15	Sachsen	1333	1103.82844146068	3.29152574732082	nein
2020-11-22	Sachsen	1515	1117.09214183038	5.56425842351265	nein
2020-11-29	Sachsen	1655	1129.8958913839	7.19868107700439	nein
2020-12-06	Sachsen	1817	1142.03619454751	9.0624657026439	nein
2020-12-13	Sachsen	2100	1153.31459725326	12.3256799218068	nein
2020-12-20	Sachsen	2385	1163.54211569609	15.4675853733425	nein
2020-12-27	Sachsen	2438	1172.54375484369	15.9172605738918	nein
2021-01-03	Sachsen	2364	1180.16294181135	14.953183607108	nein
2021-01-10	Sachsen	2073	1186.26568718562	11.4738251354216	nein
2021-01-17	Sachsen	1840	1190.74428690958	8.58329959665037	nein
2021-01-24	Sachsen	1709	1193.5203894225	6.90386143854216	nein
2021-01-31	Sachsen	1540	1194.54727727149	4.71370921627577	nein
2021-02-07	Sachsen	1467	1193.81124809933	3.76102163923779	nein
2021-02-14	Sachsen	1385	1191.33202436784	2.69533581154787	nein
2021-02-21	Sachsen	1265	1187.16217110203	1.10167713344348	nein
2021-02-28	Sachsen	1135	1181.38555246485	-0.669703536940373	nein
2021-03-07	Sachsen	1101	1174.11490705288	-1.06324531561937	nein
2021-03-14	Sachsen	1149	1165.48866466216	-0.238720233809778	nein
2021-03-21	Sachsen	1075	1155.66716078364	-1.18426851407297	nein
2021-03-28	Sachsen	1126	1144.82842708603	-0.275220324159269	nein
2021-04-04	Sachsen	1112	1133.16374560024	-0.311097840213574	nein
2021-04-11	Sachsen	1176	1120.87315137394	0.805791931949505	nein
2021-04-18	Sachsen	1187	1108.16105421943	1.15503636781798	nein
2021-04-25	Sachsen	1194	1095.2321268815	1.45128900736646	nein
2021-05-02	Sachsen	1187	1082.28757710525	1.5463412610912	nein
2021-05-09	Sachsen	1214	1069.52188752775	2.13379089116893	nein
2021-05-16	Sachsen	1173	1057.12007282713	1.72826573715326	nein
2021-05-23	Sachsen	1105	1045.25547060256	0.903557607227755	nein
2021-05-30	Sachsen	1029	1034.08805300551	-0.0781575595615214	nein
2021-06-06	Sachsen	982	1023.76322159514	-0.648706514515269	nein
2021-06-13	Sachsen	1026	1014.41102905337	0.179260426557073	nein
2021-06-20	Sachsen	1061	1006.14575852995	0.846039267650401	nein
2021-06-27	Sachsen	995	999.065784310821	-0.0635380166516739	nein
2021-07-04	Sachsen	974	993.25363569971	-0.302548831824674	nein
2021-07-11	Sachsen	896	988.776188758035	-1.48022744928768	nein
2021-07-18	Sachsen	987	985.684917053359	0.0206728325665239	nein
2021-07-25	Sachsen	968	984.016142015453	-0.25273085086767	nein
2021-08-01	Sachsen	957	983.791235147983	-0.423594658832106	nein
2021-08-08	Sachsen	953	985.016737548513	-0.5063539669586	nein
2021-08-15	Sachsen	937	987.684376409976	-0.803092312103326	nein
2021-08-22	Sachsen	1007	991.770972963704	0.238106044649067	nein
2021-08-29	Sachsen	960	997.238251284764	-0.58577356353626	nein
2021-09-05	Sachsen	906	1004.03257213746	-1.55315089601042	nein
2021-09-12	Sachsen	995	1012.08463018437	-0.265825008888556	nein
2021-09-19	Sachsen	1006	1021.30916593725	-0.237034432376422	nein
2021-09-26	Sachsen	1004	1031.60475521402	-0.426093243736441	nein
2021-10-03	Sachsen	984	1042.8537478932	-0.908080612445529	nein
2021-10-10	Sachsen	996	1054.92243364056	-0.903762292788155	nein
2021-10-17	Sachsen	1119	1067.66151418283	0.769172159773457	nein
2021-10-24	Sachsen	1182	1080.90695879798	1.49435323883454	nein
2021-10-31	Sachsen	1295	1094.48131127699	2.90552412834091	nein
2021-11-07	Sachsen	1317	1108.19550221984	3.00419714021153	nein
2021-11-14	Sachsen	1403	1121.85120005482	3.98406352214453	nein
2021-11-21	Sachsen	1593	1135.24370799374	6.31569283811657	nein
2021-11-28	Sachsen	1805	1148.16538320623	8.82308101623963	nein
2021-12-05	Sachsen	1865	1160.40952037335	9.37469714542449	nein
2021-12-12	Sachsen	1795	1171.77460660122	8.32577944259351	nein
2021-12-19	Sachsen	1644	1182.06882104155	6.25399778630196	nein
2021-12-26	Sachsen	1489	1191.11462334677	4.09512138468863	nein
2022-01-02	Sachsen	1427	1198.75325315158	3.15470496255623	nein
2022-01-09	Sachsen	1371	1204.84895067441	2.3086274889414	nein
2022-01-16	Sachsen	1173	1209.2927081887	-0.517116550711748	nein
2022-01-23	Sachsen	1083	1212.00537452437	-1.86089818571272	nein
2022-01-30	Sachsen	1055	1212.93995980477	-2.28738368429884	nein
2022-02-06	Sachsen	1142	1212.08302398932	-1.00232340084574	nein
2022-02-13	Sachsen	1072	1209.45507803549	-1.98775814803983	nein
2022-02-20	Sachsen	1097	1205.10997725838	-1.5595775094465	nein
2022-02-27	Sachsen	1087	1199.13333881258	-1.62285863162007	nein
2022-03-06	Sachsen	1135	1191.64006504433	-0.81574262439243	nein
2022-03-13	Sachsen	1176	1182.77109792579	-0.0971974487530652	nein
2022-03-20	Sachsen	1246	1172.6895637194	1.04521892892153	nein
2022-03-27	Sachsen	1238	1161.57648924091	1.09429629387196	nein
2022-04-03	Sachsen	1232	1149.62628055891	1.18456948829082	nein
2022-04-10	Sachsen	1240	1137.04215184033	1.48438947957605	nein
2022-04-17	Sachsen	1128	1124.03167755855	0.0583585244679309	nein
2022-04-24	Sachsen	1124	1110.80261751074	0.194969545852072	nein
2022-05-01	Sachsen	1097	1097.5591336944	-0.00832723656643459	nein
2022-05-08	Sachsen	1109	1084.49848395709	0.365699503623894	nein
2022-05-15	Sachsen	1135	1071.80824227781	0.943178071630306	nein
2022-05-22	Sachsen	1028	1059.66406206509	-0.48232715941441	nein
2022-05-29	Sachsen	985	1048.22796896895	-0.973460303798609	nein
2022-06-05	Sachsen	995	1037.64714481714	-0.657743802381475	nein
2022-06-12	Sachsen	1009	1028.05314521203	-0.294089543968401	nein
2022-06-19	Sachsen	974	1019.5614803232	-0.709328977101721	nein
2022-06-26	Sachsen	1055	1012.27148129003	0.65800092059447	nein
2022-07-03	Sachsen	1044	1006.26637288092	0.58325611205866	nein
2022-07-10	Sachsen	982	1001.61347591121	-0.306758080057149	nein
2022-07-17	Sachsen	1024	998.364469575808	0.398582858938964	nein
2022-07-24	Sachsen	1151	996.555653483649	2.35528878934949	nein
2022-07-31	Sachsen	1152	996.208161033412	2.37573627639688	nein
2022-08-07	Sachsen	1067	997.32808918607	1.07611579243316	nein
2022-08-14	Sachsen	1087	999.906524122591	1.33979691048034	nein
2022-08-21	Sachsen	1094	1003.91945726605	1.38238118236788	nein
2022-08-28	Sachsen	1025	1009.32760129863	0.242734313907344	nein
2022-09-04	Sachsen	1028	1016.07613073192	0.184172006914797	nein
2022-09-11	Sachsen	1061	1024.09438588093	0.565515978241989	nein
2022-09-18	Sachsen	1079	1033.29559226281	0.696257579024395	nein
2022-09-25	Sachsen	1050	1043.57665890651	0.0979724573645202	nein
2022-10-02	Sachsen	1145	1054.81812812381	1.35065438406722	nein
2022-10-09	Sachsen	1093	1066.88435516219	0.392708866767843	nein
2022-10-16	Sachsen	1311	1079.62399799351	3.35888308022871	nein
2022-10-23	Sachsen	1196	1092.87089446015	1.5149324924166	nein
2022-10-30	Sachsen	1210	1106.44539539992	1.51185197562457	nein
2022-11-06	Sachsen	1152	1120.15620773495	0.466835759907663	nein
2022-11-13	Sachsen	1131	1133.8027807432	-0.0410457919656051	nein
2022-11-20	Sachsen	1116	1147.17824222491	-0.455770655858948	nein
2022-11-27	Sachsen	1188	1160.0728600007	0.402471863696397	nein
2022-12-04	Sachsen	1298	1172.2779697144	1.77850772979876	nein
2022-12-11	Sachsen	1428	1183.59027442978	3.38982010356851	nein
2022-12-18	Sachsen	1497	1193.81638763464	4.15824661398988	nein
2022-12-25	Sachsen	1688	1202.77746189702	6.49689956233425	nein
2023-01-01	Sachsen	1688	1210.31372344733	6.3830134307937	nein
2023-01-08	Sachsen	1545	1216.28872095574	4.45568885923501	nein
2023-01-15	Sachsen	1368	1220.5930966589	2.03869097007853	nein
2023-01-22	Sachsen	1188	1223.14770075421	-0.497463790972063	nein
2023-01-29	Sachsen	1183	1223.90589548356	-0.57925376175723	nein
2023-02-05	Sachsen	1169	1222.85493222634	-0.76435809909457	nein
2023-02-12	Sachsen	1168	1220.0163307303	-0.738969038926383	nein
2023-02-19	Sachsen	1186	1215.4452409282	-0.417801374240349	nein
2023-02-26	Sachsen	1205	1209.2288206336	-0.0599504980823501	nein
2023-03-05	Sachsen	1139	1201.48371263676	-0.896068716242648	nein
2023-03-12	Sachsen	1196	1192.35274846515	0.0520188599820966	nein
2023-03-19	Sachsen	1191	1182.00104014727	0.128817253372139	nein
2023-03-26	Sachsen	1198	1170.61164353091	0.39295297347354	nein
2023-04-02	Sachsen	1143	1158.38098603153	-0.223204500965036	nein
2023-04-09	Sachsen	1127	1145.5142482981	-0.270319619874154	nein
2023-04-16	Sachsen	1178	1132.22087444449	0.666079554527526	nein
2023-04-23	Sachsen	1185	1118.71036132585	0.967403553441121	nein
2023-04-30	Sachsen	1136	1105.18844652671	0.454703772206241	nein
2023-05-07	Sachsen	1106	1091.85378019011	0.210554450603672	nein
2023-05-14	Sachsen	1056	1078.89513040105	-0.344785300014211	nein
2023-05-21	Sachsen	1097	1066.48913806451	0.45833275841333	nein
2023-05-28	Sachsen	1062	1054.79860710338	0.109169170594652	nein
2023-06-04	Sachsen	1044	1043.97129076353	0.000437969420918249	nein
2023-06-11	Sachsen	997	1034.1391156632	-0.572732884426302	nein
2023-06-18	Sachsen	1048	1025.41778004916	0.3463534267858	nein
2023-06-25	Sachsen	971	1017.90665518823	-0.730410845527847	nein
2023-07-02	Sachsen	947	1011.68884745315	-1.01356035053565	nein
2023-07-09	Sachsen	958	1006.83140774103	-0.764910277453409	nein
2023-07-16	Sachsen	1017	1003.38560919698	0.211404666457729	nein
2023-07-23	Sachsen	942	1001.387224653	-0.934585600721472	nein
2023-07-30	Sachsen	934	1000.85675516522	-1.05381998236118	nein
2023-08-06	Sachsen	968	1001.79957458067	-0.5294864464215	nein
2023-08-13	Sachsen	923	1004.20596961235	-1.28108947602123	nein
2023-08-20	Sachsen	1025	1008.05106998679	0.262463806976095	nein
2023-08-27	Sachsen	1020	1013.29467844955	0.103742474959636	nein
2023-09-03	Sachsen	911	1019.88102538587	-1.71240068303541	nein
2023-09-10	Sachsen	978	1027.73848712128	-0.77125723420949	nein
2023-09-17	Sachsen	1016	1036.77932012476	-0.319246037015079	nein
2023-09-24	Sachsen	954	1046.89947476078	-1.43736092433571	nein
2023-10-01	Sachsen	936	1057.97856123097	-1.88630673515322	nein
2023-10-08	Sachsen	988	1069.88004612293	-1.25038107832278	nein
2023-10-15	Sachsen	1017	1082.45175970008	-0.990837811774973	nein
2023-10-22	Sachsen	1054	1095.52679090452	-0.622419323575156	nein
2023-10-29	Sachsen	1128	1108.92483830544	0.281536918099896	nein
2023-11-05	Sachsen	1214	1122.45407045475	1.32905578061181	nein
2023-11-12	Sachsen	1155	1135.91352822373	0.278316063444289	nein
2023-11-19	Sachsen	1155	1149.09607509543	0.0857540935021627	nein
2023-11-26	Sachsen	1198	1161.79187005808	0.520769137514742	nein
2023-12-03	Sachsen	1308	1173.79230327968	1.8951151489188	nein
2023-12-10	Sachsen	1325	1184.89429931785	1.96782343771086	nein
2023-12-17	Sachsen	1308	1194.90485886574	1.58751047732352	nein
2023-12-24	Sachsen	1304	1203.6456808508	1.40598581025836	nein
2023-12-31	Sachsen	1284	1210.95768497186	1.02396604047369	nein
2024-01-07	Sachsen	1209	1216.70524303633	-0.108943979089531	nein
2024-01-14	Sachsen	1288	1220.77992764576	0.939353996768389	nein
2024-01-21	Sachsen	1274	1223.103599841	0.712130000812691	nein
2024-01-28	Sachsen	1278	1223.63068309402	0.760246516913746	nein
2024-02-04	Sachsen	1276	1222.34950814987	0.750697359104263	nein
2024-02-11	Sachsen	1356	1219.28265917837	1.8950097554555	nein
2024-02-18	Sachsen	1163	1214.48630307414	-0.733315609273085	nein
2024-02-25	Sachsen	1105	1208.04853655634	-1.48281619060464	nein
2024-03-03	Sachsen	1110	1200.08683582473	-1.2983509901096	nein
2024-03-10	Sachsen	1077	1190.7447370707	-1.65186338930825	nein
2024-03-17	Sachsen	1119	1180.1879099556	-0.885802485638239	nein
2024-03-24	Sachsen	1042	1168.59980808271	-1.86047382856129	nein
2024-03-31	Sachsen	1044	1156.17708950566	-1.65410308594099	nein
2024-04-07	Sachsen	1093	1143.12499663287	-0.736462474908195	nein
2024-04-14	Sachsen	1068	1129.65286978893	-0.912969997694783	nein
2024-04-21	Sachsen	1050	1115.96994431802	-0.98370101253332	nein
2024-04-28	Sachsen	1005	1102.28155015746	-1.46716501639191	nein
2024-05-05	Sachsen	1091	1088.78579819222	0.0330835880859921	nein
2024-05-12	Sachsen	983	1075.67080227062	-1.41441143825583	nein
2024-05-19	Sachsen	1127	1063.11245202878	0.957017200569649	nein
2024-05-26	Sachsen	1023	1051.27272164216	-0.432060835079491	nein
2024-06-02	Sachsen	990	1040.29847470351	-0.775576793592858	nein
2024-06-09	Sachsen	962	1030.3207064127	-1.0619129828177	nein
2024-06-16	Sachsen	945	1021.45415139729	-1.19531783237872	nein
2024-06-23	Sachsen	1014	1013.79717854589	0.00314241179615727	nein
2024-06-30	Sachsen	1062	1007.43189268469	0.840702173357286	nein
2024-07-07	Sachsen	936	1002.4243660067	-1.04686887969136	nein
2024-07-14	Sachsen	1045	998.82492903567	0.715425392495975	nein
2024-07-21	Sachsen	1008	996.668460734591	0.176768284772057	nein
2024-07-28	Sachsen	936	995.974629386726	-0.947385202529483	nein
2024-08-04	Sachsen	956	996.74804942096	-0.641296553511039	nein
2024-08-11	Sachsen	921	998.978333869167	-1.23385913050547	nein
2024-08-18	Sachsen	1074	1002.64003717155	1.09931153770263	nein
2024-08-25	Sachsen	982	1007.69249818643	-0.401119491515987	nein
2024-09-01	Sachsen	1030	1014.07960813125	0.246069873746263	nein
2024-09-08	Sachsen	1048	1021.72954237086	0.40385342374143	nein
2024-09-15	Sachsen	1027	1030.55450799607	-0.0546707065831625	nein
2024-09-22	Sachsen	1086	1040.45057042261	0.69183178197032	nein
2024-09-29	Sachsen	1075	1051.29763109982	0.359368898493759	nein
2024-10-06	Sachsen	1058	1062.95963407126	-0.0751167943219842	nein
2024-10-13	Sachsen	1071	1075.28508074417	-0.0645157728313078	nein
2024-10-20	Sachsen	1138	1088.10792899471	0.740590616659515	nein
2024-10-27	Sachsen	1104	1101.24894397576	0.0408778904287376	nein
2024-11-03	Sachsen	1114	1114.51755325864	-0.00764750156884225	nein
2024-11-10	Sachsen	1115	1127.71423815624	-0.187087579864477	nein
2024-11-17	Sachsen	1094	1140.63346665024	-0.685682978691571	nein
2024-11-24	Sachsen	1164	1153.06714226234	0.158517853723856	nein
2024-12-01	Sachsen	1166	1164.80850905599	0.0172110909891696	nein
2024-12-08	Sachsen	1202	1175.65641789086	0.377408136183066	nein
2024-12-15	Sachsen	1156	1185.41982569021	-0.423032295986322	nein
2024-12-22	Sachsen	1242	1193.92237069036	0.681420685129476	nein
2024-12-29	Sachsen	1131	1201.00684527258	-1.0057619735771	nein
2025-01-05	Sachsen	1190	1206.539376553	-0.235262007266945	nein
2025-01-12	Sachsen	1244	1210.41312529722	0.473714724214755	nein
2025-01-19	Sachsen	1200	1212.55132687428	-0.177990821480501	nein
2025-01-26	Sachsen	1230	1212.90952368972	0.2413463102505	nein
2025-02-02	Sachsen	1288	1211.47687546402	1.07273998902598	nein
2025-02-09	Sachsen	1280	1208.27647935873	1.00744494729235	nein
2025-02-16	Sachsen	1294	1203.36468290181	1.27251612927411	nein
2025-02-23	Sachsen	1372	1196.8294249722	2.43932736716911	nein
2025-03-02	Sachsen	1342	1188.78768966648	2.14657451799386	nein
2025-03-09	Sachsen	1271	1179.38220087864	1.29907921682044	nein
2025-03-16	Sachsen	1300	1168.77751875084	1.85912260500041	nein
2025-03-23	Sachsen	1203	1157.1557206656	0.660341577546765	nein
2025-03-30	Sachsen	1162	1144.71185817424	0.251387183576158	nein
2025-04-06	Sachsen	1105	1131.64937740751	-0.392284514447509	nein
2025-04-13	Sachsen	1117	1118.17567537797	-0.0173451122673289	nein
2025-04-20	Sachsen	1189	1104.49794029006	1.23873210708086	nein
2025-04-27	Sachsen	1053	1090.81939320062	-0.568165498931855	nein
2025-05-04	Sachsen	1133	1077.33601401771	0.829527787569471	nein
2025-05-11	Sachsen	1026	1064.23379970633	-0.581667009546334	nein
2025-05-18	Sachsen	1001	1051.68656917105	-0.777347932107682	nein
2025-05-25	Sachsen	1025	1039.85429958681	-0.227783541137409	nein
2025-06-01	Sachsen	1021	1028.88195433504	-0.121373709839657	nein
2025-06-08	Sachsen	978	1018.89874395346	-0.636369216368778	nein
2025-06-15	Sachsen	961	1010.01774885279	-0.767146560707277	nein
2025-06-22	Sachsen	1053	1002.33582577367	0.782906231154236	nein
2025-06-29	Sachsen	1013	995.933718502185	0.266007475639599	nein
2025-07-06	Sachsen	981	990.876296484952	-0.155025513494272	nein
2025-07-13	Sachsen	927	987.212851848677	-0.955175738882415	nein
2025-07-20	Sachsen	970	984.977395105164	-0.23599374998311	nein
2025-07-27	Sachsen	929	984.188901750188	-0.876011484213904	nein
2025-08-03	Sachsen	921	984.851475386279	-1.01466990879278	nein
2025-08-10	Sachsen	1007	986.954407367232	0.313629950537517	nein
2025-08-17	Sachsen	977	990.4721278213	-0.211582495259929	nein
2025-08-24	Sachsen	983	995.364057866002	-0.193647106107231	nein
2025-08-31	Sachsen	1047	1001.57438750322	0.70246135161637	nein
2025-09-07	Sachsen	1018	1009.03181767356	0.13898020780854	nein
2025-09-14	Sachsen	975	1017.64931778121	-0.66370766641988	nein
2025-09-21	Sachsen	1011	1027.32396110439	-0.251678054847758	nein
2025-09-28	Sachsen	914	1037.93690920784	-1.93552687668568	nein
2025-10-05	Sachsen	1043	1049.35362200313	-0.0967298208008398	nein
2025-10-12	Sachsen	1080	1061.42437164625	0.280034991902495	nein
2025-10-19	Sachsen	1040	1073.98513522487	-0.513433697952011	nein
2025-10-26	Sachsen	1053	1086.85893249822	-0.508329130807349	nein
2025-11-02	Sachsen	1089	1099.85766037791	-0.16142064295298	nein
2025-11-09	Sachsen	1113	1112.78445530735	0.0031796970022841	nein
2025-11-16	Sachsen	1079	1125.4365886208	-0.685793077348017	nein
2025-11-23	Sachsen	1106	1137.60886931053	-0.463126514252637	nein
2025-11-30	Sachsen	1177	1149.09749497297	0.403157704269483	nein
2025-12-07	Sachsen	1118	1159.70425717148	-0.605756928184432	nein
2025-12-14	Sachsen	1151	1169.24097462252	-0.262901838279808	nein
2025-12-21	Sachsen	1171	1177.53399930808	-0.0936638752653638	nein
2025-12-28	Sachsen	1225	1184.42861964786	0.575993396864962	nein
2026-01-04	Sachsen	1336	1189.7931737097	2.04193974605139	nein
2026-01-11	Sachsen	1412	1193.52268593191	3.01869205219984	nein
2026-01-18	Sachsen	1351	1195.54185389702	2.16304625736577	nein
2026-01-25	Sachsen	1303	1195.80723714413	1.50052978502967	nein
2026-02-01	Sachsen	1276	1194.30853647531	1.14803996418647	nein
2026-02-08	Sachsen	1258	1191.06889723303	0.943683770577068	nein
2026-02-15	Sachsen	1322	1186.14422025413	1.90189611830205	nein
2026-02-22	Sachsen	1214	1179.62151573756	0.489180450358854	nein
2026-03-01	Sachsen	1276	1171.61638405862	1.47615508697161	nein
2026-03-08	Sachsen	1108	1162.26974986987	-0.787936375835311	nein
2026-03-15	Sachsen	1111	1151.74400857546	-0.593111149506096	nein
2026-03-22	Sachsen	1099	1140.21876535661	-0.603139191666986	nein
2026-03-29	Sachsen	1047	1127.8863554129	-1.19742227605767	nein
2026-04-05	Sachsen	1113	1114.94733018487	-0.0286497319120468	nein
2026-04-12	Sachsen	1036	1101.60607931522	-0.980674477800936	nein
2026-04-19	Sachsen	1066	1088.06673409233	-0.329670257102224	nein
2026-04-26	Sachsen	1057	1074.52946774292	-0.263352935582266	nein
2026-05-03	Sachsen	1080	1061.18727405786	0.282792604382535	nein
2026-05-10	Sachsen	1093	1048.22327122133	0.674466468911844	nein
2026-05-17	Sachsen	1029	1035.8085448144	-0.104006490981308	nein
2026-05-24	Sachsen	1052	1024.10051472721	0.426211865225935	nein
2026-05-31	Sachsen	1050	1013.24178649809	0.56368833104638	nein
2026-06-07	Sachsen	968	1003.35942916838	-0.551403222415924	nein
2026-06-14	Sachsen	968	994.564609319878	-0.415448763487363	nein
2026-06-21	Sachsen	1044	986.952504326595	0.883144882903475	nein
2026-06-28	Sachsen	1305	980.602416461667	4.83977792609354	nein
2026-07-05	Sachsen	1186	975.578012612186	3.19810078224586	nein
2026-07-12	Sachsen	1051	971.927621146378	1.22851834526121	nein
2026-07-19	Sachsen	989	969.684527129707	0.303383278168243	nein
2026-07-26	Sachsen	939	968.867218850174	-0.473238294088092	nein
2026-08-02	Sachsen	1033	969.479551840676	0.990122239027337	nein
2026-08-09	Sachsen	999	971.510810738369	0.430523750613176	nein
2026-08-16	Sachsen	988	974.935663950443	0.204699777591855	ja
2026-08-23	Sachsen	1002	979.714020814686	0.347710192453814	ja
2026-08-30	Sachsen	980	985.790815381165	-0.0904721906617461	ja
2026-09-06	Sachsen	990	993.095754700823	-0.0481503343638455	ja
2026-09-13	Sachsen	998	1001.54308212296	-0.0548597097689481	ja
2026-09-20	Sachsen	923	1011.03141701731	-1.37579088506301	ja
2026-09-27	Sachsen	969	1021.44374088375	-0.809998702882502	ja
2016-10-09	Sachsen-Anhalt	548	574.504108626567	-0.855241107291933	nein
2016-10-16	Sachsen-Anhalt	578	580.480876416635	-0.0790873209651969	nein
2016-10-23	Sachsen-Anhalt	603	586.798754172615	0.511053292051209	nein
2016-10-30	Sachsen-Anhalt	564	593.375530358058	-0.93360231890979	nein
2016-11-06	Sachsen-Anhalt	552	600.122529939097	-1.52913800497613	nein
2016-11-13	Sachsen-Anhalt	607	606.945542011899	0.00169731039934849	nein
2016-11-20	Sachsen-Anhalt	628	613.745994790271	0.440145452730408	nein
2016-11-27	Sachsen-Anhalt	598	620.422379659764	-0.695579848381543	nein
2016-12-04	Sachsen-Anhalt	651	626.871912057906	0.735495193081319	nein
2016-12-11	Sachsen-Anhalt	603	632.99240166446	-0.923064123665736	nein
2016-12-18	Sachsen-Anhalt	629	638.684288722814	-0.295117110044951	nein
2016-12-25	Sachsen-Anhalt	678	643.852788395371	1.02493985763089	nein
2017-01-01	Sachsen-Anhalt	658	648.410072120029	0.288648512552815	nein
2017-01-08	Sachsen-Anhalt	700	652.277405213679	1.41884046356881	nein
2017-01-15	Sachsen-Anhalt	765	655.387154557602	3.20487996248917	nein
2017-01-22	Sachsen-Anhalt	679	657.684579925278	0.635405229036588	nein
2017-01-29	Sachsen-Anhalt	791	659.129327815078	3.8270834735872	nein
2017-02-05	Sachsen-Anhalt	784	659.696557498232	3.61257438549609	nein
2017-02-12	Sachsen-Anhalt	784	659.377644851465	3.62295341594692	nein
2017-02-19	Sachsen-Anhalt	902	658.180429398862	6.91867756051367	nein
2017-02-26	Sachsen-Anhalt	804	656.128992427136	4.2881458652054	nein
2017-03-05	Sachsen-Anhalt	733	653.262977388782	2.35358595325398	nein
2017-03-12	Sachsen-Anhalt	688	649.636486301598	1.14698824107619	nein
2017-03-19	Sachsen-Anhalt	632	645.316605812266	-0.404812730350889	nein
2017-03-26	Sachsen-Anhalt	616	640.381632595567	-0.74638200835249	nein
2017-04-02	Sachsen-Anhalt	606	634.919078782209	-0.890394175353609	nein
2017-04-09	Sachsen-Anhalt	601	629.023543598516	-0.86686781377514	nein
2017-04-16	Sachsen-Anhalt	573	622.794537315425	-1.55788832446332	nein
2017-04-23	Sachsen-Anhalt	597	616.334338368674	-0.60306088250412	nein
2017-04-30	Sachsen-Anhalt	623	609.745954941836	0.412033169774429	nein
2017-05-07	Sachsen-Anhalt	620	603.131249486356	0.526824538014318	nein
2017-05-14	Sachsen-Anhalt	625	596.589269815067	0.889447558444717	nein
2017-05-21	Sachsen-Anhalt	619	590.21481478433	0.90600058273875	nein
2017-05-28	Sachsen-Anhalt	585	584.097247308529	0.0287882547688854	nein
2017-06-04	Sachsen-Anhalt	592	578.319553475382	0.436902121958728	nein
2017-06-11	Sachsen-Anhalt	576	572.957634559853	0.0979252727699969	nein
2017-06-18	Sachsen-Anhalt	539	568.079809221859	-0.949186689392091	nein
2017-06-25	Sachsen-Anhalt	549	563.746496328662	-0.48117901252352	nein
2017-07-02	Sachsen-Anhalt	545	560.010044666893	-0.491528927426105	nein
2017-07-09	Sachsen-Anhalt	590	556.914674138951	1.07125411629796	nein
2017-07-16	Sachsen-Anhalt	596	554.496493598991	1.34361699495078	nein
2017-07-23	Sachsen-Anhalt	609	552.783562937866	1.81531402840618	nein
2017-07-30	Sachsen-Anhalt	544	551.795971016259	-0.25676258797693	nein
2017-08-06	Sachsen-Anhalt	594	551.545906223526	1.37809644296067	nein
2017-08-13	Sachsen-Anhalt	552	552.037702488481	-0.00123883428572448	nein
2017-08-20	Sachsen-Anhalt	564	553.267850206699	0.351151373516655	nein
2017-08-27	Sachsen-Anhalt	504	555.224968529894	-1.70558714140704	nein
2017-09-03	Sachsen-Anhalt	564	557.889742563237	0.199412487331193	nein
2017-09-10	Sachsen-Anhalt	543	561.234836020639	-0.597730334614843	nein
2017-09-17	Sachsen-Anhalt	582	565.224796571417	0.542329789431098	nein
2017-09-24	Sachsen-Anhalt	613	569.81597722499	1.38031620608339	nein
2017-10-01	Sachsen-Anhalt	610	574.956502358606	1.11780148977122	nein
2017-10-08	Sachsen-Anhalt	597	580.586311073338	0.52379770321398	nein
2017-10-15	Sachsen-Anhalt	621	586.637313111852	1.08563969405568	nein
2017-10-22	Sachsen-Anhalt	629	593.033693221789	1.12982512985569	nein
2017-10-29	Sachsen-Anhalt	627	599.692398255077	0.855143916674078	nein
2017-11-05	Sachsen-Anhalt	572	606.5238371716	-1.09363602251233	nein
2017-11-12	Sachsen-Anhalt	577	613.432817293312	-1.14809350095617	nein
2017-11-19	Sachsen-Anhalt	575	620.319730623679	-1.42359769364651	nein
2017-11-26	Sachsen-Anhalt	616	627.081992011054	-0.342937866338722	nein
2017-12-03	Sachsen-Anhalt	655	633.615716843138	0.652734891668539	nein
2017-12-10	Sachsen-Anhalt	624	639.817610521808	-0.485157443970417	nein
2017-12-17	Sachsen-Anhalt	671	645.587026134686	0.76776512837214	nein
2017-12-24	Sachsen-Anhalt	662	650.828131655107	0.337376069551777	nein
2017-12-31	Sachsen-Anhalt	677	655.452114916912	0.646751232158388	nein
2018-01-07	Sachsen-Anhalt	718	659.379344769901	1.73860594816192	nein
2018-01-14	Sachsen-Anhalt	677	662.541401334348	0.43242682946443	nein
2018-01-21	Sachsen-Anhalt	664	664.882887974803	-0.0264604655953825	nein
2018-01-28	Sachsen-Anhalt	630	666.362942950496	-1.09853550726863	nein
2018-02-04	Sachsen-Anhalt	679	666.956379643009	0.359258029263685	nein
2018-02-11	Sachsen-Anhalt	662	666.654400272528	-0.139455981962762	nein
2018-02-18	Sachsen-Anhalt	757	665.46484806771	2.68269511142878	nein
2018-02-25	Sachsen-Anhalt	758	663.411985525562	2.77451566633485	nein
2018-03-04	Sachsen-Anhalt	941	660.535809995559	7.92785688380635	nein
2018-03-11	Sachsen-Anhalt	1013	656.890940561184	9.94794578289965	nein
2018-03-18	Sachsen-Anhalt	911	652.545130374949	7.37863112859139	nein
2018-03-25	Sachsen-Anhalt	857	647.577474793382	6.06048187712928	nein
2018-04-01	Sachsen-Anhalt	777	642.076396816772	3.98434694682813	nein
2018-04-08	Sachsen-Anhalt	679	636.137496908486	1.29959106393803	nein
2018-04-15	Sachsen-Anhalt	672	629.861354203328	1.2841856063862	nein
2018-04-22	Sachsen-Anhalt	626	623.351360842781	0.0819744928503568	nein
2018-04-29	Sachsen-Anhalt	617	616.71166151965	0.00897811797567252	nein
2018-05-06	Sachsen-Anhalt	607	610.045257373375	-0.095430767658699	nein
2018-05-13	Sachsen-Anhalt	653	603.452318389828	1.53933985714636	nein
2018-05-20	Sachsen-Anhalt	626	597.028732675354	0.909799241821526	nein
2018-05-27	Sachsen-Anhalt	577	590.864905539869	-0.442927806876197	nein
2018-06-03	Sachsen-Anhalt	638	585.044807195088	1.66890098798679	nein
2018-06-10	Sachsen-Anhalt	570	579.64525576807	-0.310758786142065	nein
2018-06-17	Sachsen-Anhalt	567	574.735412706533	-0.250161821872507	nein
2018-06-24	Sachsen-Anhalt	579	570.376460724088	0.278625557776182	nein
2018-07-01	Sachsen-Anhalt	577	566.62143020189	0.336270966695986	nein
2018-07-08	Sachsen-Anhalt	582	563.515138264322	0.599158769581825	nein
2018-07-15	Sachsen-Anhalt	549	561.094205303204	-0.396429360563407	nein
2018-07-22	Sachsen-Anhalt	609	559.387116197505	1.59976567105279	nein
2018-07-29	Sachsen-Anhalt	632	558.414297502304	2.3591147079739	nein
2018-08-05	Sachsen-Anhalt	737	558.188187111176	5.5804464058381	nein
2018-08-12	Sachsen-Anhalt	618	558.71327900915	1.9077327555223	nein
2018-08-19	Sachsen-Anhalt	564	559.986132445268	0.131073662267316	nein
2018-08-26	Sachsen-Anhalt	534	561.995341915093	-0.921403466730254	nein
2018-09-02	Sachsen-Anhalt	544	564.721471528606	-0.678813407485629	nein
2018-09-09	Sachsen-Anhalt	550	568.136964429924	-0.591868315157611	nein
2018-09-16	Sachsen-Anhalt	566	572.206044704991	-0.201079038137486	nein
2018-09-23	Sachsen-Anhalt	521	576.884635409432	-1.83039957067302	nein
2018-09-30	Sachsen-Anhalt	547	582.120321682634	-1.13770002747221	nein
2018-10-07	Sachsen-Anhalt	557	587.852392058423	-0.99315529124765	nein
2018-10-14	Sachsen-Anhalt	597	594.011993678548	0.0947512525966142	nein
2018-10-21	Sachsen-Anhalt	579	600.522437791294	-0.683424652534589	nein
2018-10-28	Sachsen-Anhalt	546	607.299690322516	-1.95770458254601	nein
2018-11-04	Sachsen-Anhalt	581	614.253078150992	-1.04718074462316	nein
2018-11-11	Sachsen-Anhalt	606	621.286234828107	-0.476187910878492	nein
2018-11-18	Sachsen-Anhalt	542	628.298299843573	-2.72696515148284	nein
2018-11-25	Sachsen-Anhalt	599	635.185373358453	-1.12082102334281	nein
2018-12-02	Sachsen-Anhalt	677	641.842214058266	1.06320738541089	nein
2018-12-09	Sachsen-Anhalt	623	648.164152138658	-0.769036611728748	nein
2018-12-16	Sachsen-Anhalt	645	654.049173386664	-0.274110974875982	nein
2018-12-23	Sachsen-Anhalt	662	659.400115019401	0.078193959004431	nein
2018-12-30	Sachsen-Anhalt	591	664.126900656994	-2.23513450157526	nein
2019-01-06	Sachsen-Anhalt	692	668.148731800247	0.708826335871452	nein
2019-01-13	Sachsen-Anhalt	619	671.396147580841	-1.58349977085988	nein
2019-01-20	Sachsen-Anhalt	654	673.812864202784	-0.592659415956272	nein
2019-01-27	Sachsen-Anhalt	635	675.35731085368	-1.2121135461672	nein
2019-02-03	Sachsen-Anhalt	646	676.003789907455	-0.898316773355646	nein
2019-02-10	Sachsen-Anhalt	715	675.743205424265	1.15576667517661	nein
2019-02-17	Sachsen-Anhalt	692	674.583324243998	0.515906123083019	nein
2019-02-24	Sachsen-Anhalt	663	672.548556925202	-0.285166481162242	nein
2019-03-03	Sachsen-Anhalt	728	669.679269689587	1.71705611932649	nein
2019-03-10	Sachsen-Anhalt	750	666.030661584333	2.4641660887419	nein
2019-03-17	Sachsen-Anhalt	711	661.671261549871	1.4641354672325	nein
2019-03-24	Sachsen-Anhalt	656	656.681116521545	-0.0205450130374422	nein
2019-03-31	Sachsen-Anhalt	617	651.149753043295	-1.04359884554685	nein
2019-04-07	Sachsen-Anhalt	632	645.174000562699	-0.402266462996135	nein
2019-04-14	Sachsen-Anhalt	597	638.85576455799	-1.29445349742498	nein
2019-04-21	Sachsen-Anhalt	619	632.299832350139	-0.410317271163405	nein
2019-04-28	Sachsen-Anhalt	650	625.611784707209	0.748980909699548	nein
2019-05-05	Sachsen-Anhalt	629	618.896073264132	0.3131519476817	nein
2019-05-12	Sachsen-Anhalt	568	612.2543086139	-1.4000134759818	nein
2019-05-19	Sachsen-Anhalt	577	605.783787941521	-0.911537997080586	nein
2019-05-26	Sachsen-Anhalt	560	599.576275431765	-1.26388891170113	nein
2019-06-02	Sachsen-Anhalt	582	593.71703435656	-0.373060162633266	nein
2019-06-09	Sachsen-Anhalt	678	588.28409746586	2.79203631104762	nein
2019-06-16	Sachsen-Anhalt	599	583.347752534228	0.498904756420563	nein
2019-06-23	Sachsen-Anhalt	566	578.970212872416	-0.418395234076208	nein
2019-06-30	Sachsen-Anhalt	599	575.205438302015	0.761993379754064	nein
2019-07-07	Sachsen-Anhalt	531	572.09907034742	-1.34515602267596	nein
2019-07-14	Sachsen-Anhalt	553	569.688445943742	-0.543344188083698	nein
2019-07-21	Sachsen-Anhalt	600	568.002656448152	1.02866304840398	nein
2019-07-28	Sachsen-Anhalt	634	567.062622810522	2.13293601737295	nein
2019-08-04	Sachsen-Anhalt	585	566.881163052121	0.585350332230845	nein
2019-08-11	Sachsen-Anhalt	593	567.463034393838	0.822818498443661	nein
2019-08-18	Sachsen-Anhalt	556	568.804939180629	-0.416711813316322	nein
2019-08-25	Sachsen-Anhalt	500	570.895490913962	-2.34446394660252	nein
2019-09-01	Sachsen-Anhalt	627	573.715144000277	1.69438491896708	nein
2019-09-08	Sachsen-Anhalt	578	577.236098029811	0.0245758274508011	nein
2019-09-15	Sachsen-Anhalt	593	581.422194285896	0.369970871035761	nein
2019-09-22	Sachsen-Anhalt	563	586.228828493466	-0.746609153798527	nein
2019-09-29	Sachsen-Anhalt	575	591.60290925352	-0.530125100471956	nein
2019-10-06	Sachsen-Anhalt	557	597.482895844347	-1.29496606921056	nein
2019-10-13	Sachsen-Anhalt	632	603.798951734544	0.880186042357053	nein
2019-10-20	Sachsen-Anhalt	598	610.473250868743	-0.391447077415922	nein
2019-10-27	Sachsen-Anhalt	610	617.420472195274	-0.231208985857314	nein
2019-11-03	Sachsen-Anhalt	575	624.548513709612	-1.55275365713169	nein
2019-11-10	Sachsen-Anhalt	624	631.759450306838	-0.238966864676241	nein
2019-11-17	Sachsen-Anhalt	573	638.950749957385	-2.05158724915671	nein
2019-11-24	Sachsen-Anhalt	656	646.0167503482	0.302568622022979	nein
2019-12-01	Sachsen-Anhalt	641	652.850383624849	-0.359239635880888	nein
2019-12-08	Sachsen-Anhalt	660	659.345120955465	0.0196889023646429	nein
2019-12-15	Sachsen-Anhalt	662	665.397092292031	-0.101761221839231	nein
2019-12-22	Sachsen-Anhalt	681	670.907321105234	0.300053754278885	nein
2019-12-29	Sachsen-Anhalt	614	675.784000306182	-1.86377912326919	nein
2020-01-05	Sachsen-Anhalt	724	679.944725328268	1.29040911234415	nein
2020-01-12	Sachsen-Anhalt	634	683.318594573004	-1.47434240050742	nein
2020-01-19	Sachsen-Anhalt	660	685.848086994305	-0.766664706390746	nein
2020-01-26	Sachsen-Anhalt	671	687.490631975226	-0.487395157125935	nein
2020-02-02	Sachsen-Anhalt	674	688.219797819269	-0.419828535398493	nein
2020-02-09	Sachsen-Anhalt	648	688.026041589392	-1.18958528811832	nein
2020-02-16	Sachsen-Anhalt	690	686.916976125869	0.0907359462786491	nein
2020-02-23	Sachsen-Anhalt	694	684.917133587182	0.267337792429196	nein
2020-03-01	Sachsen-Anhalt	662	682.067296794376	-0.596181409237222	nein
2020-03-08	Sachsen-Anhalt	671	678.423372396878	-0.220465323971271	nein
2020-03-15	Sachsen-Anhalt	689	674.054868652977	0.442895768090393	nein
2020-03-22	Sachsen-Anhalt	636	669.043057477582	-0.994912303646656	nein
2020-03-29	Sachsen-Anhalt	656	663.478904515093	-0.224691020514644	nein
2020-04-05	Sachsen-Anhalt	644	657.460856870572	-0.406933662219566	nein
2020-04-12	Sachsen-Anhalt	615	651.092578196424	-1.10314952594772	nein
2020-04-19	Sachsen-Anhalt	597	644.48071551698	-1.46346793664339	nein
2020-04-26	Sachsen-Anhalt	622	637.732772319764	-0.483418849506195	nein
2020-05-03	Sachsen-Anhalt	641	630.955149175998	0.308231288187409	nein
2020-05-10	Sachsen-Anhalt	582	624.251397749412	-1.32221445327106	nein
2020-05-17	Sachsen-Anhalt	583	617.720717799425	-1.09018159833713	nein
2020-05-24	Sachsen-Anhalt	596	611.456710865963	-0.485249736494019	nein
2020-05-31	Sachsen-Anhalt	575	605.546389728643	-0.967873442698038	nein
2020-06-07	Sachsen-Anhalt	589	600.069430207291	-0.350434127216842	nein
2020-06-14	Sachsen-Anhalt	584	595.09764189231	-0.352821474347508	nein
2020-06-21	Sachsen-Anhalt	557	590.69462718837	-1.08236561413986	nein
2020-06-28	Sachsen-Anhalt	647	586.915593629288	1.88633126028821	nein
2020-07-05	Sachsen-Anhalt	620	583.807282611775	1.14657942876899	nein
2020-07-12	Sachsen-Anhalt	567	581.407978218766	-0.463971611637948	nein
2020-07-19	Sachsen-Anhalt	596	579.747562311569	0.519538554629137	nein
2020-07-26	Sachsen-Anhalt	572	578.847586193511	-0.220520753272099	nein
2020-08-02	Sachsen-Anhalt	540	578.721334525902	-1.25897838708949	nein
2020-08-09	Sachsen-Anhalt	627	579.373863479436	1.509819725969	nein
2020-08-16	Sachsen-Anhalt	672	580.8020020385	2.85456412892316	nein
2020-08-23	Sachsen-Anhalt	625	582.994312684522	1.3296181846336	nein
2020-08-30	Sachsen-Anhalt	576	585.931015134153	-0.318151414387956	nein
2020-09-06	Sachsen-Anhalt	576	589.583884172747	-0.434262378637896	nein
2020-09-13	Sachsen-Anhalt	623	593.916139667226	0.91540272392589	nein
2020-09-20	Sachsen-Anhalt	587	598.882353302035	-0.376675807969783	nein
2020-09-27	Sachsen-Anhalt	615	604.428402156617	0.331496777470867	nein
2020-10-04	Sachsen-Anhalt	638	610.491503590794	0.854402591490125	nein
2020-10-11	Sachsen-Anhalt	609	617.000368649925	-0.249533015317567	nein
2020-10-18	Sachsen-Anhalt	664	623.875511956046	1.22884415770701	nein
2020-10-25	Sachsen-Anhalt	630	631.029754444982	-0.0316942425789227	nein
2020-11-01	Sachsen-Anhalt	617	638.368951037742	-0.657381764729917	nein
2020-11-08	Sachsen-Anhalt	631	645.79296820921	-0.451607014426734	nein
2020-11-15	Sachsen-Anhalt	654	653.196926422828	0.0242765082901491	nein
2020-11-22	Sachsen-Anhalt	608	660.472709744301	-1.59931144332822	nein
2020-11-29	Sachsen-Anhalt	691	667.510730098107	0.698381151328191	nein
2020-12-06	Sachsen-Anhalt	720	674.201917329927	1.34767503304167	nein
2020-12-13	Sachsen-Anhalt	798	680.43988948573	3.38826442007954	nein
2020-12-20	Sachsen-Anhalt	850	686.123241719142	4.65832614479474	nein
2020-12-27	Sachsen-Anhalt	947	691.157878314893	7.11622138492183	nein
2021-01-03	Sachsen-Anhalt	1008	695.459301786817	8.57763218340018	nein
2021-01-10	Sachsen-Anhalt	987	698.95476705232	7.92320131777219	nein
2021-01-17	Sachsen-Anhalt	1012	701.585208195252	8.48942128653451	nein
2021-01-24	Sachsen-Anhalt	1046	703.306850789998	9.30829005476892	nein
2021-01-31	Sachsen-Anhalt	939	704.092434154669	6.50543706985486	nein
2021-02-07	Sachsen-Anhalt	868	703.931984675416	4.60832608828051	nein
2021-02-14	Sachsen-Anhalt	848	702.833102427348	4.09654931428575	nein
2021-02-21	Sachsen-Anhalt	766	700.820747213355	1.87390625142034	nein
2021-02-28	Sachsen-Anhalt	715	697.936535069113	0.497055740322349	nein
2021-03-07	Sachsen-Anhalt	708	694.237580354191	0.402310449502079	nein
2021-03-14	Sachsen-Anhalt	690	689.794939968311	0.00603382194582169	nein
2021-03-21	Sachsen-Anhalt	692	684.691733471792	0.215495943483169	nein
2021-03-28	Sachsen-Anhalt	688	679.021024839751	0.265780709084322	nein
2021-04-04	Sachsen-Anhalt	674	672.883557639397	0.0332648278642429	nein
2021-04-11	Sachsen-Anhalt	717	666.385435524743	1.49742510182385	nein
2021-04-18	Sachsen-Anhalt	692	659.635834533973	0.966609522636342	nein
2021-04-25	Sachsen-Anhalt	723	652.744823609725	2.09012265024261	nein
2021-05-02	Sachsen-Anhalt	754	645.821356194323	3.2065708456373	nein
2021-05-09	Sachsen-Anhalt	681	638.971479986315	1.27230538849898	nein
2021-05-16	Sachsen-Anhalt	673	632.296795301184	1.23903245074212	nein
2021-05-23	Sachsen-Anhalt	619	625.893176171019	-0.213532999446079	nein
2021-05-30	Sachsen-Anhalt	622	619.849753361122	0.0667747383979972	nein
2021-06-06	Sachsen-Anhalt	683	614.248145639688	2.10793458264975	nein
2021-06-13	Sachsen-Anhalt	607	609.161915402196	-0.0678083599613493	nein
2021-06-20	Sachsen-Anhalt	650	604.656217357436	1.40943261675172	nein
2021-06-27	Sachsen-Anhalt	628	600.787604435121	0.852627162676779	nein
2021-07-04	Sachsen-Anhalt	582	597.603953208281	-0.496048815813012	nein
2021-07-11	Sachsen-Anhalt	599	595.144471648916	0.122152078027539	nein
2021-07-18	Sachsen-Anhalt	619	593.43975459667	0.806135771277472	nein
2021-07-25	Sachsen-Anhalt	586	592.511856537964	-0.207377026426853	nein
2021-08-01	Sachsen-Anhalt	631	592.374356797773	1.2149911688962	nein
2021-08-08	Sachsen-Anhalt	601	593.03239869925	0.25259725529629	nein
2021-08-15	Sachsen-Anhalt	619	594.482691347397	0.772801009430621	nein
2021-08-22	Sachsen-Anhalt	556	596.713470177732	-1.3047342787195	nein
2021-08-29	Sachsen-Anhalt	605	599.704420039219	0.167071658227252	nein
2021-09-05	Sachsen-Anhalt	562	603.426572120665	-1.32022858316726	nein
2021-09-12	Sachsen-Anhalt	666	607.842193238666	1.79716059687754	nein
2021-09-19	Sachsen-Anhalt	635	612.904692613151	0.686409143197105	nein
2021-09-26	Sachsen-Anhalt	611	618.558576955136	-0.235598944766744	nein
2021-10-03	Sachsen-Anhalt	623	624.739489129883	-0.05386233855016	nein
2021-10-10	Sachsen-Anhalt	595	631.37436845294	-1.13082371188153	nein
2021-10-17	Sachsen-Anhalt	701	638.381771428791	1.88691048457737	nein
2021-10-24	Sachsen-Anhalt	628	645.672390074703	-0.540389402027253	nein
2021-10-31	Sachsen-Anhalt	639	653.149800575054	-0.429737195851928	nein
2021-11-07	Sachsen-Anhalt	707	660.711467692933	1.37675961420903	nein
2021-11-14	Sachsen-Anhalt	682	668.25002011269	0.409873559246777	nein
2021-11-21	Sachsen-Anhalt	827	675.654798914067	4.34828756374752	nein
2021-11-28	Sachsen-Anhalt	816	682.813666167366	3.82209238997191	nein
2021-12-05	Sachsen-Anhalt	845	689.615043951498	4.41723317223172	nein
2021-12-12	Sachsen-Anhalt	896	695.950136958286	5.6111009079044	nein
2021-12-19	Sachsen-Anhalt	897	701.715275491709	5.46138289215607	nein
2021-12-26	Sachsen-Anhalt	850	706.814301453275	4.03286124402596	nein
2022-01-02	Sachsen-Anhalt	879	711.160909173998	4.68980872172942	nein
2022-01-09	Sachsen-Anhalt	769	714.680846913215	1.55079259014755	nein
2022-01-16	Sachsen-Anhalt	724	717.313884406277	0.192595228878034	nein
2022-01-23	Sachsen-Anhalt	650	719.01545749828	-2.02194755657755	nein
2022-01-30	Sachsen-Anhalt	723	719.757912627197	0.0933029894612613	nein
2022-02-06	Sachsen-Anhalt	647	719.531291143901	-2.12604583433705	nein
2022-02-13	Sachsen-Anhalt	682	718.343615078553	-1.05681366362578	nein
2022-02-20	Sachsen-Anhalt	744	716.220660447177	0.796986867839535	nein
2022-02-27	Sachsen-Anhalt	747	713.205229712785	0.970312441871049	nein
2022-03-06	Sachsen-Anhalt	737	709.35595964119	0.79699044613908	nein
2022-03-13	Sachsen-Anhalt	750	704.745722683903	1.30374095417657	nein
2022-03-20	Sachsen-Anhalt	789	699.459697619634	2.56384224268563	nein
2022-03-27	Sachsen-Anhalt	786	693.593197359726	2.65514379279506	nein
2022-04-03	Sachsen-Anhalt	778	687.249347960765	2.62019923709693	nein
2022-04-10	Sachsen-Anhalt	714	680.536712929636	0.983660081533713	nein
2022-04-17	Sachsen-Anhalt	716	673.566951308521	1.25106018421481	nein
2022-04-24	Sachsen-Anhalt	728	666.452587672619	1.81592851650396	nein
2022-05-01	Sachsen-Anhalt	641	659.304958244743	-0.553758699794048	nein
2022-05-08	Sachsen-Anhalt	655	652.232381166924	0.0837297590768936	nein
2022-05-15	Sachsen-Anhalt	708	645.338581921074	1.87761995441186	nein
2022-05-22	Sachsen-Anhalt	648	638.721388199881	0.283196371264543	nein
2022-05-29	Sachsen-Anhalt	581	632.471693233423	-1.60485155751752	nein
2022-06-05	Sachsen-Anhalt	618	626.672673456121	-0.268510484868214	nein
2022-06-12	Sachsen-Anhalt	601	621.399235953354	-0.636297173231728	nein
2022-06-19	Sachsen-Anhalt	602	616.717663592837	-0.46011652178672	nein
2022-06-26	Sachsen-Anhalt	622	612.685421127526	0.290256119325848	nein
2022-07-03	Sachsen-Anhalt	641	609.351083680569	0.98302819092596	nein
2022-07-10	Sachsen-Anhalt	623	606.754349591368	0.507740892338417	nein
2022-07-17	Sachsen-Anhalt	655	604.9261022487	1.55335004216787	nein
2022-07-24	Sachsen-Anhalt	684	603.888489872085	2.46814210502452	nein
2022-07-31	Sachsen-Anhalt	741	603.654997846858	4.17330165373921	nein
2022-08-07	Sachsen-Anhalt	694	604.2304948238	2.75819198935657	nein
2022-08-14	Sachsen-Anhalt	675	605.611241052837	2.14057553614463	nein
2022-08-21	Sachsen-Anhalt	706	607.784855060864	3.00285309131197	nein
2022-08-28	Sachsen-Anhalt	610	610.730242560443	-0.0228515304045375	nein
2022-09-04	Sachsen-Anhalt	631	614.417499151312	0.514937608357342	nein
2022-09-11	Sachsen-Anhalt	603	618.807805702722	-0.49341548663235	nein
2022-09-18	Sachsen-Anhalt	630	623.853342006391	0.189940640431887	nein
2022-09-25	Sachsen-Anhalt	616	629.497250053706	-0.417366314044596	nein
2022-10-02	Sachsen-Anhalt	748	635.673682760821	3.3496189367477	nein
2022-10-09	Sachsen-Anhalt	763	642.30797675212	3.57426196027379	nein
2022-10-16	Sachsen-Anhalt	715	649.316988514135	1.96001488822554	nein
2022-10-23	Sachsen-Anhalt	755	656.609631468333	2.89772688113739	nein
2022-10-30	Sachsen-Anhalt	733	664.087646970662	2.03214996389321	nein
2022-11-06	Sachsen-Anhalt	715	671.64663473991	1.27894900724837	nein
2022-11-13	Sachsen-Anhalt	705	679.177357738236	0.760696861316038	nein
2022-11-20	Sachsen-Anhalt	747	686.567323301053	1.75638069725749	nein
2022-11-27	Sachsen-Anhalt	768	693.702626835454	2.14157229415521	nein
2022-12-04	Sachsen-Anhalt	813	700.470027457129	3.20133376284652	nein
2022-12-11	Sachsen-Anhalt	831	706.759207561152	3.51041893349592	nein
2022-12-18	Sachsen-Anhalt	963	712.465151778938	6.87756191358678	nein
2022-12-25	Sachsen-Anhalt	1048	717.490566436236	8.913339949372	nein
2023-01-01	Sachsen-Anhalt	984	721.748249862311	7.1403566867652	nein
2023-01-08	Sachsen-Anhalt	898	725.163317923734	4.77584168836089	nein
2023-01-15	Sachsen-Anhalt	821	727.675188883213	2.6163117191111	nein
2023-01-22	Sachsen-Anhalt	756	729.239237600803	0.760270124123338	nein
2023-01-29	Sachsen-Anhalt	702	729.828041165384	-0.800182050411557	nein
2023-02-05	Sachsen-Anhalt	688	729.432155672579	-1.1955282531521	nein
2023-02-12	Sachsen-Anhalt	696	728.060385922232	-0.923945024052691	nein
2023-02-19	Sachsen-Anhalt	662	725.739534725573	-1.8540465884892	nein
2023-02-26	Sachsen-Anhalt	717	722.51364443008	-0.158533040927352	nein
2023-03-05	Sachsen-Anhalt	660	718.442768227338	-1.70677090721618	nein
2023-03-12	Sachsen-Anhalt	783	713.601330943343	1.97431058144841	nein
2023-03-19	Sachsen-Anhalt	728	708.076156746622	0.57536135237259	nein
2023-03-26	Sachsen-Anhalt	765	701.96425340937	1.81043761154802	nein
2023-04-02	Sachsen-Anhalt	666	695.370448814464	-0.866143938899223	nein
2023-04-09	Sachsen-Anhalt	711	688.40497526988	0.661386150645546	nein
2023-04-16	Sachsen-Anhalt	730	681.181091347975	1.42770979183522	nein
2023-04-23	Sachsen-Anhalt	698	673.812820317558	0.715351663030772	nein
2023-04-30	Sachsen-Anhalt	674	666.412869990743	0.226558626287006	nein
2023-05-07	Sachsen-Anhalt	670	659.090782327505	0.327303031570823	nein
2023-05-14	Sachsen-Anhalt	696	651.951343801576	1.31793039872289	nein
2023-05-21	Sachsen-Anhalt	633	645.093270589805	-0.368945593387613	nein
2023-05-28	Sachsen-Anhalt	629	638.608167152499	-0.294442913780644	nein
2023-06-04	Sachsen-Anhalt	617	632.579743509641	-0.480509358140736	nein
2023-06-11	Sachsen-Anhalt	644	627.083265988455	0.51956114502372	nein
2023-06-18	Sachsen-Anhalt	607	622.185218083397	-0.472253525932084	nein
2023-06-25	Sachsen-Anhalt	581	617.943142953138	-1.15992264509231	nein
2023-07-02	Sachsen-Anhalt	565	614.405553314902	-1.56136291321208	nein
2023-07-09	Sachsen-Anhalt	590	611.611946843454	-0.679230830368287	nein
2023-07-16	Sachsen-Anhalt	620	609.592880911155	0.324761017044629	nein
2023-07-23	Sachsen-Anhalt	609	608.370065681523	0.0197300336462326	nein
2023-07-30	Sachsen-Anhalt	577	607.956449911662	-0.978521251767576	nein
2023-08-06	Sachsen-Anhalt	568	608.35628052933	-1.27867505820819	nein
2023-08-13	Sachsen-Anhalt	603	609.565124402263	-0.205839143001183	nein
2023-08-20	Sachsen-Anhalt	625	611.569848435108	0.418115605037659	nein
2023-08-27	Sachsen-Anhalt	607	614.348561963585	-0.229551771295035	nein
2023-09-03	Sachsen-Anhalt	544	617.870533126407	-2.344713302334	nein
2023-09-10	Sachsen-Anhalt	668	622.096098233591	1.40515706365199	nein
2023-09-17	Sachsen-Anhalt	630	626.97658983953	0.0932227277731465	nein
2023-09-24	Sachsen-Anhalt	625	632.454314956609	-0.229475120217047	nein
2023-10-01	Sachsen-Anhalt	658	638.462619255914	0.594396435771845	nein
2023-10-08	Sachsen-Anhalt	626	644.926075808576	-0.578628480059052	nein
2023-10-15	Sachsen-Anhalt	630	651.760837526386	-0.662216160658824	nein
2023-10-22	Sachsen-Anhalt	641	658.875190588937	-0.540412465623068	nein
2023-10-29	Sachsen-Anhalt	677	666.170341492368	0.323231069951189	nein
2023-11-05	Sachsen-Anhalt	721	673.541462741898	1.39631407635549	nein
2023-11-12	Sachsen-Anhalt	687	680.879011639316	0.180895339700123	nein
2023-11-19	Sachsen-Anhalt	741	688.070323322974	1.53891728035308	nein
2023-11-26	Sachsen-Anhalt	765	695.001463707794	2.01730766572567	nein
2023-12-03	Sachsen-Anhalt	800	701.559311035333	2.80636043903412	nein
2023-12-10	Sachsen-Anhalt	837	707.633817431436	3.64859325262895	nein
2023-12-17	Sachsen-Anhalt	837	713.120385440675	3.48483425253996	nein
2023-12-24	Sachsen-Anhalt	828	717.922280334744	3.09543043514603	nein
2023-12-31	Sachsen-Anhalt	731	721.95298843625	0.259369493747362	nein
2024-01-07	Sachsen-Anhalt	803	725.138425963064	2.19373578795448	nein
2024-01-14	Sachsen-Anhalt	721	727.418902880735	-0.183976558961215	nein
2024-01-21	Sachsen-Anhalt	693	728.750752418278	-1.0307813769168	nein
2024-01-28	Sachsen-Anhalt	719	729.10754919888	-0.289616743095167	nein
2024-02-04	Sachsen-Anhalt	723	728.480856746209	-0.156952312967804	nein
2024-02-11	Sachsen-Anhalt	755	726.880467303542	0.800057509076166	nein
2024-02-18	Sachsen-Anhalt	731	724.334121866912	0.190924140942718	nein
2024-02-25	Sachsen-Anhalt	704	720.886724220808	-0.487522596089862	nein
2024-03-03	Sachsen-Anhalt	612	716.599087616729	-3.09580451068441	nein
2024-03-10	Sachsen-Anhalt	619	711.546274697572	-2.74097210401279	nein
2024-03-17	Sachsen-Anhalt	652	705.815608784473	-1.58505049075599	nein
2024-03-24	Sachsen-Anhalt	606	699.504446588636	-2.79554756894398	nein
2024-03-31	Sachsen-Anhalt	664	692.717808203795	-0.848824673900824	nein
2024-04-07	Sachsen-Anhalt	662	685.56595984908	-0.699399624290296	nein
2024-04-14	Sachsen-Anhalt	625	678.162038761909	-1.5987035011388	nein
2024-04-21	Sachsen-Anhalt	617	670.619798807365	-1.62212416856453	nein
2024-04-28	Sachsen-Anhalt	642	663.051540992918	-0.635201941196904	nein
2024-05-05	Sachsen-Anhalt	675	655.566276522031	0.583768031667155	nein
2024-05-12	Sachsen-Anhalt	626	648.268152659326	-0.679949495560494	nein
2024-05-19	Sachsen-Anhalt	631	641.255154765506	-0.313889456881539	nein
2024-05-26	Sachsen-Anhalt	651	634.618082433168	0.500580367938506	nein
2024-06-02	Sachsen-Anhalt	635	628.439784489043	0.20196611624466	nein
2024-06-09	Sachsen-Anhalt	593	622.794627214303	-0.930595139212659	nein
2024-06-16	Sachsen-Anhalt	605	617.748162692866	-0.397962121639576	nein
2024-06-23	Sachsen-Anhalt	629	613.3569597162	0.486353369288899	nein
2024-06-30	Sachsen-Anhalt	649	609.668557961165	1.21889149904306	nein
2024-07-07	Sachsen-Anhalt	598	606.721506901423	-0.274471473888718	nein
2024-07-14	Sachsen-Anhalt	592	604.545453732268	-0.39596411131846	nein
2024-07-21	Sachsen-Anhalt	596	603.161249081524	-0.225953804541448	nein
2024-07-28	Sachsen-Anhalt	606	602.581045056511	0.107614839133057	nein
2024-08-04	Sachsen-Anhalt	600	602.808366884343	-0.0885335411481033	nein
2024-08-11	Sachsen-Anhalt	592	603.838146726877	-0.373822378113436	nein
2024-08-18	Sachsen-Anhalt	643	605.656715918583	1.16184708140806	nein
2024-08-25	Sachsen-Anhalt	638	608.241759638169	0.925775513409086	nein
2024-09-01	Sachsen-Anhalt	581	611.562245645964	-0.963968601413078	nein
2024-09-08	Sachsen-Anhalt	629	615.578345953158	0.416873947342376	nein
2024-09-15	Sachsen-Anhalt	580	620.241376864922	-1.26356400920266	nein
2024-09-22	Sachsen-Anhalt	645	625.493788449341	0.600077597552464	nein
2024-09-29	Sachsen-Anhalt	606	631.269238780525	-0.783037012375582	nein
2024-10-06	Sachsen-Anhalt	603	637.492790908684	-1.06614775988794	nein
2024-10-13	Sachsen-Anhalt	649	644.081271033622	0.149669215786752	nein
2024-10-20	Sachsen-Anhalt	667	650.943824436583	0.484582031540381	nein
2024-10-27	Sachsen-Anhalt	700	657.982701064362	1.25322818790101	nein
2024-11-03	Sachsen-Anhalt	668	665.09429508831	0.0870324537308532	nein
2024-11-10	Sachsen-Anhalt	646	672.170452288647	-0.785368920456374	nein
2024-11-17	Sachsen-Anhalt	706	679.100045980518	0.792604533108653	nein
2024-11-24	Sachsen-Anhalt	705	685.770806907593	0.564828195078007	nein
2024-12-01	Sachsen-Anhalt	710	692.071375864093	0.52435372593597	nein
2024-12-08	Sachsen-Anhalt	736	697.893530806979	1.10458003873655	nein
2024-12-15	Sachsen-Anhalt	638	703.134524127434	-1.92825975145366	nein
2024-12-22	Sachsen-Anhalt	761	707.699451913738	1.52896639710774	nein
2024-12-29	Sachsen-Anhalt	681	711.5035667896	-0.889789859375194	nein
2025-01-05	Sachsen-Anhalt	686	714.474440428723	-0.828403743616111	nein
2025-01-12	Sachsen-Anhalt	727	716.553882001711	0.300691569430133	nein
2025-01-19	Sachsen-Anhalt	728	717.699525051235	0.296270169131179	nein
2025-01-26	Sachsen-Anhalt	757	717.886007545878	1.11756893443593	nein
2025-02-02	Sachsen-Anhalt	711	717.105687513001	-0.17636391976212	nein
2025-02-09	Sachsen-Anhalt	761	715.368858557908	1.30421132279607	nein
2025-02-16	Sachsen-Anhalt	761	712.703454177935	1.38217137143466	nein
2025-02-23	Sachsen-Anhalt	846	709.154255238257	3.85207589707031	nein
2025-03-02	Sachsen-Anhalt	791	704.781639364583	2.46057454342651	nein
2025-03-09	Sachsen-Anhalt	736	699.65993250876	1.05254152087739	nein
2025-03-16	Sachsen-Anhalt	773	693.875440031388	2.27909894823221	nein
2025-03-23	Sachsen-Anhalt	778	687.52424623265	2.61126627392558	nein
2025-03-30	Sachsen-Anhalt	745	680.709876786901	1.87565445248485	nein
2025-04-06	Sachsen-Anhalt	737	673.540917986308	1.86146219336518	nein
2025-04-13	Sachsen-Anhalt	682	666.128680572696	0.473478582949216	nein
2025-04-20	Sachsen-Anhalt	714	658.584985151362	1.64670878569134	nein
2025-04-27	Sachsen-Anhalt	633	651.020131940794	-0.548557440603362	nein
2025-05-04	Sachsen-Anhalt	622	643.541101266261	-0.660229658442997	nein
2025-05-11	Sachsen-Anhalt	604	636.250014102162	-0.997097606973193	nein
2025-05-18	Sachsen-Anhalt	617	629.242865336952	-0.378610765794542	nein
2025-05-25	Sachsen-Anhalt	578	622.608527293797	-1.39942489916286	nein
2025-06-01	Sachsen-Anhalt	637	616.42800814503	0.637192319732403	nein
2025-06-08	Sachsen-Anhalt	590	610.773939684128	-0.653730104476428	nein
2025-06-15	Sachsen-Anhalt	581	605.710261674856	-0.781754253566307	nein
2025-06-22	Sachsen-Anhalt	585	601.292065665911	-0.516106253246847	nein
2025-06-29	Sachsen-Anhalt	623	597.565559547185	0.79893800787077	nein
2025-07-06	Sachsen-Anhalt	589	594.568114918541	-0.176845958138554	nein
2025-07-13	Sachsen-Anhalt	579	592.328362165944	-0.425040877618042	nein
2025-07-20	Sachsen-Anhalt	587	590.866302595985	-0.123112019785923	nein
2025-07-27	Sachsen-Anhalt	626	590.193412684467	1.12828593284124	nein
2025-08-03	Sachsen-Anhalt	550	590.312722098828	-1.29776157574794	nein
2025-08-10	Sachsen-Anhalt	594	591.218854350163	0.0883490108161421	nein
2025-08-17	Sachsen-Anhalt	642	592.898026449808	1.5379446678567	nein
2025-08-24	Sachsen-Anhalt	618	595.328011546072	0.713680154239658	nein
2025-08-31	Sachsen-Anhalt	644	598.478075967148	1.42036134569963	nein
2025-09-07	Sachsen-Anhalt	667	602.308909157373	2.0019503346046	nein
2025-09-14	Sachsen-Anhalt	589	606.772571401491	-0.560178072689145	nein
2025-09-21	Sachsen-Anhalt	631	611.812489686443	0.596132003246001	nein
2025-09-28	Sachsen-Anhalt	567	617.363536214379	-1.58757977680451	nein
2025-10-05	Sachsen-Anhalt	641	623.352226586668	0.543270803195306	nein
2025-10-12	Sachsen-Anhalt	575	629.697075149392	-1.70815436016437	nein
2025-10-19	Sachsen-Anhalt	628	636.309143073466	-0.254808333273044	nein
2025-10-26	Sachsen-Anhalt	638	643.092810152806	-0.155181453461832	nein
2025-11-02	Sachsen-Anhalt	655	649.946793879171	0.152724943646386	nein
2025-11-09	Sachsen-Anhalt	635	656.765429104919	-0.658763209372918	nein
2025-11-16	Sachsen-Anhalt	637	663.440208772415	-0.796939424764335	nein
2025-11-23	Sachsen-Anhalt	691	669.86157126694	0.626399157513517	nein
2025-11-30	Sachsen-Anhalt	709	675.920903704966	0.97286168691427	nein
2025-12-07	Sachsen-Anhalt	709	681.512713917412	0.806017804235839	nein
2025-12-14	Sachsen-Anhalt	784	686.536908238636	2.80192094957524	nein
2025-12-21	Sachsen-Anhalt	721	690.901098780512	0.875757647288889	nein
2025-12-28	Sachsen-Anhalt	715	694.522853954546	0.595499179856222	nein
2026-01-04	Sachsen-Anhalt	771	697.331800744977	2.11196333926521	nein
2026-01-11	Sachsen-Anhalt	863	699.27148747841	4.59796505682305	nein
2026-01-18	Sachsen-Anhalt	778	700.300922008105	2.22041060059899	nein
2026-01-25	Sachsen-Anhalt	732	700.395712258379	0.912448013586953	nein
2026-02-01	Sachsen-Anhalt	729	699.548753345665	0.85116251463698	nein
2026-02-08	Sachsen-Anhalt	835	697.770426892248	3.87769410814784	nein
2026-02-15	Sachsen-Anhalt	792	695.088302149085	2.76713505138825	nein
2026-02-22	Sachsen-Anhalt	744	691.546353352395	1.51639287720653	nein
2026-03-01	Sachsen-Anhalt	743	687.203731477557	1.61677436135846	nein
2026-03-08	Sachsen-Anhalt	726	682.133149454595	1.2792706685382	nein
2026-03-15	Sachsen-Anhalt	694	676.418956490411	0.518083589337818	nein
2026-03-22	Sachsen-Anhalt	620	670.154988349998	-1.51057373204591	nein
2026-03-29	Sachsen-Anhalt	612	663.442285741644	-1.55797533851152	nein
2026-04-05	Sachsen-Anhalt	636	656.386772325387	-0.615782316101145	nein
2026-04-12	Sachsen-Anhalt	632	649.096977812154	-0.518910200962768	nein
2026-04-19	Sachsen-Anhalt	627	641.681881041526	-0.447929496058036	nein
2026-04-26	Sachsen-Anhalt	673	634.24893399686	1.172884266654	nein
2026-05-03	Sachsen-Anhalt	646	626.902311752852	0.584300006083792	nein
2026-05-10	Sachsen-Anhalt	652	619.741416667644	0.989188807721933	nein
2026-05-17	Sachsen-Anhalt	615	612.859648925329	0.066525155054965	nein
2026-05-24	Sachsen-Anhalt	617	606.343440795148	0.332213445149215	nein
2026-05-31	Sachsen-Anhalt	610	600.271539433436	0.304867377388428	nein
2026-06-07	Sachsen-Anhalt	560	594.714513172781	-1.10677000289282	nein
2026-06-14	Sachsen-Anhalt	558	589.734449220776	-1.01514642609485	nein
2026-06-21	Sachsen-Anhalt	622	585.384806507543	1.15299485095304	nein
2026-06-28	Sachsen-Anhalt	752	581.710385885892	5.19825180701755	nein
2026-07-05	Sachsen-Anhalt	713	578.747380693771	4.14340926430966	nein
2026-07-12	Sachsen-Anhalt	602	576.5234734665	0.810473605000572	nein
2026-07-19	Sachsen-Anhalt	589	575.0579489479	0.445469079089955	nein
2026-07-26	Sachsen-Anhalt	559	574.361799120872	-0.49523628604474	nein
2026-08-02	Sachsen-Anhalt	601	574.437802418953	0.845806552860712	nein
2026-08-09	Sachsen-Anhalt	603	575.280566291611	0.881536454235014	nein
2026-08-16	Sachsen-Anhalt	550	576.876529616308	-0.866922056487455	ja
2026-08-23	Sachsen-Anhalt	551	579.203928844814	-0.907994782290255	ja
2026-08-30	Sachsen-Anhalt	555	582.232739015352	-0.873899562842696	ja
2026-09-06	Sachsen-Anhalt	616	585.92460762377	0.94619140510204	ja
2026-09-13	Sachsen-Anhalt	595	590.232805570102	0.150437928959377	ja
2026-09-20	Sachsen-Anhalt	586	595.102224691571	-0.287075410204856	ja
2026-09-27	Sachsen-Anhalt	634	600.469455431586	1.04014853852887	ja
2016-10-09	Thüringen	510	524.310562276782	-0.488224269422544	nein
2016-10-16	Thüringen	511	530.1638454876	-0.651270470234106	nein
2016-10-23	Thüringen	589	536.330434907489	1.74129764298756	nein
2016-10-30	Thüringen	521	542.727971418458	-0.730512301125408	nein
2016-11-06	Thüringen	571	549.267790258589	0.716808077629332	nein
2016-11-13	Thüringen	550	555.855874694942	-0.193616777923439	nein
2016-11-20	Thüringen	541	562.394070360187	-0.706611357427046	nein
2016-11-27	Thüringen	579	568.781560182746	0.33249197304049	nein
2016-12-04	Thüringen	614	574.916584574681	1.25484895889245	nein
2016-12-11	Thüringen	588	580.698374978563	0.235389310311246	nein
2016-12-18	Thüringen	599	586.029252090614	0.415630579673069	nein
2016-12-25	Thüringen	618	590.816824349938	0.864236746374453	nein
2017-01-01	Thüringen	603	594.976208989484	0.255587042511491	nein
2017-01-08	Thüringen	643	598.432188426668	1.40181412902354	nein
2017-01-15	Thüringen	694	601.121210189443	2.87942858859005	nein
2017-01-22	Thüringen	654	602.993139751836	1.59609763467172	nein
2017-01-29	Thüringen	741	604.012682956206	4.19304309251364	nein
2017-02-05	Thüringen	793	604.160407948362	5.71128428661966	nein
2017-02-12	Thüringen	741	603.433315001628	4.21327034296618	nein
2017-02-19	Thüringen	738	601.844924992698	4.17720993689255	nein
2017-02-26	Thüringen	701	599.424881945711	3.14909331361832	nein
2017-03-05	Thüringen	701	596.218090073252	3.25471867039542	nein
2017-03-12	Thüringen	577	592.283429167653	-0.491840480732615	nein
2017-03-19	Thüringen	590	587.692112254168	0.074201098551716	nein
2017-03-26	Thüringen	532	582.525764680479	-1.65754779825043	nein
2017-04-02	Thüringen	568	576.874313340638	-0.289009183261187	nein
2017-04-09	Thüringen	549	570.833778129264	-0.717712091997954	nein
2017-04-16	Thüringen	504	564.504055165938	-2.02472630681703	nein
2017-04-23	Thüringen	505	557.986773490133	-1.77985538789129	nein
2017-04-30	Thüringen	571	551.383294857311	0.648382309739355	nein
2017-05-07	Thüringen	529	544.792911261248	-0.53089397503855	nein
2017-05-14	Thüringen	544	538.31127824789	0.191135594416132	nein
2017-05-21	Thüringen	581	532.029105299874	1.63376044957007	nein
2017-05-28	Thüringen	501	526.031108717861	-0.859432350583629	nein
2017-06-04	Thüringen	531	520.395218419106	0.361963771499172	nein
2017-06-11	Thüringen	499	515.192018545493	-0.560368025252501	nein
2017-06-18	Thüringen	533	510.484393068342	0.773154389823051	nein
2017-06-25	Thüringen	525	506.327341784709	0.644663533317503	nein
2017-07-02	Thüringen	523	502.767929100911	0.700684457166738	nein
2017-07-09	Thüringen	493	499.845327525264	-0.239921726276209	nein
2017-07-16	Thüringen	514	497.590919484603	0.572064656699327	nein
2017-07-23	Thüringen	528	496.028424542346	1.11087423554346	nein
2017-07-30	Thüringen	502	495.17402393826	0.239367440495702	nein
2017-08-06	Thüringen	514	495.036460233824	0.662512351663385	nein
2017-08-13	Thüringen	465	495.617096421842	-1.08729786130151	nein
2017-08-20	Thüringen	496	496.909925883974	-0.031947391300112	nein
2017-08-27	Thüringen	501	498.901531835084	0.0734643557135332	nein
2017-09-03	Thüringen	522	501.571002183235	0.709100886388803	nein
2017-09-10	Thüringen	470	504.889812867126	-1.22972666673146	nein
2017-09-17	Thüringen	514	508.821699500321	0.179385426150818	nein
2017-09-24	Thüringen	507	513.322543309616	-0.218899435753681	nein
2017-10-01	Thüringen	556	518.340302612365	1.27975567825424	nein
2017-10-08	Thüringen	499	523.815025093607	-0.855707675964556	nein
2017-10-15	Thüringen	539	529.678978537426	0.316172245146736	nein
2017-10-22	Thüringen	528	535.856938040345	-0.266406815227981	nein
2017-10-29	Thüringen	554	542.266665709944	0.393118024424265	nein
2017-11-05	Thüringen	500	548.819614121193	-1.65693688904592	nein
2017-11-12	Thüringen	565	555.421877185238	0.317324369393225	nein
2017-11-19	Thüringen	534	561.975401586359	-0.931888625575483	nein
2017-11-26	Thüringen	524	568.379458808422	-1.47725871211855	nein
2017-12-03	Thüringen	612	574.532362525246	1.21104249149514	nein
2017-12-10	Thüringen	601	580.333399580207	0.667813734007171	nein
2017-12-17	Thüringen	544	585.684926003846	-1.3652237596309	nein
2017-12-24	Thüringen	555	590.494563789898	-1.15549540232103	nein
2017-12-31	Thüringen	537	594.677420845633	-1.88326384348505	nein
2018-01-07	Thüringen	627	598.158246994766	0.916119050628134	nein
2018-01-14	Thüringen	572	600.873434299839	-0.929870514538969	nein
2018-01-21	Thüringen	574	602.772771112443	-0.925137693567003	nein
2018-01-28	Thüringen	558	603.820866520709	-1.47930534336223	nein
2018-02-04	Thüringen	613	603.998175068276	0.286125121001533	nein
2018-02-11	Thüringen	654	603.301570025918	1.59462458652434	nein
2018-02-18	Thüringen	583	601.744435845963	-0.601600408440343	nein
2018-02-25	Thüringen	745	599.35627505344	4.48865936544342	nein
2018-03-04	Thüringen	838	596.181849821106	7.30984890060864	nein
2018-03-11	Thüringen	941	592.279901893263	10.3395319524113	nein
2018-03-18	Thüringen	844	587.721514587014	7.77310550648997	nein
2018-03-25	Thüringen	718	582.588195879702	4.24051520900518	nein
2018-04-01	Thüringen	685	576.969771141788	3.42207246744383	nein
2018-04-08	Thüringen	630	570.96217750607	1.90403956247729	nein
2018-04-15	Thüringen	629	564.66524934601	2.08314756849878	nein
2018-04-22	Thüringen	558	558.180576534691	-0.00598991542758335	nein
2018-04-29	Thüringen	514	551.609505122049	-1.26967041283848	nein
2018-05-06	Thüringen	516	545.051335093487	-0.984130267074561	nein
2018-05-13	Thüringen	538	538.60175333735	-0.020326250817416	nein
2018-05-20	Thüringen	534	532.351523179023	0.0559719979138497	nein
2018-05-27	Thüringen	510	526.385435994926	-0.562747948639727	nein
2018-06-03	Thüringen	518	520.781516414814	-0.0956283547233199	nein
2018-06-10	Thüringen	505	515.610461086999	-0.367565716356259	nein
2018-06-17	Thüringen	467	510.935282265233	-1.54643858029405	nein
2018-06-24	Thüringen	487	506.811121668886	-0.694456480649384	nein
2018-07-01	Thüringen	537	503.285197052279	1.16541188614601	nein
2018-07-08	Thüringen	508	500.396843427853	0.265800739123223	nein
2018-07-15	Thüringen	511	498.177612563757	0.448492365736743	nein
2018-07-22	Thüringen	477	496.651397824601	-0.695997000810838	nein
2018-07-29	Thüringen	558	495.834556254384	2.14552256070174	nein
2018-08-05	Thüringen	575	495.73600565566	2.72171233239377	nein
2018-08-12	Thüringen	516	496.357280989181	0.686804923444912	nein
2018-08-19	Thüringen	553	497.692541443365	1.90949944707013	nein
2018-08-26	Thüringen	509	499.728526783164	0.324191827284956	nein
2018-09-02	Thüringen	508	502.444468888004	0.193969937868173	nein
2018-09-09	Thüringen	513	505.811971536873	0.249996379350726	nein
2018-09-16	Thüringen	553	509.794878286641	1.47983126264885	nein
2018-09-23	Thüringen	536	514.349154472874	0.743287700565803	nein
2018-09-30	Thüringen	525	519.422814648845	0.191501195417932	nein
2018-10-07	Thüringen	502	524.955930826059	-0.791251833764819	nein
2018-10-14	Thüringen	531	530.880759305786	0.00405642635748544	nein
2018-10-21	Thüringen	529	537.122024295656	-0.275376444337826	nein
2018-10-28	Thüringen	471	543.597394507961	-2.49810620230528	nein
2018-11-04	Thüringen	508	550.218184225898	-1.4291002887953	nein
2018-11-11	Thüringen	568	556.890302716202	0.367666753948857	nein
2018-11-18	Thüringen	553	563.515465364467	-0.348144015553833	nein
2018-11-25	Thüringen	493	569.99266675618	-2.58691675148443	nein
2018-12-02	Thüringen	567	576.219900643301	-0.301665320901269	nein
2018-12-09	Thüringen	562	582.096095133249	-0.656187280435176	nein
2018-12-16	Thüringen	579	587.523214590258	-0.276049372131105	nein
2018-12-23	Thüringen	596	592.408463926866	0.115433954059028	nein
2018-12-30	Thüringen	541	596.666517566505	-1.81338269586642	nein
2019-01-06	Thüringen	599	600.221685725863	-0.0390564290698061	nein
2019-01-13	Thüringen	585	603.009925964851	-0.577106880447213	nein
2019-01-20	Thüringen	594	604.980609017019	-0.350579060608611	nein
2019-01-27	Thüringen	595	606.097955118101	-0.354003623920254	nein
2019-02-03	Thüringen	646	606.34207022536	1.24752245341921	nein
2019-02-10	Thüringen	595	605.709529928075	-0.341694409741672	nein
2019-02-17	Thüringen	610	604.213481230678	0.184016842681446	nein
2019-02-24	Thüringen	587	601.883257076472	-0.476973527949755	nein
2019-03-03	Thüringen	642	598.76352356111	1.36740841997499	nein
2019-03-10	Thüringen	641	594.91300330968	1.46114857835311	nein
2019-03-17	Thüringen	620	590.402838671936	0.946109774374941	nein
2019-03-24	Thüringen	583	585.314673787929	-0.0749798154225936	nein
2019-03-31	Thüringen	614	579.738544236048	1.10381435850817	nein
2019-04-07	Thüringen	595	573.770666499787	0.690004846653194	nein
2019-04-14	Thüringen	585	567.511217041699	0.57217067172184	nein
2019-04-21	Thüringen	556	561.062183015765	-0.167678214734886	nein
2019-04-28	Thüringen	589	554.52535463237	1.13541208709963	nein
2019-05-05	Thüringen	519	548.000514206282	-0.979406072793109	nein
2019-05-12	Thüringen	581	541.583860350632	1.3115071409827	nein
2019-05-19	Thüringen	529	535.366688960378	-0.216041044738974	nein
2019-05-26	Thüringen	532	529.434336722077	0.0873060259521981	nein
2019-06-02	Thüringen	547	523.865378813172	0.786359092581182	nein
2019-06-09	Thüringen	514	518.731060850078	-0.163033395797208	nein
2019-06-16	Thüringen	546	514.094936361888	1.09163984064406	nein
2019-06-23	Thüringen	495	510.012675199701	-0.523557294883293	nein
2019-06-30	Thüringen	509	506.532005226158	0.0858689596526924	nein
2019-07-07	Thüringen	510	503.692749100192	0.219788292123761	nein
2019-07-14	Thüringen	480	501.526919622005	-0.758822523579193	nein
2019-07-21	Thüringen	529	500.05884053818	1.00472577598065	nein
2019-07-28	Thüringen	600	499.305264536207	3.4223766957906	nein
2019-08-04	Thüringen	518	499.27546602393	0.652671301497845	nein
2019-08-11	Thüringen	528	499.971292882179	0.973358288555251	nein
2019-08-18	Thüringen	523	501.387168437478	0.751029791731733	nein
2019-08-25	Thüringen	481	503.510042205521	-0.792039928472984	nein
2019-09-01	Thüringen	552	506.319295309318	1.56767079264624	nein
2019-09-08	Thüringen	547	509.786613685683	1.27611244191416	nein
2019-09-15	Thüringen	539	513.875849049975	0.8613610960786	nein
2019-09-22	Thüringen	482	518.542893845078	-1.27235997066472	nein
2019-09-29	Thüringen	572	523.735601761694	1.62754627203916	nein
2019-10-06	Thüringen	533	529.393789537094	0.122615188040931	nein
2019-10-13	Thüringen	507	535.449358230979	-0.971535107548799	nein
2019-10-20	Thüringen	540	541.826572634196	-0.0614780092464599	nein
2019-10-27	Thüringen	508	548.442535501936	-1.36920758733344	nein
2019-11-03	Thüringen	575	555.207888600143	0.653683586596775	nein
2019-11-10	Thüringen	500	562.0277649218	-2.0874898760058	nein
2019-11-17	Thüringen	606	568.803005866694	1.20762068085747	nein
2019-11-24	Thüringen	603	575.431643924816	0.8922250995148	nein
2019-12-01	Thüringen	542	581.810635981083	-1.30647590769338	nein
2019-12-08	Thüringen	636	587.837815581697	1.53347328785706	nein
2019-12-15	Thüringen	583	593.414015453673	-0.335376284607313	nein
2019-12-22	Thüringen	592	598.445295539441	-0.206437439477255	nein
2019-12-29	Thüringen	541	602.84519819362	-2.00522947490376	nein
2020-01-05	Thüringen	554	606.53694235554	-1.69329807638706	nein
2020-01-12	Thüringen	623	609.455463643945	0.427471040994085	nein
2020-01-19	Thüringen	604	611.549208270698	-0.239216027019789	nein
2020-01-26	Thüringen	551	612.781595825892	-1.98609426268645	nein
2020-02-02	Thüringen	607	613.132079186568	-0.193994561803302	nein
2020-02-09	Thüringen	537	612.596748309905	-2.44080899988632	nein
2020-02-16	Thüringen	610	611.188439465437	-0.0376118193145422	nein
2020-02-23	Thüringen	597	608.936336608391	-0.379621079389416	nein
2020-03-01	Thüringen	596	605.885146782466	-0.315036087687836	nein
2020-03-08	Thüringen	619	602.093830348497	0.536584500514675	nein
2020-03-15	Thüringen	640	597.633957636823	1.34056741722541	nein
2020-03-22	Thüringen	581	592.587779330479	-0.373766230474785	nein
2020-03-29	Thüringen	547	587.046099994143	-1.30887132614324	nein
2020-04-05	Thüringen	607	581.106047862331	0.834761435064044	nein
2020-04-12	Thüringen	604	574.868831658842	0.943394169310886	nein
2020-04-19	Thüringen	581	568.437567497535	0.411074930201271	nein
2020-04-26	Thüringen	572	561.915246865702	0.332173616775881	nein
2020-05-03	Thüringen	546	555.402901616907	-0.313374455822636	nein
2020-05-10	Thüringen	511	548.99800519638	-1.28537881886362	nein
2020-05-17	Thüringen	508	542.793132334925	-1.18272080357661	nein
2020-05-24	Thüringen	532	536.874883357298	-0.165073424455386	nein
2020-05-31	Thüringen	521	531.32306499248	-0.352019748229618	nein
2020-06-07	Thüringen	506	526.210107795432	-0.694796233706485	nein
2020-06-14	Thüringen	527	521.600691353956	0.184925061637297	nein
2020-06-21	Thüringen	520	517.551542461324	0.0842690003707732	nein
2020-06-28	Thüringen	522	514.111368274692	0.271944300114756	nein
2020-07-05	Thüringen	488	511.320885887181	-0.814481338089209	nein
2020-07-12	Thüringen	523	509.212911360825	0.476671406355845	nein
2020-07-19	Thüringen	483	507.812474702059	-0.87009076851634	nein
2020-07-26	Thüringen	541	507.136932117838	1.16571782963663	nein
2020-08-02	Thüringen	507	507.196052808472	-0.00682284269793784	nein
2020-08-09	Thüringen	537	507.992064219377	0.999282824004484	nein
2020-08-16	Thüringen	514	509.519646824669	0.155325476283964	nein
2020-08-23	Thüringen	511	511.765876927399	-0.0265379890644051	nein
2020-08-30	Thüringen	505	514.71012343539	-0.336466246041859	nein
2020-09-06	Thüringen	463	518.323911911909	-1.93981417052665	nein
2020-09-13	Thüringen	540	522.5707761925	0.594161010145825	nein
2020-09-20	Thüringen	544	527.406124251416	0.563224560658901	nein
2020-09-27	Thüringen	559	532.777150491546	0.882946074521624	nein
2020-10-04	Thüringen	551	538.622830866657	0.416219988625756	nein
2020-10-11	Thüringen	544	544.874039826925	-0.0293396481250237	nein
2020-10-18	Thüringen	556	551.45382859179	0.151429512355582	nein
2020-10-25	Thüringen	536	558.277902300631	-0.743447660049172	nein
2020-11-01	Thüringen	576	565.255328843792	0.352800415880099	nein
2020-11-08	Thüringen	544	572.289504435768	-0.933769456021505	nein
2020-11-15	Thüringen	569	579.279390252215	-0.335388998818427	nein
2020-11-22	Thüringen	620	586.121020953795	1.0852408361463	nein
2020-11-29	Thüringen	655	592.709270190304	1.96932017882743	nein
2020-12-06	Thüringen	725	598.939841045293	3.9021530889812	nein
2020-12-13	Thüringen	786	604.711431948077	5.51449458366309	nein
2020-12-20	Thüringen	816	609.928012163316	6.20889668155158	nein
2020-12-27	Thüringen	900	614.50112699446	8.42944232800732	nein
2021-01-03	Thüringen	953	618.352142705081	9.75690152678675	nein
2021-01-10	Thüringen	941	621.414336087269	9.32529386165988	nein
2021-01-17	Thüringen	946	623.634734465615	9.38680877534058	nein
2021-01-24	Thüringen	843	624.975619123706	6.4798947294335	nein
2021-01-31	Thüringen	841	625.415618522276	6.40906571301738	nein
2021-02-07	Thüringen	782	624.950336502175	4.73147822243492	nein
2021-02-14	Thüringen	708	623.592483647567	2.58961344586625	nein
2021-02-21	Thüringen	686	621.371505414195	1.99613066624298	nein
2021-02-28	Thüringen	668	618.332726537354	1.54368427032079	nein
2021-03-07	Thüringen	646	614.536055607717	0.985610661982911	nein
2021-03-14	Thüringen	611	610.054314686924	0.0299785477592922	nein
2021-03-21	Thüringen	629	604.971274929117	0.760229430409532	nein
2021-03-28	Thüringen	650	599.379489375622	1.59776014721426	nein
2021-04-04	Thüringen	704	593.378017967694	3.45566890727288	nein
2021-04-11	Thüringen	703	587.070137525978	3.63541255644916	nein
2021-04-18	Thüringen	671	580.561121642263	2.86987165202818	nein
2021-04-25	Thüringen	668	573.956163189949	2.9980648654154	nein
2021-05-02	Thüringen	668	567.358496810804	3.22080432174283	nein
2021-05-09	Thüringen	639	560.867761701823	2.52946220946276	nein
2021-05-16	Thüringen	652	554.578627683254	3.15475747776321	nein
2021-05-23	Thüringen	607	548.579691084994	1.92227007951417	nein
2021-05-30	Thüringen	529	542.952632401621	-0.471492674196745	nein
2021-06-06	Thüringen	582	537.771615603067	1.47557544453814	nein
2021-06-13	Thüringen	551	533.102899821681	0.604417097544555	nein
2021-06-20	Thüringen	580	529.004627973912	1.71170966872382	nein
2021-06-27	Thüringen	500	525.526753606629	-0.880370535519538	nein
2021-07-04	Thüringen	527	522.711066617009	0.146900934029086	nein
2021-07-11	Thüringen	481	520.591280118301	-1.37854099933459	nein
2021-07-18	Thüringen	520	519.193144207923	0.0277607318606346	nein
2021-07-25	Thüringen	516	518.534557338176	-0.0873540483407447	nein
2021-08-01	Thüringen	515	518.625652025186	-0.124992179893484	nein
2021-08-08	Thüringen	558	519.468838438262	1.30983534161311	nein
2021-08-15	Thüringen	575	521.058796719366	1.82246918721709	nein
2021-08-22	Thüringen	507	523.38241646228	-0.56449930522859	nein
2021-08-29	Thüringen	530	526.418689428549	0.122258133253695	nein
2021-09-05	Thüringen	560	530.138569091324	1.00762207696674	nein
2021-09-12	Thüringen	563	534.504817758237	0.95800847085603	nein
2021-09-19	Thüringen	563	539.471868571957	0.788556883705336	nein
2021-09-26	Thüringen	533	544.985735312353	-0.40400703968548	nein
2021-10-03	Thüringen	569	550.984007264044	0.598454912433618	nein
2021-10-10	Thüringen	532	557.395969060113	-0.849736863704691	nein
2021-10-17	Thüringen	556	564.142885939951	-0.269367184794385	nein
2021-10-24	Thüringen	672	571.138492859091	3.21727218744575	nein
2021-10-31	Thüringen	688	578.28972102537	3.47076196725078	nein
2021-11-07	Thüringen	708	585.497687505699	3.84017113813983	nein
2021-11-14	Thüringen	801	592.65896254438	6.36347520974066	nein
2021-11-21	Thüringen	851	599.667115404224	7.56346644041027	nein
2021-11-28	Thüringen	872	606.41452342676	7.92782700279921	nein
2021-12-05	Thüringen	958	612.794411455322	10.0921996912806	nein
2021-12-12	Thüringen	950	618.703070905918	9.67083494206269	nein
2021-12-19	Thüringen	895	624.042190954889	7.9749585470283	nein
2021-12-26	Thüringen	830	628.721220000954	5.99107534179066	nein
2022-01-02	Thüringen	801	632.659665185379	5.03223038889703	nein
2022-01-09	Thüringen	700	635.789232563513	1.96188800775733	nein
2022-01-16	Thüringen	655	638.055711411356	0.522954084712697	nein
2022-01-23	Thüringen	602	639.420513536769	-1.17035808641862	nein
2022-01-30	Thüringen	600	639.861792186156	-1.24712128087823	nein
2022-02-06	Thüringen	596	639.375084433197	-1.35891225922141	nein
2022-02-13	Thüringen	555	637.973444490172	-2.63171869942475	nein
2022-02-20	Thüringen	614	635.687061440954	-0.677506965618862	nein
2022-02-27	Thüringen	604	632.562381442153	-0.896243229730658	nein
2022-03-06	Thüringen	652	628.660779408544	0.724627132310021	nein
2022-03-13	Thüringen	635	624.056846692251	0.342126511994278	nein
2022-03-20	Thüringen	650	618.836377745827	0.973254911575307	nein
2022-03-27	Thüringen	675	613.09414919984	1.92702887522753	nein
2022-04-03	Thüringen	648	606.931588746318	1.29169192296303	nein
2022-04-10	Thüringen	637	600.454428854358	1.15694195579375	nein
2022-04-17	Thüringen	572	593.770432338341	-0.70436670791682	nein
2022-04-24	Thüringen	560	586.987264250168	-0.879630887390984	nein
2022-05-01	Thüringen	610	580.210568834852	0.960968024819832	nein
2022-05-08	Thüringen	593	573.542292833595	0.633120321469302	nein
2022-05-15	Thüringen	574	567.079278650235	0.227282175940297	nein
2022-05-22	Thüringen	574	560.912134053079	0.43139156547256	nein
2022-05-29	Thüringen	570	555.124370145606	0.492597048660293	nein
2022-06-05	Thüringen	553	549.791786989324	0.107122613181225	nein
2022-06-12	Thüringen	580	544.982076881389	1.16331040212791	nein
2022-06-19	Thüringen	575	540.75460898773	1.14226164218402	nein
2022-06-26	Thüringen	536	537.160355695757	-0.0392503738174075	nein
2022-07-03	Thüringen	550	534.241920405315	0.531705266850252	nein
2022-07-10	Thüringen	542	532.033628149747	0.337574917852359	nein
2022-07-17	Thüringen	607	530.561644016433	2.54195494625232	nein
2022-07-24	Thüringen	660	529.844089406524	4.26729314797743	nein
2022-07-31	Thüringen	613	529.891132358615	2.76018681563119	nein
2022-08-07	Thüringen	595	530.705035132126	2.14526076819849	nein
2022-08-14	Thüringen	553	532.280149725598	0.699309145901472	nein
2022-08-21	Thüringen	592	534.60285975789	1.91209985273979	nein
2022-08-28	Thüringen	553	537.651474956387	0.516274954963708	nein
2022-09-04	Thüringen	546	541.396092169056	0.154828321886134	nein
2022-09-11	Thüringen	613	545.798444120754	2.21003565786558	nein
2022-09-18	Thüringen	581	550.81176380386	0.998847651381074	nein
2022-09-25	Thüringen	573	556.380698112839	0.549306995718704	nein
2022-10-02	Thüringen	642	562.44130873105	2.56976796064709	nein
2022-10-09	Thüringen	665	568.921200941024	3.07273149817856	nein
2022-10-16	Thüringen	651	575.739821522295	2.40620472161802	nein
2022-10-23	Thüringen	674	582.808964810093	2.88627344754298	nein
2022-10-30	Thüringen	691	590.033520973992	3.16878887478688	nein
2022-11-06	Thüringen	562	597.312492434728	-1.1428609432515	nein
2022-11-13	Thüringen	641	604.540293067521	1.14966618653897	nein
2022-11-20	Thüringen	629	611.608330698511	0.547978471561364	nein
2022-11-27	Thüringen	661	618.40685694432	1.32582356024413	nein
2022-12-04	Thüringen	700	624.827050542603	2.30904466082414	nein
2022-12-11	Thüringen	779	630.763282131186	4.45509695801527	nein
2022-12-18	Thüringen	804	636.115491333135	5.00334190391123	nein
2022-12-25	Thüringen	989	640.791592485015	9.96934307947559	nein
2023-01-01	Thüringen	929	644.709814864654	8.21785033957673	nein
2023-01-08	Thüringen	794	647.80087809771	4.34026018346384	nein
2023-01-15	Thüringen	724	650.009904457073	2.22954239979718	nein
2023-01-22	Thüringen	639	651.297977428553	-0.378209942194968	nein
2023-01-29	Thüringen	617	651.643270026854	-1.07139178878323	nein
2023-02-05	Thüringen	624	651.041686121012	-0.835017500339621	nein
2023-02-12	Thüringen	637	649.506982117446	-0.385200274860077	nein
2023-02-19	Thüringen	630	647.070362956408	-0.52738870416407	nein
2023-02-26	Thüringen	646	643.779573445174	0.0684339570676159	nein
2023-03-05	Thüringen	634	639.697531371899	-0.176530441876821	nein
2023-03-12	Thüringen	633	634.900570685253	-0.0590532572365608	nein
2023-03-19	Thüringen	635	629.476379727386	0.172036355406935	nein
2023-03-26	Thüringen	636	623.521730032999	0.389792596361666	nein
2023-04-02	Thüringen	648	617.140095117542	0.964303580090156	nein
2023-04-09	Thüringen	616	610.439256140582	0.175891266256774	nein
2023-04-16	Thüringen	588	603.528983054019	-0.496918939121943	nein
2023-04-23	Thüringen	619	596.518866956108	0.716055549790802	nein
2023-04-30	Thüringen	547	589.516363263083	-1.38778162101856	nein
2023-05-07	Thüringen	553	582.62508747177	-0.969134171732933	nein
2023-05-14	Thüringen	584	575.943387156454	0.262204714176849	nein
2023-05-21	Thüringen	520	569.563196680956	-1.65042404247004	nein
2023-05-28	Thüringen	551	563.569165908489	-0.416078853171352	nein
2023-06-04	Thüringen	556	558.038041648579	-0.0675888585627521	nein
2023-06-11	Thüringen	575	553.038271075659	0.726436603780317	nein
2023-06-18	Thüringen	530	548.629797869465	-0.626344331425016	nein
2023-06-25	Thüringen	536	544.864018057797	-0.298153811081431	nein
2023-07-02	Thüringen	538	541.783791864561	-0.127439292275984	nein
2023-07-09	Thüringen	507	539.423536305358	-1.10443199578428	nein
2023-07-16	Thüringen	554	537.809354246226	0.544003868083034	nein
2023-07-23	Thüringen	507	536.959161475762	-1.02211838876115	nein
2023-07-30	Thüringen	504	536.882787673714	-1.12303816862264	nein
2023-08-06	Thüringen	539	537.58203426613	0.047873327548482	nein
2023-08-13	Thüringen	506	539.050679765926	-1.12656083865239	nein
2023-08-20	Thüringen	519	541.274431068101	-0.755053484696268	nein
2023-08-27	Thüringen	565	544.230827086648	0.692887271703145	nein
2023-09-03	Thüringen	501	547.889108875603	-1.59214313714409	nein
2023-09-10	Thüringen	505	552.210077740634	-1.59672494695404	nein
2023-09-17	Thüringen	520	557.145969553068	-1.24659963670148	nein
2023-09-24	Thüringen	578	562.640379206421	0.50483819252063	nein
2023-10-01	Thüringen	519	568.628273533894	-1.65451949049231	nein
2023-10-08	Thüringen	562	575.036133617715	-0.427335645731088	nein
2023-10-15	Thüringen	595	581.782267833326	0.42750183385205	nein
2023-10-22	Thüringen	587	588.777334771182	-0.0573826440017318	nein
2023-10-29	Thüringen	615	595.925110030159	0.608578490666089	nein
2023-11-05	Thüringen	631	603.123522582122	0.881973044644031	nein
2023-11-12	Thüringen	648	610.265974973334	1.18379250708824	nein
2023-11-19	Thüringen	695	617.24294732341	2.40121918261129	nein
2023-11-26	Thüringen	679	623.94386847647	1.70082436260133	nein
2023-12-03	Thüringen	666	630.259219635552	1.10400632119071	nein
2023-12-10	Thüringen	687	636.082817541512	1.55968944084853	nein
2023-12-17	Thüringen	674	641.314207132019	1.00171047015292	nein
2023-12-24	Thüringen	654	645.861079133917	0.250099666733752	nein
2023-12-31	Thüringen	689	649.641617666227	1.19651859665153	nein
2024-01-07	Thüringen	650	652.586677924403	-0.0792894861944457	nein
2024-01-14	Thüringen	634	654.641695278743	-0.634683383693045	nein
2024-01-21	Thüringen	667	655.768235049632	0.342256481971329	nein
2024-01-28	Thüringen	693	655.945106626334	1.12183033639999	nein
2024-02-04	Thüringen	688	655.168985665191	0.995602275429079	nein
2024-02-11	Thüringen	721	653.454512462464	2.03393092813918	nein
2024-02-18	Thüringen	684	650.83386142931	1.00909000456227	nein
2024-02-25	Thüringen	627	647.355803824711	-0.629568484228488	nein
2024-03-03	Thüringen	589	643.084311407253	-1.69385605783432	nein
2024-03-10	Thüringen	570	638.096770511575	-2.14989671713161	nein
2024-03-17	Thüringen	572	632.481892683174	-1.91428034250256	nein
2024-03-24	Thüringen	524	626.337418387621	-3.29602480761666	nein
2024-03-31	Thüringen	566	619.767714024594	-1.71670788062208	nein
2024-04-07	Thüringen	546	612.881359710354	-2.15618000971595	nein
2024-04-14	Thüringen	572	605.788816772336	-1.08543885841689	nein
2024-04-21	Thüringen	560	598.600250773147	-1.24941162359092	nein
2024-04-28	Thüringen	533	591.423569556961	-1.91422191698337	nein
2024-05-05	Thüringen	556	584.362717793194	-0.926712092710118	nein
2024-05-12	Thüringen	557	577.516251226036	-0.672835980407486	nein
2024-05-19	Thüringen	574	570.97619658666	0.0990547190963337	nein
2024-05-26	Thüringen	542	564.827187883127	-0.757705410116508	nein
2024-06-02	Thüringen	541	559.145857237612	-0.604576574784921	nein
2024-06-09	Thüringen	550	554.000448968277	-0.133339460263225	nein
2024-06-16	Thüringen	540	549.450619311107	-0.31684771919479	nein
2024-06-23	Thüringen	531	545.54738091589	-0.49027489353359	nein
2024-06-30	Thüringen	550	542.333150738118	0.257399380756077	nein
2024-07-07	Thüringen	534	539.84186179379	-0.197408124149381	nein
2024-07-14	Thüringen	540	538.099103015614	0.0641875589391089	nein
2024-07-21	Thüringen	532	537.122256720137	-0.173505519351929	nein
2024-07-28	Thüringen	504	536.920609575488	-1.12528908997472	nein
2024-08-04	Thüringen	556	537.495420109829	0.622093914409066	nein
2024-08-11	Thüringen	523	538.839933436437	-0.537541166531456	nein
2024-08-18	Thüringen	525	540.939341751848	-0.539882001133153	nein
2024-08-25	Thüringen	543	543.770697074919	-0.0259138309415315	nein
2024-09-01	Thüringen	528	547.302790427587	-0.650651231543384	nein
2024-09-08	Thüringen	555	551.496018985111	0.116838683577723	nein
2024-09-15	Thüringen	533	556.302269379146	-0.779958186338641	nein
2024-09-22	Thüringen	540	561.664851005219	-0.721254723422995	nein
2024-09-29	Thüringen	593	567.518517497601	0.832265126196498	nein
2024-10-06	Thüringen	575	573.789617077514	0.0395913610436224	nein
2024-10-13	Thüringen	593	580.396412825843	0.408559519496504	nein
2024-10-20	Thüringen	579	587.249611672784	-0.267423657323163	nein
2024-10-27	Thüringen	576	594.253135704769	-0.589827109924427	nein
2024-11-03	Thüringen	558	601.30516107258	-1.40099572845509	nein
2024-11-10	Thüringen	631	608.299438356614	0.716748958077887	nein
2024-11-17	Thüringen	620	615.126893978655	0.153733782403278	nein
2024-11-24	Thüringen	645	621.677495717341	0.72827222681492	nein
2024-12-01	Thüringen	665	627.842347470494	1.15046256000718	nein
2024-12-08	Thüringen	618	633.515960279704	-0.484841121939841	nein
2024-12-15	Thüringen	663	638.598629674714	0.751540431895356	nein
2024-12-22	Thüringen	637	642.998835096021	-0.185564037135065	nein
2024-12-29	Thüringen	576	646.6355669635	-2.21699830051931	nein
2025-01-05	Thüringen	671	649.44048212462	0.658889789717932	nein
2025-01-12	Thüringen	698	651.35978982194	1.41450621890781	nein
2025-01-19	Thüringen	645	652.355778350211	-0.225949487642488	nein
2025-01-26	Thüringen	689	652.407907023925	1.11161912872884	nein
2025-02-02	Thüringen	684	651.513408130358	0.988583413718093	nein
2025-02-09	Thüringen	723	649.687367824757	2.21209105610603	nein
2025-02-16	Thüringen	749	646.962281620459	3.06445532428395	nein
2025-02-23	Thüringen	724	643.387107170534	2.43979398440181	nein
2025-03-02	Thüringen	664	639.025862324766	0.768837296191279	nein
2025-03-09	Thüringen	672	633.955838056657	1.17199010994844	nein
2025-03-16	Thüringen	655	628.265512252287	0.829678799859349	nein
2025-03-23	Thüringen	664	622.052260524902	1.30315947437381	nein
2025-03-30	Thüringen	649	615.419963759331	1.05102829276093	nein
2025-04-06	Thüringen	657	608.476609195823	1.5213593339091	nein
2025-04-13	Thüringen	634	601.33197326812	1.03453233766623	nein
2025-04-20	Thüringen	596	594.095461262815	0.0611903968275307	nein
2025-04-27	Thüringen	599	586.874162571005	0.390861712919738	nein
2025-05-04	Thüringen	566	579.771162355634	-0.449942674750253	nein
2025-05-11	Thüringen	592	572.88413229418	0.622392246437993	nein
2025-05-18	Thüringen	551	566.304205927914	-0.506242343953113	nein
2025-05-25	Thüringen	521	560.115129039914	-1.31067426181811	nein
2025-06-01	Thüringen	590	554.392663070608	1.17270660747425	nein
2025-06-08	Thüringen	559	549.204210229751	0.326582314702032	nein
2025-06-15	Thüringen	510	544.608622768043	-1.17476613534468	nein
2025-06-22	Thüringen	534	540.656155696436	-0.224777808418445	nein
2025-06-29	Thüringen	563	537.388521791655	0.858987620019631	nein
2025-07-06	Thüringen	530	534.839009611105	-0.164202808962073	nein
2025-07-13	Thüringen	541	533.03262902799	0.269729390803783	nein
2025-07-20	Thüringen	543	531.986254063103	0.372862143109752	nein
2025-07-27	Thüringen	513	531.708739144575	-0.639469171031856	nein
2025-08-03	Thüringen	548	532.200992034381	0.533919100389901	nein
2025-08-10	Thüringen	493	533.455994237849	-1.39015208610021	nein
2025-08-17	Thüringen	604	535.458767521506	2.27339807812473	nein
2025-08-24	Thüringen	509	538.186292993859	-0.994560062624812	nein
2025-08-31	Thüringen	524	541.607396846558	-0.59580626787999	nein
2025-09-07	Thüringen	536	545.682624085599	-0.325564905430606	nein
2025-09-14	Thüringen	511	550.364128142256	-1.33001974085769	nein
2025-09-21	Thüringen	536	555.595609830145	-0.654740927036407	nein
2025-09-28	Thüringen	523	561.312343344739	-1.28067344088545	nein
2025-10-05	Thüringen	530	567.441329479669	-1.24406850698394	nein
2025-10-12	Thüringen	561	573.901616538406	-0.423003236044814	nein
2025-10-19	Thüringen	554	580.604827151822	-0.870529348113939	nein
2025-10-26	Thüringen	643	587.455924049089	1.7653333310165	nein
2025-11-02	Thüringen	550	594.354239586188	-1.44101171710027	nein
2025-11-09	Thüringen	576	601.194782528859	-0.809070244566991	nein
2025-11-16	Thüringen	612	607.869821487913	0.130790308301841	nein
2025-11-23	Thüringen	597	614.270728083081	-0.547128528154875	nein
2025-11-30	Thüringen	634	620.290045241679	0.428504669601302	nein
2025-12-07	Thüringen	635	625.823728174515	0.285820586422344	nein
2025-12-14	Thüringen	598	630.773488879269	-1.02810613006545	nein
2025-12-21	Thüringen	606	635.049160968862	-0.907050024222666	nein
2025-12-28	Thüringen	640	638.570991636555	0.0441291465526512	nein
2026-01-04	Thüringen	696	641.271762877527	1.66373257828419	nein
2026-01-11	Thüringen	784	643.09864555476	4.19151224308274	nein
2026-01-18	Thüringen	678	644.014697897734	1.03602964658525	nein
2026-01-25	Thüringen	692	643.999934347102	1.45807572308198	nein
2026-02-01	Thüringen	732	643.051910495694	2.67714284472335	nein
2026-02-08	Thüringen	654	641.185793863313	0.3934991268499	nein
2026-02-15	Thüringen	684	638.433916588124	1.39062467311699	nein
2026-02-22	Thüringen	677	634.844832781394	1.29114891498803	nein
2026-03-01	Thüringen	646	630.481928199952	0.480159716425979	nein
2026-03-08	Thüringen	623	625.421651152446	-0.0755885556199785	nein
2026-03-15	Thüringen	612	619.751449659092	-0.243409122267613	nein
2026-03-22	Thüringen	628	613.567509839526	0.452772204329242	nein
2026-03-29	Thüringen	588	606.972393914448	-0.603933833951139	nein
2026-04-05	Thüringen	569	600.072673275221	-0.998308628247708	nein
2026-04-12	Thüringen	610	592.976643530969	0.542801245737715	nein
2026-04-19	Thüringen	591	585.792195420851	0.167615278186778	nein
2026-04-26	Thüringen	530	578.624899368109	-1.59994988511089	nein
2026-05-03	Thüringen	567	571.576343729008	-0.149529647129984	nein
2026-05-10	Thüringen	599	564.742748869203	1.11348572801898	nein
2026-05-17	Thüringen	557	558.213862314628	-0.0400929261927097	nein
2026-05-24	Thüringen	542	552.072125341696	-0.335409260833879	nein
2026-05-31	Thüringen	546	546.392089155969	-0.0130852931569982	nein
2026-06-07	Thüringen	560	541.24004961924	0.625357937941367	nein
2026-06-14	Thüringen	519	536.673863408464	-0.598307316105918	nein
2026-06-21	Thüringen	556	532.742905391517	0.780154202854915	nein
2026-06-28	Thüringen	678	529.488126591636	4.82249439575816	nein
2026-07-05	Thüringen	584	526.942173996656	1.90449866779793	nein
2026-07-12	Thüringen	525	525.129537224865	-0.00440669880558496	nein
2026-07-19	Thüringen	552	524.066692266461	0.942776965947618	nein
2026-07-26	Thüringen	523	523.762218794888	-0.0259601393012646	nein
2026-08-02	Thüringen	537	524.216874553909	0.433246811303441	nein
2026-08-09	Thüringen	594	525.423617795799	2.28243104535943	nein
2026-08-16	Thüringen	510	527.367576439049	-0.592241602926939	ja
2026-08-23	Thüringen	510	530.025970322661	-0.681563794954364	ja
2026-08-30	Thüringen	476	533.368000455613	-1.9698148499435	ja
2026-09-06	Thüringen	534	537.354726274225	-0.112721098763436	ja
2026-09-13	Thüringen	538	541.938958370225	-0.131768466149177	ja
2026-09-20	Thüringen	542	547.065199632755	-0.168643036958342	ja
2026-09-27	Thüringen	545	552.669671901356	-0.254157614728434	ja
2016-10-09	0-14 Jahre	71	73.4835292683625	-0.283098724478612	nein
2016-10-16	0-14 Jahre	77	73.4026162707917	0.40479212093053	nein
2016-10-23	0-14 Jahre	60	73.3217967694391	-1.56221992010122	nein
2016-10-30	0-14 Jahre	67	73.241075049418	-0.719503460690133	nein
2016-11-06	0-14 Jahre	65	73.1604553766182	-0.945967745131881	nein
2016-11-13	0-14 Jahre	79	73.079941997765	0.664818167612733	nein
2016-11-20	0-14 Jahre	89	72.9995391404818	1.76117097580937	nein
2016-11-27	0-14 Jahre	70	72.9192510133542	-0.334928318705957	nein
2016-12-04	0-14 Jahre	68	72.8390818059977	-0.558162888606558	nein
2016-12-11	0-14 Jahre	73	72.7590356891266	0.027485973706141	nein
2016-12-18	0-14 Jahre	84	72.6791168146263	1.26158357070107	nein
2016-12-25	0-14 Jahre	77	72.5993293156271	0.498051516986081	nein
2017-01-01	0-14 Jahre	64	72.5196773065815	-0.994685576565014	nein
2017-01-08	0-14 Jahre	78	72.4401648833418	0.628565238632046	nein
2017-01-15	0-14 Jahre	92	72.360796123243	2.15864167541852	nein
2017-01-22	0-14 Jahre	66	72.2815750851849	-0.730974054026553	nein
2017-01-29	0-14 Jahre	79	72.202505809719	0.768083661161122	nein
2017-02-05	0-14 Jahre	64	72.1235923191357	-0.951094697594306	nein
2017-02-12	0-14 Jahre	67	72.0448386175552	-0.586587897470443	nein
2017-02-19	0-14 Jahre	66	71.9662486910195	-0.695804557376382	nein
2017-02-26	0-14 Jahre	87	71.887826507588	1.68290205722	nein
2017-03-05	0-14 Jahre	77	71.8095760174333	0.590636932990337	nein
2017-03-12	0-14 Jahre	77	71.7315011529413	0.599835959637266	nein
2017-03-19	0-14 Jahre	80	71.6536058288118	0.944570284182107	nein
2017-03-26	0-14 Jahre	75	71.5758939421621	0.391994933942352	nein
2017-04-02	0-14 Jahre	74	71.4983693726326	0.287185744121935	nein
2017-04-09	0-14 Jahre	65	71.421035982494	-0.753489365691075	nein
2017-04-16	0-14 Jahre	66	71.3438976167577	-0.625856899314845	nein
2017-04-23	0-14 Jahre	76	71.2669581032863	0.541732881742614	nein
2017-04-30	0-14 Jahre	76	71.1902212529089	0.550791419919636	nein
2017-05-07	0-14 Jahre	66	71.1136908595359	-0.599807934928429	nein
2017-05-14	0-14 Jahre	54	71.0373707002769	-2.06405637088745	nein
2017-05-21	0-14 Jahre	78	70.9612645355609	0.80366705153734	nein
2017-05-28	0-14 Jahre	71	70.8853761092581	0.0133034720743102	nein
2017-06-04	0-14 Jahre	72	70.8097091488029	0.137891875950949	nein
2017-06-11	0-14 Jahre	77	70.7342673653211	0.718021439655755	nein
2017-06-18	0-14 Jahre	66	70.6590544537559	-0.548093325628485	nein
2017-06-25	0-14 Jahre	61	70.5840740929988	-1.14247880358945	nein
2017-07-02	0-14 Jahre	62	70.5093299460203	-1.01220567811996	nein
2017-07-09	0-14 Jahre	70	70.4348256600037	-0.0507309616360208	nein
2017-07-16	0-14 Jahre	75	70.3605648664802	0.53529113289657	nein
2017-07-23	0-14 Jahre	60	70.2865511814659	-1.23178717096156	nein
2017-07-30	0-14 Jahre	71	70.2127882056011	0.0917533045797095	nein
2017-08-06	0-14 Jahre	57	70.139279524291	-1.58768606939674	nein
2017-08-13	0-14 Jahre	66	70.0660287078479	-0.480113218483479	nein
2017-08-20	0-14 Jahre	82	69.9930393116364	1.36732687813583	nein
2017-08-27	0-14 Jahre	64	69.9203148762187	-0.703215455134174	nein
2017-09-03	0-14 Jahre	60	69.8478589275036	-1.1824805311143	nein
2017-09-10	0-14 Jahre	55	69.7756749768957	-1.79949195348831	nein
2017-09-17	0-14 Jahre	55	69.7037665214468	-1.79152780520978	nein
2017-09-24	0-14 Jahre	78	69.6321370440097	0.96325492897007	nein
2017-10-01	0-14 Jahre	64	69.5607900133929	-0.66195170673398	nein
2017-10-08	0-14 Jahre	64	69.489728884517	-0.653770352838439	nein
2017-10-15	0-14 Jahre	64	69.4189570985739	-0.645614064792465	nein
2017-10-22	0-14 Jahre	70	69.3484780831864	0.0765147581853593	nein
2017-10-29	0-14 Jahre	76	69.2782952525702	0.77881784305418	nein
2017-11-05	0-14 Jahre	45	69.2084120076971	-3.04972353324727	nein
2017-11-12	0-14 Jahre	67	69.1388317364609	-0.25332862316753	nein
2017-11-19	0-14 Jahre	59	69.0695578138431	-1.21802391857122	nein
2017-11-26	0-14 Jahre	65	69.0005936020826	-0.476590506781124	nein
2017-12-03	0-14 Jahre	53	68.9319424508448	-1.96144047218176	nein
2017-12-10	0-14 Jahre	71	68.8636076973939	0.251002004421698	nein
2017-12-17	0-14 Jahre	69	68.795592666766	0.024140023331641	nein
2017-12-24	0-14 Jahre	61	68.7279006719439	-0.931634821110194	nein
2017-12-31	0-14 Jahre	80	68.6605350140342	1.30684103902852	nein
2018-01-07	0-14 Jahre	79	68.5934989824447	1.20238267800117	nein
2018-01-14	0-14 Jahre	60	68.5267958550648	-1.03186066955323	nein
2018-01-21	0-14 Jahre	64	68.4604288984461	-0.534357896301242	nein
2018-01-28	0-14 Jahre	78	68.3944013679862	1.11350334783211	nein
2018-02-04	0-14 Jahre	75	68.3287165081117	0.778858911383437	nein
2018-02-11	0-14 Jahre	81	68.2633775524657	1.46785025339314	nein
2018-02-18	0-14 Jahre	73	68.1983877240943	0.563564069562094	nein
2018-02-25	0-14 Jahre	62	68.1337502356361	-0.739969619767235	nein
2018-03-04	0-14 Jahre	77	68.0694682895123	1.03936922698196	nein
2018-03-11	0-14 Jahre	81	68.0055450781197	1.49961616775614	nein
2018-03-18	0-14 Jahre	71	67.941983784023	0.36110682241716	nein
2018-03-25	0-14 Jahre	56	67.8787875801515	-1.45861570608606	nein
2018-04-01	0-14 Jahre	84	67.8159596299943	1.8576515266451	nein
2018-04-08	0-14 Jahre	74	67.7535030877996	0.733186491191159	nein
2018-04-15	0-14 Jahre	71	67.6914210987737	0.391212602788803	nein
2018-04-22	0-14 Jahre	76	67.6297167992821	0.978617113623247	nein
2018-04-29	0-14 Jahre	65	67.5683933170526	-0.308398594229482	nein
2018-05-06	0-14 Jahre	57	67.5074537713793	-1.28920069856505	nein
2018-05-13	0-14 Jahre	55	67.4469012733281	-1.53630009181311	nein
2018-05-20	0-14 Jahre	60	67.3867389259436	-0.899472121558111	nein
2018-05-27	0-14 Jahre	62	67.3269698244583	-0.645421074199657	nein
2018-06-03	0-14 Jahre	62	67.267597056502	-0.638424700906406	nein
2018-06-10	0-14 Jahre	82	67.2086237023141	1.71028837757018	nein
2018-06-17	0-14 Jahre	67	67.1500528349556	-0.017966178841599	nein
2018-06-24	0-14 Jahre	80	67.0918875205247	1.49987807155493	nein
2018-07-01	0-14 Jahre	75	67.0341308183718	0.936288280129932	nein
2018-07-08	0-14 Jahre	62	66.9767857813178	-0.60408270784825	nein
2018-07-15	0-14 Jahre	71	66.9198554558724	0.484352163979988	nein
2018-07-22	0-14 Jahre	75	66.8633428824549	0.957173162382932	nein
2018-07-29	0-14 Jahre	77	66.8072510956154	1.19394080437315	nein
2018-08-05	0-14 Jahre	66	66.751583124259	-0.0903958081838035	nein
2018-08-12	0-14 Jahre	79	66.6963419918701	1.43556957948692	nein
2018-08-19	0-14 Jahre	73	66.6415307167387	0.75228522066413	nein
2018-08-26	0-14 Jahre	68	66.5871523121883	0.169221963848384	nein
2018-09-02	0-14 Jahre	50	66.5332097868049	-2.08101522902477	nein
2018-09-09	0-14 Jahre	57	66.4797061446681	-1.16929672617426	nein
2018-09-16	0-14 Jahre	65	66.4266443855831	-0.172299956737393	nein
2018-09-23	0-14 Jahre	81	66.3740275053141	1.70170159312677	nein
2018-09-30	0-14 Jahre	57	66.32185849582	-1.15073260336955	nein
2018-10-07	0-14 Jahre	82	66.2701403454909	1.82707958037481	nein
2018-10-14	0-14 Jahre	79	66.218876039386	1.49468618997611	nein
2018-10-21	0-14 Jahre	68	66.1680685594737	0.219864578888294	nein
2018-10-28	0-14 Jahre	56	66.1177208848725	-1.25376982807276	nein
2018-11-04	0-14 Jahre	54	66.0678359920936	-1.50442104206129	nein
2018-11-11	0-14 Jahre	69	66.0184168552856	0.357220498656599	nein
2018-11-18	0-14 Jahre	67	65.9694664464797	0.124107905113633	nein
2018-11-25	0-14 Jahre	84	65.9209877358376	2.09438884968767	nein
2018-12-02	0-14 Jahre	64	65.8729836918993	-0.227394907896522	nein
2018-12-09	0-14 Jahre	63	65.8254572818348	-0.344003118130958	nein
2018-12-16	0-14 Jahre	61	65.7784114716948	-0.584993773712335	nein
2018-12-23	0-14 Jahre	80	65.7318492266649	1.66868239865468	nein
2018-12-30	0-14 Jahre	69	65.6857735113203	0.39769744004095	nein
2019-01-06	0-14 Jahre	68	65.6401872898827	0.283929075032404	nein
2019-01-13	0-14 Jahre	82	65.5950935264781	1.91143364403524	nein
2019-01-20	0-14 Jahre	80	65.5504951853971	1.69129148234418	nein
2019-01-27	0-14 Jahre	64	65.506395231356	-0.183205747145462	nein
2019-02-03	0-14 Jahre	81	65.4627966297597	1.81535024529087	nein
2019-02-10	0-14 Jahre	69	65.4197023469665	0.430157242324768	nein
2019-02-17	0-14 Jahre	88	65.3771153505548	2.60542413921021	nein
2019-02-24	0-14 Jahre	83	65.3350386095902	2.0562398853112	nein
2019-03-03	0-14 Jahre	86	65.2934750948957	2.39549590534159	nein
2019-03-10	0-14 Jahre	77	65.2524277793227	1.38614000985027	nein
2019-03-17	0-14 Jahre	77	65.2118996380244	1.39117699674309	nein
2019-03-24	0-14 Jahre	59	65.1718936487298	-0.761883598522131	nein
2019-03-31	0-14 Jahre	74	65.1324127920203	1.05413002510332	nein
2019-04-07	0-14 Jahre	70	65.0934600516082	0.588945748265634	nein
2019-04-14	0-14 Jahre	69	65.055038414616	0.474766027674277	nein
2019-04-21	0-14 Jahre	73	65.0171508718582	0.95168211571829	nein
2019-04-28	0-14 Jahre	66	64.9798004181246	0.123743651697275	nein
2019-05-05	0-14 Jahre	61	64.9429900524657	-0.484621479843773	nein
2019-05-12	0-14 Jahre	55	64.9067227784793	-1.2383346659746	nein
2019-05-19	0-14 Jahre	51	64.8710016045995	-1.75487879769585	nein
2019-05-26	0-14 Jahre	75	64.835829544387	1.2070767552323	nein
2019-06-02	0-14 Jahre	64	64.8012096168223	-0.0977620637776841	nein
2019-06-09	0-14 Jahre	88	64.767144846599	2.68288881875694	nein
2019-06-16	0-14 Jahre	55	64.7336382644207	-1.21769717161187	nein
2019-06-23	0-14 Jahre	70	64.7006929072992	0.637232652154296	nein
2019-06-30	0-14 Jahre	66	64.668311818854	0.161757236014716	nein
2019-07-07	0-14 Jahre	61	64.636498049615	-0.447591023555867	nein
2019-07-14	0-14 Jahre	56	64.6052546573256	-1.07409653648793	nein
2019-07-21	0-14 Jahre	59	64.5745847072499	-0.69008098896364	nein
2019-07-28	0-14 Jahre	76	64.5444912724792	1.3590938648333	nein
2019-08-04	0-14 Jahre	60	64.5149774342438	-0.557540074605216	nein
2019-08-11	0-14 Jahre	60	64.486046282223	-0.554043075688471	nein
2019-08-18	0-14 Jahre	72	64.4577009148609	0.903594101730591	nein
2019-08-25	0-14 Jahre	68	64.4299444396819	0.431948722224202	nein
2019-09-01	0-14 Jahre	65	64.4027799736094	0.0728184254951366	nein
2019-09-08	0-14 Jahre	61	64.3762106432861	-0.416063591962649	nein
2019-09-15	0-14 Jahre	67	64.3502395853966	0.321522972006466	nein
2019-09-22	0-14 Jahre	74	64.3248699469925	1.1543582170459	nein
2019-09-29	0-14 Jahre	62	64.3001048858198	-0.282795944549427	nein
2019-10-06	0-14 Jahre	70	64.2759475706476	0.689659842164407	nein
2019-10-13	0-14 Jahre	59	64.2524011816005	-0.651197222541617	nein
2019-10-20	0-14 Jahre	59	64.229468910492	-0.648426402231302	nein
2019-10-27	0-14 Jahre	63	64.2071539611608	-0.148092585478332	nein
2019-11-03	0-14 Jahre	68	64.1854595498103	0.462062373450893	nein
2019-11-10	0-14 Jahre	54	64.1643889053485	-1.2788060614319	nein
2019-11-17	0-14 Jahre	72	64.1439452697323	0.942568706196947	nein
2019-11-24	0-14 Jahre	59	64.1241318983132	-0.635695406368097	nein
2019-12-01	0-14 Jahre	68	64.1049520601855	0.471999423997582	nein
2019-12-08	0-14 Jahre	79	64.0864090385379	1.76113731544618	nein
2019-12-15	0-14 Jahre	74	64.0685061310061	1.18639219905724	nein
2019-12-22	0-14 Jahre	62	64.0512466500298	-0.252507516279412	nein
2019-12-29	0-14 Jahre	61	64.0346339232106	-0.37459632545834	nein
2020-01-05	0-14 Jahre	71	64.0186712936738	0.840154076180579	nein
2020-01-12	0-14 Jahre	56	64.0033621204324	-1.00192366765303	nein
2020-01-19	0-14 Jahre	61	63.9887097787537	-0.369016197162294	nein
2020-01-26	0-14 Jahre	54	63.9747176605291	-1.25617907601783	nein
2020-02-02	0-14 Jahre	79	63.961389174646	1.77701724676394	nein
2020-02-09	0-14 Jahre	78	63.9487277473629	1.66419144222885	nein
2020-02-16	0-14 Jahre	63	63.9367349149838	-0.115076450363116	nein
2020-02-23	0-14 Jahre	74	63.9254046038277	1.20437982617116	nein
2020-03-01	0-14 Jahre	65	63.9147288579202	0.132647626938599	nein
2020-03-08	0-14 Jahre	79	63.9046997466312	1.78426969505753	nein
2020-03-15	0-14 Jahre	58	63.8953093638851	-0.734300454311019	nein
2020-03-22	0-14 Jahre	69	63.8865498273807	0.618826416122677	nein
2020-03-29	0-14 Jahre	75	63.8784132778216	1.32681078720902	nein
2020-04-05	0-14 Jahre	73	63.8708918781583	1.0942776419191	nein
2020-04-12	0-14 Jahre	62	63.8639778128399	-0.229695384147522	nein
2020-04-19	0-14 Jahre	71	63.8576632870765	0.860310888697298	nein
2020-04-26	0-14 Jahre	67	63.8519405261121	0.382968256205656	nein
2020-05-03	0-14 Jahre	64	63.8468017745076	0.0187814595566956	nein
2020-05-10	0-14 Jahre	52	63.8422392954339	-1.50152177503839	nein
2020-05-17	0-14 Jahre	62	63.8382453699758	-0.226568180799949	nein
2020-05-24	0-14 Jahre	71	63.8348122964445	0.863217677377205	nein
2020-05-31	0-14 Jahre	63	63.8319323897024	-0.102272377334272	nein
2020-06-07	0-14 Jahre	66	63.8295979804948	0.264755698596881	nein
2020-06-14	0-14 Jahre	59	63.8278014147945	-0.599969880926782	nein
2020-06-21	0-14 Jahre	67	63.8265350531543	0.386151754282964	nein
2020-06-28	0-14 Jahre	67	63.8257912700693	0.386249846277028	nein
2020-07-05	0-14 Jahre	60	63.8255624533499	-0.474141776250667	nein
2020-07-12	0-14 Jahre	70	63.8258410035037	0.745748188913654	nein
2020-07-19	0-14 Jahre	52	63.8266193331267	-1.49989250110009	nein
2020-07-26	0-14 Jahre	61	63.827889866305	-0.349553408605549	nein
2020-08-02	0-14 Jahre	67	63.8296450380249	0.385805842118914	nein
2020-08-09	0-14 Jahre	48	63.8318772935932	-2.03302408621593	nein
2020-08-16	0-14 Jahre	75	63.8345790880662	1.33271893155121	nein
2020-08-23	0-14 Jahre	60	63.8377428856889	-0.475679376809609	nein
2020-08-30	0-14 Jahre	68	63.8413611593423	0.50481068737601	nein
2020-09-06	0-14 Jahre	58	63.8454263900016	-0.728539884514255	nein
2020-09-13	0-14 Jahre	65	63.8499310662015	0.140669831902456	nein
2020-09-20	0-14 Jahre	72	63.8548676835128	0.979101045867942	nein
2020-09-27	0-14 Jahre	69	63.8602287440264	0.622349842422827	nein
2020-10-04	0-14 Jahre	59	63.8660067558476	-0.604767956691145	nein
2020-10-11	0-14 Jahre	57	63.8721942325991	-0.858884965268745	nein
2020-10-18	0-14 Jahre	45	63.8787836929325	-2.4480246873979	nein
2020-10-25	0-14 Jahre	67	63.88576766005	0.378952065723067	nein
2020-11-01	0-14 Jahre	60	63.8931386612337	-0.482497687983883	nein
2020-11-08	0-14 Jahre	59	63.900889227385	-0.609050698388084	nein
2020-11-15	0-14 Jahre	58	63.9090118925726	-0.736360064903117	nein
2020-11-22	0-14 Jahre	55	63.9174991935888	-1.12077795022195	nein
2020-11-29	0-14 Jahre	52	63.9263436695158	-1.51227437559947	nein
2020-12-06	0-14 Jahre	64	63.9355378613002	0.00790340977106096	nein
2020-12-13	0-14 Jahre	54	63.9450743113363	-1.25347330440848	nein
2020-12-20	0-14 Jahre	55	63.9549455630588	-1.12534640624172	nein
2020-12-27	0-14 Jahre	67	63.9651441605435	0.369205507927474	nein
2021-01-03	0-14 Jahre	58	63.9756626481179	-0.744503154621223	nein
2021-01-10	0-14 Jahre	60	63.9864935699797	-0.493919545330982	nein
2021-01-17	0-14 Jahre	57	63.9976294698249	-0.874215187260972	nein
2021-01-24	0-14 Jahre	56	64.0090628904832	-1.00338441716725	nein
2021-01-31	0-14 Jahre	70	64.0207863735645	0.721869449839103	nein
2021-02-07	0-14 Jahre	54	64.0327924591123	-1.26412249585421	nein
2021-02-14	0-14 Jahre	44	64.0450736852664	-2.60648761200268	nein
2021-02-21	0-14 Jahre	57	64.0576225879348	-0.881506794899211	nein
2021-02-28	0-14 Jahre	60	64.0704317004741	-0.504158150637775	nein
2021-03-07	0-14 Jahre	82	64.0834935533779	2.10367867791255	nein
2021-03-14	0-14 Jahre	52	64.0968006739759	-1.53289629913521	nein
2021-03-21	0-14 Jahre	62	64.1103455861392	-0.259937376550241	nein
2021-03-28	0-14 Jahre	54	64.1241208099969	-1.27515204910172	nein
2021-04-04	0-14 Jahre	70	64.1381188616594	0.707378918261027	nein
2021-04-11	0-14 Jahre	52	64.1523322529522	-1.53956559437689	nein
2021-04-18	0-14 Jahre	58	64.1667534911568	-0.767723612924355	nein
2021-04-25	0-14 Jahre	61	64.1813750787617	-0.392791581053795	nein
2021-05-02	0-14 Jahre	61	64.1961895132218	-0.39459501154021	nein
2021-05-09	0-14 Jahre	68	64.2111892867261	0.45932845892577	nein
2021-05-16	0-14 Jahre	67	64.226366885975	0.337075852344624	nein
2021-05-23	0-14 Jahre	73	64.2417147919655	1.04885062815345	nein
2021-05-30	0-14 Jahre	65	64.2572254797864	0.0907163462982238	nein
2021-06-06	0-14 Jahre	77	64.2728914184213	1.50986353673778	nein
2021-06-13	0-14 Jahre	56	64.2887050705606	-1.03717013464142	nein
2021-06-20	0-14 Jahre	67	64.3046588924228	0.327444964048623	nein
2021-06-27	0-14 Jahre	77	64.3207453335844	1.50386176834106	nein
2021-07-04	0-14 Jahre	63	64.3369568368184	-0.164075698625428	nein
2021-07-11	0-14 Jahre	61	64.353285837942	-0.413689468951733	nein
2021-07-18	0-14 Jahre	65	64.3697247656736	0.0769361520085051	nein
2021-07-25	0-14 Jahre	64	64.3862660414977	-0.0472688270192841	nein
2021-08-01	0-14 Jahre	63	64.4029020795393	-0.172113853521523	nein
2021-08-08	0-14 Jahre	76	64.4196252864473	1.37602646085047	nein
2021-08-15	0-14 Jahre	64	64.436428061287	-0.0533941696292917	nein
2021-08-22	0-14 Jahre	67	64.4533027954407	0.309165828622187	nein
2021-08-29	0-14 Jahre	68	64.4702418725186	0.427401782311864	nein
2021-09-05	0-14 Jahre	71	64.4872376682772	0.782762198334436	nein
2021-09-12	0-14 Jahre	70	64.5042825505483	0.662069858682049	nein
2021-09-19	0-14 Jahre	58	64.5213688791754	-0.810484684516135	nein
2021-09-26	0-14 Jahre	70	64.5384890059607	0.657834269596764	nein
2021-10-03	0-14 Jahre	67	64.5556352746197	0.296588196457223	nein
2021-10-10	0-14 Jahre	72	64.5728000207464	0.89014132745577	nein
2021-10-17	0-14 Jahre	54	64.5899755717859	-1.33078955283484	nein
2021-10-24	0-14 Jahre	78	64.6071542470177	1.5826920092694	nein
2021-10-31	0-14 Jahre	63	64.6243283575471	-0.199051978527869	nein
2021-11-07	0-14 Jahre	71	64.6414902063059	0.763612185902162	nein
2021-11-14	0-14 Jahre	64	64.6586320880629	-0.0804860158228078	nein
2021-11-21	0-14 Jahre	86	64.6757462894426	2.47576726278852	nein
2021-11-28	0-14 Jahre	63	64.692825088954	-0.207368123606667	nein
2021-12-05	0-14 Jahre	68	64.7098607570277	0.397884886310385	nein
2021-12-12	0-14 Jahre	46	64.7268455560633	-2.4105279655127	nein
2021-12-19	0-14 Jahre	67	64.7437717404853	0.273482151707066	nein
2021-12-26	0-14 Jahre	67	64.760631556808	0.271412760816607	nein
2022-01-02	0-14 Jahre	68	64.7774172437107	0.389567611594846	nein
2022-01-09	0-14 Jahre	55	64.7941210321214	-1.22578452400587	nein
2022-01-16	0-14 Jahre	67	64.8107351453097	0.265264297845018	nein
2022-01-23	0-14 Jahre	55	64.8272517989899	-1.22969035768758	nein
2022-01-30	0-14 Jahre	63	64.8436632014327	-0.225650963035428	nein
2022-02-06	0-14 Jahre	56	64.8599615535858	-1.10525566068815	nein
2022-02-13	0-14 Jahre	78	64.8761390492056	1.54861064910738	nein
2022-02-20	0-14 Jahre	63	64.8921878749964	-0.231523239354491	nein
2022-02-27	0-14 Jahre	61	64.9081002107598	-0.480684046126266	nein
2022-03-06	0-14 Jahre	65	64.923868229554	0.00926531254397419	nein
2022-03-13	0-14 Jahre	63	64.9394840978615	-0.237242248349645	nein
2022-03-20	0-14 Jahre	53	64.9549399757671	-1.5035449838074	nein
2022-03-27	0-14 Jahre	57	64.9702280171447	-0.990776982113395	nein
2022-04-03	0-14 Jahre	66	64.985340369854	0.123124099049775	nein
2022-04-10	0-14 Jahre	65	65.0002691759463	-3.27435640127642e-05	nein
2022-04-17	0-14 Jahre	72	65.0150065718807	0.835040594476292	nein
2022-04-24	0-14 Jahre	49	65.029544688748	-2.03975993470884	nein
2022-05-01	0-14 Jahre	47	65.0438756525059	-2.31051570574303	nein
2022-05-08	0-14 Jahre	55	65.0579915842229	-1.25675330453693	nein
2022-05-15	0-14 Jahre	70	65.0718846003313	0.591772288659632	nein
2022-05-22	0-14 Jahre	59	65.0855468128908	-0.751736738508278	nein
2022-05-29	0-14 Jahre	60	65.0989703298608	-0.628092873523319	nein
2022-06-05	0-14 Jahre	69	65.1121472553817	0.467875315167531	nein
2022-06-12	0-14 Jahre	60	65.1250696900678	-0.631197577532006	nein
2022-06-19	0-14 Jahre	80	65.1377297313072	1.74314616710003	nein
2022-06-26	0-14 Jahre	92	65.1501194735729	3.07091098750082	nein
2022-07-03	0-14 Jahre	66	65.1622310087427	0.101542493096613	nein
2022-07-10	0-14 Jahre	73	65.174056426429	0.932396974709093	nein
2022-07-17	0-14 Jahre	57	65.185587814318	-1.01609795708342	nein
2022-07-24	0-14 Jahre	75	65.1968172585182	1.1623530709563	nein
2022-07-31	0-14 Jahre	71	65.2077368439186	0.693230005720191	nein
2022-08-07	0-14 Jahre	61	65.2183386545566	-0.517789990710005	nein
2022-08-14	0-14 Jahre	73	65.228614773995	0.925544478215356	nein
2022-08-21	0-14 Jahre	65	65.2385572857085	-0.0289726991980973	nein
2022-08-28	0-14 Jahre	64	65.2481582734805	-0.151968616161248	nein
2022-09-04	0-14 Jahre	64	65.2574098218084	-0.153084485604748	nein
2022-09-11	0-14 Jahre	69	65.2663040163182	0.448840529992925	nein
2022-09-18	0-14 Jahre	69	65.2748329441902	0.447786283726925	nein
2022-09-25	0-14 Jahre	63	65.2829886945917	-0.278614946198897	nein
2022-10-02	0-14 Jahre	65	65.2907633591215	-0.0352991503481582	nein
2022-10-09	0-14 Jahre	64	65.2981490322619	-0.157994490799403	nein
2022-10-16	0-14 Jahre	70	65.3051378118417	0.56283990344187	nein
2022-10-23	0-14 Jahre	58	65.3117217995067	-0.904224942082106	nein
2022-10-30	0-14 Jahre	67	65.3178931012014	0.203133629732187	nein
2022-11-06	0-14 Jahre	59	65.3236438276591	-0.77979441467435	nein
2022-11-13	0-14 Jahre	60	65.3289660949008	-0.65531484268675	nein
2022-11-20	0-14 Jahre	76	65.3338520247447	1.26045615580493	nein
2022-11-27	0-14 Jahre	70	65.3382937453237	0.558703478780101	nein
2022-12-04	0-14 Jahre	65	65.3422833916124	-0.041535235149358	nein
2022-12-11	0-14 Jahre	94	65.3458131059639	3.25967117333648	nein
2022-12-18	0-14 Jahre	80	65.3488750386553	1.71565761782786	nein
2022-12-25	0-14 Jahre	82	65.3514613484414	1.94101366751009	nein
2023-01-01	0-14 Jahre	83	65.3535642031194	2.05287827341067	nein
2023-01-08	0-14 Jahre	54	65.355175780101	-1.41974719620861	nein
2023-01-15	0-14 Jahre	61	65.3562882669938	-0.534096253203145	nein
2023-01-22	0-14 Jahre	78	65.3568938621923	1.48692038575331	nein
2023-01-29	0-14 Jahre	71	65.3569847754773	0.674511727140316	nein
2023-02-05	0-14 Jahre	70	65.3565532286236	0.556367070418328	nein
2023-02-12	0-14 Jahre	97	65.355591456018	3.57836169318573	nein
2023-02-19	0-14 Jahre	64	65.3540917052841	-0.164699144742372	nein
2023-02-26	0-14 Jahre	66	65.3520462379179	0.0784083113998365	nein
2023-03-05	0-14 Jahre	74	65.34944732993	1.0266596854375	nein
2023-03-12	0-14 Jahre	78	65.3462872724974	1.48810088301997	nein
2023-03-19	0-14 Jahre	73	65.3425583726245	0.910936567439065	nein
2023-03-26	0-14 Jahre	77	65.338252953811	1.37456105799931	nein
2023-04-02	0-14 Jahre	81	65.333363356729	1.83030653125519	nein
2023-04-09	0-14 Jahre	54	65.3278819399089	-1.41629351459374	nein
2023-04-16	0-14 Jahre	72	65.3218010804327	0.796378965110201	nein
2023-04-23	0-14 Jahre	76	65.3151131746357	1.26238808827997	nein
2023-04-30	0-14 Jahre	55	65.3078106388169	-1.2851247046429	nein
2023-05-07	0-14 Jahre	75	65.2998859099562	1.14874765640326	nein
2023-05-14	0-14 Jahre	64	65.2913314464413	-0.157098214881466	nein
2023-05-21	0-14 Jahre	60	65.2821397288007	-0.64948007883641	nein
2023-05-28	0-14 Jahre	65	65.2723032604458	-0.0330450815069043	nein
2023-06-04	0-14 Jahre	55	65.26181456842	-1.27967050561553	nein
2023-06-11	0-14 Jahre	65	65.2506662041555	-0.0304225770976628	nein
2023-06-18	0-14 Jahre	58	65.2388526861696	-0.895167969712306	nein
2023-06-25	0-14 Jahre	68	65.2263763236578	0.334132120982312	nein
2023-07-02	0-14 Jahre	66	65.2132413857378	0.0952617713175715	nein
2023-07-09	0-14 Jahre	58	65.1994521584224	-0.890480815813544	nein
2023-07-16	0-14 Jahre	59	65.1850129442072	-0.762955873553559	nein
2023-07-23	0-14 Jahre	55	65.1699280616614	-1.26883159996984	nein
2023-07-30	0-14 Jahre	54	65.1542018450202	-1.3958047741439	nein
2023-08-06	0-14 Jahre	50	65.1378386437785	-1.91739274589757	nein
2023-08-13	0-14 Jahre	65	65.1208428222874	-0.0146764362537	nein
2023-08-20	0-14 Jahre	53	65.103218759352	-1.51946523249708	nein
2023-08-27	0-14 Jahre	59	65.0849708478313	-0.751031130884042	nein
2023-09-03	0-14 Jahre	57	65.0661034942406	-1.00121175371266	nein
2023-09-10	0-14 Jahre	74	65.0466211183555	1.06417403384302	nein
2023-09-17	0-14 Jahre	58	65.026528152818	-0.86993199956322	nein
2023-09-24	0-14 Jahre	68	65.0058290427451	0.361134933452058	nein
2023-10-01	0-14 Jahre	61	64.9845282453394	-0.489401864677328	nein
2023-10-08	0-14 Jahre	59	64.9626302295017	-0.736445761381047	nein
2023-10-15	0-14 Jahre	73	64.940139475446	0.960793276946005	nein
2023-10-22	0-14 Jahre	72	64.9170604743167	0.846450385802396	nein
2023-10-29	0-14 Jahre	62	64.8933977278088	-0.354621784461577	nein
2023-11-05	0-14 Jahre	63	64.8691557477889	-0.228516449233735	nein
2023-11-12	0-14 Jahre	66	64.8443390559203	0.140217659921579	nein
2023-11-19	0-14 Jahre	59	64.8189521832889	-0.719300229686162	nein
2023-11-26	0-14 Jahre	65	64.7929996700328	0.0251872166325056	nein
2023-12-03	0-14 Jahre	74	64.7664860649738	1.09920308577377	nein
2023-12-10	0-14 Jahre	74	64.7394159252509	1.10259564868623	nein
2023-12-17	0-14 Jahre	59	64.7117938159574	-0.706497118608648	nein
2023-12-24	0-14 Jahre	75	64.6836243097794	1.22583927712144	nein
2023-12-31	0-14 Jahre	72	64.6549119866376	0.879091881621535	nein
2024-01-07	0-14 Jahre	62	64.6256614333316	-0.322308914094339	nein
2024-01-14	0-14 Jahre	77	64.5958772431859	1.46790801298687	nein
2024-01-21	0-14 Jahre	56	64.5655640156999	-1.06935562097338	nein
2024-01-28	0-14 Jahre	72	64.5347263561999	0.894091893637441	nein
2024-02-04	0-14 Jahre	81	64.5033688754931	1.93590830078354	nein
2024-02-11	0-14 Jahre	84	64.4714961895254	2.27732145308713	nein
2024-02-18	0-14 Jahre	63	64.4391129190412	-0.176381535984413	nein
2024-02-25	0-14 Jahre	72	64.4062236892462	0.910151919259545	nein
2024-03-03	0-14 Jahre	64	64.3728331294731	-0.0455936803675447	nein
2024-03-10	0-14 Jahre	76	64.338945872849	1.38514695035771	nein
2024-03-17	0-14 Jahre	54	64.3045665559678	-1.29593493726301	nein
2024-03-24	0-14 Jahre	83	64.2696998185624	2.19139797703389	nein
2024-03-31	0-14 Jahre	74	64.2343503031827	1.16608412389625	nein
2024-04-07	0-14 Jahre	58	64.1985226548739	-0.771149232193842	nein
2024-04-14	0-14 Jahre	62	64.16222152086	-0.266137394534916	nein
2024-04-21	0-14 Jahre	64	64.1254515502277	-0.0153634047851085	nein
2024-04-28	0-14 Jahre	80	64.088217393615	1.87576123945724	nein
2024-05-05	0-14 Jahre	69	64.0505237029027	0.598766169614781	nein
2024-05-12	0-14 Jahre	80	64.0123751309071	1.88549964600023	nein
2024-05-19	0-14 Jahre	80	63.9737763310775	1.89045783471839	nein
2024-05-26	0-14 Jahre	47	63.9347319571954	-2.1810269243935	nein
2024-06-02	0-14 Jahre	72	63.8952466630777	0.974216317452165	nein
2024-06-09	0-14 Jahre	62	63.8553251022818	-0.228766505839115	nein
2024-06-16	0-14 Jahre	66	63.814971927814	0.266686497015214	nein
2024-06-23	0-14 Jahre	76	63.7741917918414	1.45684287981835	nein
2024-06-30	0-14 Jahre	78	63.7329893454062	1.69273247601996	nein
2024-07-07	0-14 Jahre	66	63.6913692381432	0.281968745093244	nein
2024-07-14	0-14 Jahre	51	63.649336118	-1.61138348708464	nein
2024-07-21	0-14 Jahre	50	63.6068946309611	-1.73915529821661	nein
2024-07-28	0-14 Jahre	53	63.5640494207739	-1.33827857065723	nein
2024-08-04	0-14 Jahre	52	63.5208051286782	-1.46424005789877	nein
2024-08-11	0-14 Jahre	62	63.4771663931393	-0.182528241797512	nein
2024-08-18	0-14 Jahre	64	63.4331378495829	0.0696933332897268	nein
2024-08-25	0-14 Jahre	60	63.3887241301342	-0.4212102456034	nein
2024-09-01	0-14 Jahre	60	63.3439298633598	-0.415746201291119	nein
2024-09-08	0-14 Jahre	73	63.2987596740116	1.16717658504557	nein
2024-09-15	0-14 Jahre	66	63.2532181827758	0.336298512847245	nein
2024-09-22	0-14 Jahre	54	63.2073100060227	-1.16529794947252	nein
2024-09-29	0-14 Jahre	68	63.1610397555613	0.589759025630933	nein
2024-10-06	0-14 Jahre	56	63.1144120383962	-0.895646029465663	nein
2024-10-13	0-14 Jahre	46	63.0674314564875	-2.21645355509866	nein
2024-10-20	0-14 Jahre	56	63.0201026065143	-0.884232634551882	nein
2024-10-27	0-14 Jahre	56	62.9724300796407	-0.878457491097383	nein
2024-11-03	0-14 Jahre	60	62.9244184612852	-0.364426531849395	nein
2024-11-10	0-14 Jahre	73	62.876072330893	1.22077463271581	nein
2024-11-17	0-14 Jahre	50	62.8273962617118	-1.64675893305596	nein
2024-11-24	0-14 Jahre	76	62.7783948205702	1.5839393343522	nein
2024-12-01	0-14 Jahre	61	62.7290725676595	-0.215106860049413	nein
2024-12-08	0-14 Jahre	57	62.6794340563178	-0.714638232701895	nein
2024-12-15	0-14 Jahre	61	62.629483832819	-0.202824242781699	nein
2024-12-22	0-14 Jahre	76	62.5792264361626	1.60944212015538	nein
2024-12-29	0-14 Jahre	57	62.5286663978681	-0.696224176918114	nein
2025-01-05	0-14 Jahre	68	62.4778082417724	0.67545538146686	nein
2025-01-12	0-14 Jahre	72	62.4266564838294	1.15982921116809	nein
2025-01-19	0-14 Jahre	63	62.3752156319133	0.0774541327891222	nein
2025-01-26	0-14 Jahre	62	62.3234901856252	-0.0402207060162016	nein
2025-02-02	0-14 Jahre	72	62.2714846361018	1.17954784292036	nein
2025-02-09	0-14 Jahre	78	62.2192034658286	1.88720095964586	nein
2025-02-16	0-14 Jahre	85	62.1666511484546	2.68957944765058	nein
2025-02-23	0-14 Jahre	73	62.1138321486112	1.31777732567066	nein
2025-03-02	0-14 Jahre	101	62.0607509217334	4.44482868276864	nein
2025-03-09	0-14 Jahre	71	62.007411913885	1.09438870539606	nein
2025-03-16	0-14 Jahre	60	61.9538195615855	-0.244706547107874	nein
2025-03-23	0-14 Jahre	51	61.899978291641	-1.40184273288258	nein
2025-03-30	0-14 Jahre	76	61.8458925209781	1.70352352803986	nein
2025-04-06	0-14 Jahre	55	61.7915666564799	-0.863475829153339	nein
2025-04-13	0-14 Jahre	76	61.7370050948266	1.71751350471386	nein
2025-04-20	0-14 Jahre	68	61.6822122223375	0.775816791048597	nein
2025-04-27	0-14 Jahre	58	61.6271924148169	-0.457564290168177	nein
2025-05-04	0-14 Jahre	56	61.5719500374025	-0.707115674631882	nein
2025-05-11	0-14 Jahre	63	61.5164894444173	0.184692064055155	nein
2025-05-18	0-14 Jahre	64	61.4608149792247	0.315366917110043	nein
2025-05-25	0-14 Jahre	63	61.4049309740847	0.198685289010465	nein
2025-06-01	0-14 Jahre	69	61.3488417500156	0.938665594855254	nein
2025-06-08	0-14 Jahre	62	61.2925516166573	0.0884042507968152	nein
2025-06-15	0-14 Jahre	53	61.2360648721373	-1.05622496472558	nein
2025-06-22	0-14 Jahre	58	61.1793858029398	-0.401929029984939	nein
2025-06-29	0-14 Jahre	51	61.122518683779	-1.30682390753818	nein
2025-07-06	0-14 Jahre	64	61.0654677774729	0.365134506455162	nein
2025-07-13	0-14 Jahre	64	61.0082373348225	0.37235152787999	nein
2025-07-20	0-14 Jahre	55	60.9508315944919	-0.759631107827126	nein
2025-07-27	0-14 Jahre	58	60.8932547828924	-0.366236865896008	nein
2025-08-03	0-14 Jahre	58	60.835511114069	-0.359020749127661	nein
2025-08-10	0-14 Jahre	67	60.7776047895903	0.769207632024202	nein
2025-08-17	0-14 Jahre	65	60.7195399984402	0.532022514196857	nein
2025-08-24	0-14 Jahre	61	60.6613209169137	0.0425581057662223	nein
2025-08-31	0-14 Jahre	61	60.6029517085142	0.0499053922629996	nein
2025-09-07	0-14 Jahre	55	60.5444365238548	-0.709044849363442	nein
2025-09-14	0-14 Jahre	60	60.4857795005616	-0.0612574529797117	nein
2025-09-21	0-14 Jahre	61	60.4269847631807	0.0720772618777897	nein
2025-09-28	0-14 Jahre	59	60.3680564230858	-0.173082543514199	nein
2025-10-05	0-14 Jahre	59	60.308998578392	-0.165652106513376	nein
2025-10-12	0-14 Jahre	62	60.2498153138687	0.219713081459433	nein
2025-10-19	0-14 Jahre	53	60.1905107008581	-0.926482156898042	nein
2025-10-26	0-14 Jahre	39	60.1310887971946	-2.85489425179629	nein
2025-11-02	0-14 Jahre	55	60.0715536471281	-0.64988170647723	nein
2025-11-09	0-14 Jahre	76	60.0119092812488	1.9395664931399	nein
2025-11-16	0-14 Jahre	56	59.9521597164159	-0.505202470566804	nein
2025-11-23	0-14 Jahre	46	59.8923089556879	-1.8327166998126	nein
2025-11-30	0-14 Jahre	69	59.8323609882563	1.13195457080001	nein
2025-12-07	0-14 Jahre	54	59.772319789382	-0.742793760159759	nein
2025-12-14	0-14 Jahre	56	59.7121893203329	-0.474985660062178	nein
2025-12-21	0-14 Jahre	62	59.6519735283266	0.295470786293948	nein
2025-12-28	0-14 Jahre	54	59.5916763464732	-0.720065565627075	nein
2026-01-04	0-14 Jahre	56	59.531301693722	-0.452161147365085	nein
2026-01-11	0-14 Jahre	76	59.4708534748109	2.00926910247213	nein
2026-01-18	0-14 Jahre	63	59.4103355802175	0.450909604263275	nein
2026-01-25	0-14 Jahre	68	59.3497518861135	1.07271293686701	nein
2026-02-01	0-14 Jahre	57	59.2891062543211	-0.292524272614706	nein
2026-02-08	0-14 Jahre	54	59.2284025322726	-0.674226360022997	nein
2026-02-15	0-14 Jahre	73	59.1676445529709	1.69531557915069	nein
2026-02-22	0-14 Jahre	52	59.1068361349551	-0.922483543913903	nein
2026-03-01	0-14 Jahre	53	59.0459810822657	-0.782552428758495	nein
2026-03-08	0-14 Jahre	49	58.9850831844143	-1.30901520933111	nein
2026-03-15	0-14 Jahre	67	58.9241462163552	1.00556202422668	nein
2026-03-22	0-14 Jahre	68	58.8631739384582	1.13499328146529	nein
2026-03-29	0-14 Jahre	60	58.802170096486	0.152037403797194	nein
2026-04-05	0-14 Jahre	64	58.7411384215723	0.660385633809649	nein
2026-04-12	0-14 Jahre	61	58.6800826302024	0.293767210183676	nein
2026-04-19	0-14 Jahre	61	58.6190064241973	0.301563359077995	nein
2026-04-26	0-14 Jahre	57	58.5579134906987	-0.199604852683757	nein
2026-05-03	0-14 Jahre	70	58.4968075021576	1.42346867936801	nein
2026-05-10	0-14 Jahre	63	58.4356921163238	0.575288674119319	nein
2026-05-17	0-14 Jahre	49	58.3745709762392	-1.23165552606346	nein
2026-05-24	0-14 Jahre	50	58.3134477102323	-1.08896390392429	nein
2026-05-31	0-14 Jahre	57	58.2523259319156	-0.160614352903368	nein
2026-06-07	0-14 Jahre	63	58.1912092401843	0.606575635519422	nein
2026-06-14	0-14 Jahre	66	58.1301012192189	0.985000741364976	nein
2026-06-21	0-14 Jahre	60	58.0690054384879	0.245686880250109	nein
2026-06-28	0-14 Jahre	64	58.0079254527547	0.754228497378015	nein
2026-07-05	0-14 Jahre	47	57.9468648020853	-1.44977632641128	nein
2026-07-12	0-14 Jahre	67	57.8858270118589	1.13860308554796	nein
2026-07-19	0-14 Jahre	71	57.82481559278	1.6296199211317	nein
2026-07-26	0-14 Jahre	36	57.7638340408936	-3.00251697188231	nein
2026-08-02	0-14 Jahre	62	57.7028858376013	0.54431111965526	nein
2026-08-09	0-14 Jahre	56	57.6419744496809	-0.211604690517738	nein
2026-08-16	0-14 Jahre	66	57.5811033293068	1.0554063061346	ja
2026-08-23	0-14 Jahre	49	57.5202759140731	-1.12248672849644	ja
2026-08-30	0-14 Jahre	53	57.4594956270189	-0.580231665814059	ja
2026-09-06	0-14 Jahre	43	57.3987658766552	-1.93676952381572	ja
2026-09-13	0-14 Jahre	58	57.3380900569939	0.0848793166209868	ja
2026-09-20	0-14 Jahre	43	57.2774715475799	-1.92115723929765	ja
2026-09-27	0-14 Jahre	60	57.2169137135229	0.354976413239656	ja
2016-10-09	15-44 Jahre	296	310.609142532407	-0.748258382733438	nein
2016-10-16	15-44 Jahre	328	310.519663531053	0.880384130930613	nein
2016-10-23	15-44 Jahre	338	310.430223062831	1.38188166507509	nein
2016-10-30	15-44 Jahre	308	310.340833862007	-0.11921709995943	nein
2016-11-06	15-44 Jahre	352	310.251508648176	2.07928089286648	nein
2016-11-13	15-44 Jahre	296	310.162260126275	-0.72646255455011	nein
2016-11-20	15-44 Jahre	319	310.073100986624	0.452382422034932	nein
2016-11-27	15-44 Jahre	321	309.98404390495	0.557823300822578	nein
2016-12-04	15-44 Jahre	324	309.895101542432	0.713326186900037	nein
2016-12-11	15-44 Jahre	340	309.806286545744	1.51496389155467	nein
2016-12-18	15-44 Jahre	314	309.717611547104	0.217839900743031	nein
2016-12-25	15-44 Jahre	290	309.629089164328	-1.01201450358747	nein
2017-01-01	15-44 Jahre	317	309.540732000892	0.379050118843776	nein
2017-01-08	15-44 Jahre	328	309.452552645997	0.937358803175349	nein
2017-01-15	15-44 Jahre	327	309.364563674635	0.891968727961463	nein
2017-01-22	15-44 Jahre	290	309.276777647672	-0.994935764242221	nein
2017-01-29	15-44 Jahre	320	309.18920711192	0.549082550096343	nein
2017-02-05	15-44 Jahre	300	309.101864600226	-0.467410677661902	nein
2017-02-12	15-44 Jahre	326	309.014762631567	0.860432065338834	nein
2017-02-19	15-44 Jahre	349	308.927913711136	2.00697914875596	nein
2017-02-26	15-44 Jahre	359	308.841330330452	2.50054120934706	nein
2017-03-05	15-44 Jahre	306	308.75502496746	-0.141159892117288	nein
2017-03-12	15-44 Jahre	317	308.669010086645	0.424450713048692	nein
2017-03-19	15-44 Jahre	321	308.583298139144	0.63143259982871	nein
2017-03-26	15-44 Jahre	276	308.497901562873	-1.6947465892057	nein
2017-04-02	15-44 Jahre	288	308.412832782645	-1.05743389795057	nein
2017-04-09	15-44 Jahre	288	308.328104210309	-1.05329391380792	nein
2017-04-16	15-44 Jahre	307	308.243728244879	-0.0637825017082475	nein
2017-04-23	15-44 Jahre	293	308.159717272678	-0.783646085128628	nein
2017-04-30	15-44 Jahre	311	308.076083667487	0.149693002972479	nein
2017-05-07	15-44 Jahre	326	307.992839790688	0.914824647257468	nein
2017-05-14	15-44 Jahre	344	307.909997991429	1.81716443387612	nein
2017-05-21	15-44 Jahre	299	307.827570606776	-0.45520382703534	nein
2017-05-28	15-44 Jahre	331	307.745569961885	1.17912360100984	nein
2017-06-04	15-44 Jahre	300	307.664008370171	-0.395153878038685	nein
2017-06-11	15-44 Jahre	309	307.582898133482	0.0727224642947605	nein
2017-06-18	15-44 Jahre	306	307.50225154228	-0.0772334781882886	nein
2017-06-25	15-44 Jahre	331	307.42208087583	1.19651260360661	nein
2017-07-02	15-44 Jahre	310	307.342398402385	0.136391353215537	nein
2017-07-09	15-44 Jahre	302	307.263216379386	-0.271346167553448	nein
2017-07-16	15-44 Jahre	269	307.184547053657	-2.00653054891548	nein
2017-07-23	15-44 Jahre	278	307.106402661617	-1.52168465042703	nein
2017-07-30	15-44 Jahre	294	307.028795429484	-0.675075050384404	nein
2017-08-06	15-44 Jahre	328	306.951737573492	1.07102014978952	nein
2017-08-13	15-44 Jahre	299	306.875241300112	-0.407063164775162	nein
2017-08-20	15-44 Jahre	312	306.799318806273	0.266967814210391	nein
2017-08-27	15-44 Jahre	282	306.723982279598	-1.29075123363415	nein
2017-09-03	15-44 Jahre	302	306.649243898633	-0.240043622996789	nein
2017-09-10	15-44 Jahre	297	306.575115833085	-0.495822126256914	nein
2017-09-17	15-44 Jahre	300	306.501610244072	-0.336165308968618	nein
2017-09-24	15-44 Jahre	316	306.428739284368	0.490688628291301	nein
2017-10-01	15-44 Jahre	288	306.356515098656	-0.955836049791858	nein
2017-10-08	15-44 Jahre	274	306.28494982379	-1.69504820287184	nein
2017-10-15	15-44 Jahre	280	306.214055589058	-1.3717003305414	nein
2017-10-22	15-44 Jahre	314	306.143844516445	0.403440388949228	nein
2017-10-29	15-44 Jahre	305	306.074328720915	-0.0554475000036259	nein
2017-11-05	15-44 Jahre	309	306.005520310681	0.154235766563765	nein
2017-11-12	15-44 Jahre	279	305.937431387494	-1.41120277032272	nein
2017-11-19	15-44 Jahre	305	305.870074046926	-0.0449247603787399	nein
2017-11-26	15-44 Jahre	284	305.803460378665	-1.13925941443299	nein
2017-12-03	15-44 Jahre	304	305.737602466812	-0.08979127026251	nein
2017-12-10	15-44 Jahre	318	305.672512390185	0.63232500720272	nein
2017-12-17	15-44 Jahre	283	305.608202222621	-1.18245161871309	nein
2017-12-24	15-44 Jahre	279	305.544684033294	-1.39173154899653	nein
2017-12-31	15-44 Jahre	318	305.481969887028	0.642336791551425	nein
2018-01-07	15-44 Jahre	326	305.420071844619	1.05171243484274	nein
2018-01-14	15-44 Jahre	321	305.359001963161	0.80150099608785	nein
2018-01-21	15-44 Jahre	315	305.298772296382	0.498765107687207	nein
2018-01-28	15-44 Jahre	329	305.23939489497	1.2127748042471	nein
2018-02-04	15-44 Jahre	299	305.180881806927	-0.32062134430727	nein
2018-02-11	15-44 Jahre	337	305.123245077902	1.62071361923535	nein
2018-02-18	15-44 Jahre	354	305.066496751552	2.46715736898023	nein
2018-02-25	15-44 Jahre	295	305.01064886989	-0.520599111575238	nein
2018-03-04	15-44 Jahre	387	304.95571347365	4.07308609077268	nein
2018-03-11	15-44 Jahre	359	304.901702602651	2.72168089713988	nein
2018-03-18	15-44 Jahre	336	304.848628296164	1.58538641624127	nein
2018-03-25	15-44 Jahre	334	304.796502593292	1.48789958486795	nein
2018-04-01	15-44 Jahre	299	304.745337533348	-0.298252311201651	nein
2018-04-08	15-44 Jahre	335	304.695145156237	1.54347666005137	nein
2018-04-15	15-44 Jahre	311	304.645937502848	0.327748137731394	nein
2018-04-22	15-44 Jahre	311	304.59772661545	0.330259851023497	nein
2018-04-29	15-44 Jahre	312	304.550524538088	0.384100677831648	nein
2018-05-06	15-44 Jahre	315	304.50434331699	0.540332629299018	nein
2018-05-13	15-44 Jahre	349	304.459195000973	2.25342983588272	nein
2018-05-20	15-44 Jahre	275	304.415091641864	-1.54887633604761	nein
2018-05-27	15-44 Jahre	329	304.372045294909	1.25883176166875	nein
2018-06-03	15-44 Jahre	286	304.330068019206	-0.959157028193312	nein
2018-06-10	15-44 Jahre	330	304.289171878129	1.31365448646452	nein
2018-06-17	15-44 Jahre	274	304.249368939764	-1.5941219191624	nein
2018-06-24	15-44 Jahre	294	304.210671277349	-0.53196259191114	nein
2018-07-01	15-44 Jahre	311	304.173090969713	0.352379193010243	nein
2018-07-08	15-44 Jahre	306	304.136640101732	0.0964452712312281	nein
2018-07-15	15-44 Jahre	327	304.101330764776	1.17207839311815	nein
2018-07-22	15-44 Jahre	309	304.067175057176	0.254922893403428	nein
2018-07-29	15-44 Jahre	343	304.034185084678	1.97840154041177	nein
2018-08-05	15-44 Jahre	364	304.002372960922	3.01508568380979	nein
2018-08-12	15-44 Jahre	321	303.971750807911	0.874472256427802	nein
2018-08-19	15-44 Jahre	311	303.942330756489	0.364390067792619	nein
2018-08-26	15-44 Jahre	316	303.914124946829	0.622345692477583	nein
2018-09-02	15-44 Jahre	268	303.887145528922	-1.89883047415596	nein
2018-09-09	15-44 Jahre	289	303.861404663068	-0.77676707769983	nein
2018-09-16	15-44 Jahre	303	303.836914520383	-0.0434033070374415	nein
2018-09-23	15-44 Jahre	280	303.813687283294	-1.25119282504231	nein
2018-09-30	15-44 Jahre	273	303.79173514606	-1.6245166509453	nein
2018-10-07	15-44 Jahre	276	303.771070315277	-1.46258336195911	nein
2018-10-14	15-44 Jahre	314	303.751705010409	0.528359925863772	nein
2018-10-21	15-44 Jahre	269	303.733651464305	-1.8369293413526	nein
2018-10-28	15-44 Jahre	293	303.716921923734	-0.558939963325154	nein
2018-11-04	15-44 Jahre	294	303.701528649922	-0.50570095430969	nein
2018-11-11	15-44 Jahre	314	303.687483919095	0.531686576630984	nein
2018-11-18	15-44 Jahre	290	303.674800023021	-0.714427266502158	nein
2018-11-25	15-44 Jahre	319	303.663489269568	0.78860885846368	nein
2018-12-02	15-44 Jahre	276	303.653563983257	-1.45645871452319	nein
2018-12-09	15-44 Jahre	316	303.645036505831	0.636305816186844	nein
2018-12-16	15-44 Jahre	309	303.637919196819	0.277197454393887	nein
2018-12-23	15-44 Jahre	313	303.632224434111	0.483227215119072	nein
2018-12-30	15-44 Jahre	268	303.62796461454	-1.88533633560215	nein
2019-01-06	15-44 Jahre	319	303.625152154464	0.790543553763785	nein
2019-01-13	15-44 Jahre	326	303.623799490361	1.14629761079487	nein
2019-01-20	15-44 Jahre	296	303.623919079421	-0.396930011167438	nein
2019-01-27	15-44 Jahre	284	303.625523400149	-1.02874053904471	nein
2019-02-03	15-44 Jahre	311	303.628624952976	0.380618108774828	nein
2019-02-10	15-44 Jahre	351	303.633236260868	2.39574994727955	nein
2019-02-17	15-44 Jahre	325	303.639369869947	1.09472847836357	nein
2019-02-24	15-44 Jahre	296	303.647038350115	-0.398088090662247	nein
2019-03-03	15-44 Jahre	323	303.656254295685	0.992347447053775	nein
2019-03-10	15-44 Jahre	327	303.667030326017	1.19446185311876	nein
2019-03-17	15-44 Jahre	302	303.67937908616	-0.0871261413822554	nein
2019-03-24	15-44 Jahre	296	303.693313247502	-0.40044646593512	nein
2019-03-31	15-44 Jahre	326	303.70884550842	1.14160649137388	nein
2019-04-07	15-44 Jahre	288	303.725988594942	-0.82220132433497	nein
2019-04-14	15-44 Jahre	319	303.744755261414	0.784091350045845	nein
2019-04-21	15-44 Jahre	299	303.765158291168	-0.247579644440643	nein
2019-04-28	15-44 Jahre	272	303.787210497207	-1.67726336196712	nein
2019-05-05	15-44 Jahre	287	303.81092472288	-0.879276627964545	nein
2019-05-12	15-44 Jahre	299	303.836313842579	-0.251242501506985	nein
2019-05-19	15-44 Jahre	302	303.863390762432	-0.0966364575262617	nein
2019-05-26	15-44 Jahre	297	303.892168421008	-0.358405403076942	nein
2019-06-02	15-44 Jahre	282	303.922659790021	-1.14971298454617	nein
2019-06-09	15-44 Jahre	338	303.954877875053	1.73204625656222	nein
2019-06-16	15-44 Jahre	313	303.988835716267	0.464438442985089	nein
2019-06-23	15-44 Jahre	306	304.024546389142	0.102196154867531	nein
2019-06-30	15-44 Jahre	327	304.062023005201	1.17338391945359	nein
2019-07-07	15-44 Jahre	319	304.101278712759	0.765298311213049	nein
2019-07-14	15-44 Jahre	259	304.142326697664	-2.39929746771479	nein
2019-07-21	15-44 Jahre	298	304.185180184054	-0.321312229565368	nein
2019-07-28	15-44 Jahre	338	304.229852435117	1.71733724805095	nein
2019-08-04	15-44 Jahre	303	304.276356753859	-0.0661133497270102	nein
2019-08-11	15-44 Jahre	323	304.324706483879	0.956957395571465	nein
2019-08-18	15-44 Jahre	309	304.374915010147	0.238756455018418	nein
2019-08-25	15-44 Jahre	285	304.426995759793	-1.01629721498737	nein
2019-09-01	15-44 Jahre	331	304.480962202905	1.35295733006925	nein
2019-09-08	15-44 Jahre	317	304.536827853324	0.640478369575472	nein
2019-09-15	15-44 Jahre	296	304.594606269461	-0.446722538606605	nein
2019-09-22	15-44 Jahre	292	304.654311055106	-0.65916095648026	nein
2019-09-29	15-44 Jahre	282	304.715955860252	-1.18995216672881	nein
2019-10-06	15-44 Jahre	294	304.77955438193	-0.560783244840899	nein
2019-10-13	15-44 Jahre	309	304.845120365042	0.214351310500465	nein
2019-10-20	15-44 Jahre	297	304.912667603205	-0.410880938302845	nein
2019-10-27	15-44 Jahre	313	304.982209939606	0.412679379775251	nein
2019-11-03	15-44 Jahre	285	305.053761267864	-1.04823733302917	nein
2019-11-10	15-44 Jahre	327	305.127335532888	1.11731284942599	nein
2019-11-17	15-44 Jahre	301	305.202946731763	-0.217686229672182	nein
2019-11-24	15-44 Jahre	324	305.280608914624	0.957559027813278	nein
2019-12-01	15-44 Jahre	276	305.360336185552	-1.54217358643058	nein
2019-12-08	15-44 Jahre	299	305.442142703466	-0.333938065314401	nein
2019-12-15	15-44 Jahre	325	305.526042683035	0.995356930260103	nein
2019-12-22	15-44 Jahre	299	305.612050395587	-0.342678835647605	nein
2019-12-29	15-44 Jahre	269	305.700180170035	-1.93495017312784	nein
2020-01-05	15-44 Jahre	341	305.790446393803	1.78441701464587	nein
2020-01-12	15-44 Jahre	344	305.882863513767	1.92867225444721	nein
2020-01-19	15-44 Jahre	312	305.9774460372	0.309796070221082	nein
2020-01-26	15-44 Jahre	299	306.074208532727	-0.366442811592235	nein
2020-02-02	15-44 Jahre	318	306.173165631288	0.606292483563097	nein
2020-02-09	15-44 Jahre	316	306.274332027109	0.499053736610147	nein
2020-02-16	15-44 Jahre	331	306.37771534546	1.2534337996988	nein
2020-02-23	15-44 Jahre	315	306.483294724294	0.437154546261679	nein
2020-03-01	15-44 Jahre	311	306.591042179115	0.226767478632115	nein
2020-03-08	15-44 Jahre	324	306.700929729359	0.883538615735765	nein
2020-03-15	15-44 Jahre	323	306.812929396355	0.827081102609491	nein
2020-03-22	15-44 Jahre	298	306.9270132013	-0.462257388471415	nein
2020-03-29	15-44 Jahre	294	307.043153163272	-0.676825342335135	nein
2020-04-05	15-44 Jahre	332	307.161321297259	1.26278654682157	nein
2020-04-12	15-44 Jahre	302	307.281489612228	-0.272783419101504	nein
2020-04-19	15-44 Jahre	337	307.403630109202	1.5004703997252	nein
2020-04-26	15-44 Jahre	303	307.527714779387	-0.23366548611675	nein
2020-05-03	15-44 Jahre	307	307.653715602302	-0.0336591045936761	nein
2020-05-10	15-44 Jahre	304	307.781604543955	-0.195004154069295	nein
2020-05-17	15-44 Jahre	321	307.911353555031	0.668732116822518	nein
2020-05-24	15-44 Jahre	302	308.042934569118	-0.311873687592779	nein
2020-05-31	15-44 Jahre	304	308.176319500949	-0.215274140080116	nein
2020-06-07	15-44 Jahre	291	308.311480244679	-0.898682988455189	nein
2020-06-14	15-44 Jahre	325	308.448388672182	0.84345550377424	nein
2020-06-21	15-44 Jahre	313	308.58701663138	0.2262789281173	nein
2020-06-28	15-44 Jahre	294	308.727335944595	-0.762935145816656	nein
2020-07-05	15-44 Jahre	329	308.869318406924	1.02330391463946	nein
2020-07-12	15-44 Jahre	309	309.01293578465	-0.000664443792327253	nein
2020-07-19	15-44 Jahre	307	309.15815981367	-0.110957771895219	nein
2020-07-26	15-44 Jahre	313	309.304962197953	0.189334470204633	nein
2020-08-02	15-44 Jahre	301	309.453314608026	-0.435912422709334	nein
2020-08-09	15-44 Jahre	309	309.603188679483	-0.0309650611841596	nein
2020-08-16	15-44 Jahre	366	309.754556011526	2.80484980239854	nein
2020-08-23	15-44 Jahre	295	309.90738816552	-0.770948759825602	nein
2020-08-30	15-44 Jahre	275	310.061656663593	-1.8338069426783	nein
2020-09-06	15-44 Jahre	287	310.217332987246	-1.20576133836954	nein
2020-09-13	15-44 Jahre	311	310.374388575999	0.0320579956581829	nein
2020-09-20	15-44 Jahre	309	310.53279482606	-0.0786170891332479	nein
2020-09-27	15-44 Jahre	307	310.692523089019	-0.189565342404024	nein
2020-10-04	15-44 Jahre	298	310.853544670576	-0.663024063980832	nein
2020-10-11	15-44 Jahre	305	311.015830829283	-0.309078263126638	nein
2020-10-18	15-44 Jahre	288	311.179352775329	-1.20199168469907	nein
2020-10-25	15-44 Jahre	317	311.344081669338	0.288634209667345	nein
2020-11-01	15-44 Jahre	298	311.509988621197	-0.696447697628616	nein
2020-11-08	15-44 Jahre	293	311.67704468892	-0.965336830614761	nein
2020-11-15	15-44 Jahre	282	311.845220877525	-1.55196706168208	nein
2020-11-22	15-44 Jahre	335	312.01448813795	1.16138704192403	nein
2020-11-29	15-44 Jahre	277	312.184817365987	-1.83432230256699	nein
2020-12-06	15-44 Jahre	364	312.356179401253	2.57161558710299	nein
2020-12-13	15-44 Jahre	325	312.528545026175	0.633076868356474	nein
2020-12-20	15-44 Jahre	323	312.701884965018	0.523211140369799	nein
2020-12-27	15-44 Jahre	345	312.876169882927	1.61368774239406	nein
2021-01-03	15-44 Jahre	315	313.051370385006	0.0993869262759541	nein
2021-01-10	15-44 Jahre	283	313.227457015416	-1.56884273807606	nein
2021-01-17	15-44 Jahre	310	313.404400256511	-0.174040924565997	nein
2021-01-24	15-44 Jahre	310	313.582170527993	-0.183097742948307	nein
2021-01-31	15-44 Jahre	316	313.760738186098	0.114072388605374	nein
2021-02-07	15-44 Jahre	345	313.940073522811	1.55868030099398	nein
2021-02-14	15-44 Jahre	288	314.120146765108	-1.35064709575697	nein
2021-02-21	15-44 Jahre	281	314.300928074228	-1.72853335735931	nein
2021-02-28	15-44 Jahre	309	314.48238754497	-0.280132056851816	nein
2021-03-07	15-44 Jahre	334	314.664495205021	0.975008199629024	nein
2021-03-14	15-44 Jahre	310	314.847221014312	-0.247456933174161	nein
2021-03-21	15-44 Jahre	318	315.0305348644	0.150926398722596	nein
2021-03-28	15-44 Jahre	289	315.214406577887	-1.35330647991053	nein
2021-04-04	15-44 Jahre	321	315.398805907855	0.284138677291287	nein
2021-04-11	15-44 Jahre	322	315.583702537342	0.325259430126122	nein
2021-04-18	15-44 Jahre	318	315.769066078841	0.113308345315119	nein
2021-04-25	15-44 Jahre	354	315.954866073826	1.89715689093296	nein
2021-05-02	15-44 Jahre	322	316.141071992316	0.296843448109559	nein
2021-05-09	15-44 Jahre	379	316.32765323246	3.08733308898885	nein
2021-05-16	15-44 Jahre	328	316.514579120155	0.579897155770078	nein
2021-05-23	15-44 Jahre	328	316.701818908691	0.570338608668998	nein
2021-05-30	15-44 Jahre	300	316.889341778436	-0.865161875127673	nein
2021-06-06	15-44 Jahre	327	317.077116836532	0.500984783045578	nein
2021-06-13	15-44 Jahre	326	317.265113116642	0.441150343459612	nein
2021-06-20	15-44 Jahre	347	317.453299578711	1.47627089459162	nein
2021-06-27	15-44 Jahre	337	317.641645108766	0.971862543183051	nein
2021-07-04	15-44 Jahre	311	317.830118518744	-0.347475908481692	nein
2021-07-11	15-44 Jahre	294	318.018688546352	-1.2330342215497	nein
2021-07-18	15-44 Jahre	349	318.207323854953	1.5358684858234	nein
2021-07-25	15-44 Jahre	300	318.39599303349	-0.940909807714979	nein
2021-08-01	15-44 Jahre	297	318.584664596433	-1.10560691429859	nein
2021-08-08	15-44 Jahre	290	318.773306983767	-1.4792719637728	nein
2021-08-15	15-44 Jahre	331	318.961888560997	0.605393528320025	nein
2021-08-22	15-44 Jahre	336	319.150377619202	0.845060975609841	nein
2021-08-29	15-44 Jahre	286	319.338742375105	-1.71684074222736	nein
2021-09-05	15-44 Jahre	315	319.526950971183	-0.229420453180697	nein
2021-09-12	15-44 Jahre	338	319.714971475806	0.915604465347164	nein
2021-09-19	15-44 Jahre	356	319.902771883408	1.79127642850127	nein
2021-09-26	15-44 Jahre	346	320.090320114693	1.29176298862373	nein
2021-10-03	15-44 Jahre	321	320.277584016867	0.0364680971140505	nein
2021-10-10	15-44 Jahre	297	320.464531363908	-1.19955409466086	nein
2021-10-17	15-44 Jahre	325	320.651129856864	0.218995381276306	nein
2021-10-24	15-44 Jahre	362	320.837347124186	2.03483116352293	nein
2021-10-31	15-44 Jahre	342	321.023150722098	1.04688864271159	nein
2021-11-07	15-44 Jahre	259	321.208508134986	-3.24803729397477	nein
2021-11-14	15-44 Jahre	332	321.393386775838	0.531796027675688	nein
2021-11-21	15-44 Jahre	340	321.577753986698	0.919775964133241	nein
2021-11-28	15-44 Jahre	376	321.761577039174	2.66111848295875	nein
2021-12-05	15-44 Jahre	385	321.944823134956	3.08037334601606	nein
2021-12-12	15-44 Jahre	377	322.127459406391	2.68995888624339	nein
2021-12-19	15-44 Jahre	348	322.309452917068	1.27662234641688	nein
2021-12-26	15-44 Jahre	349	322.49077066246	1.31640716158531	nein
2022-01-02	15-44 Jahre	319	322.67137957058	-0.185056805642758	nein
2022-01-09	15-44 Jahre	345	322.851246502679	1.10160589805386	nein
2022-01-16	15-44 Jahre	318	323.030338253983	-0.253588903002924	nein
2022-01-23	15-44 Jahre	337	323.208621554454	0.688400179601244	nein
2022-01-30	15-44 Jahre	314	323.386063069591	-0.473978062401145	nein
2022-02-06	15-44 Jahre	327	323.562629401264	0.172380638008335	nein
2022-02-13	15-44 Jahre	328	323.738287088582	0.2135703689339	nein
2022-02-20	15-44 Jahre	347	323.913002608795	1.14582657881807	nein
2022-02-27	15-44 Jahre	341	324.086742378233	0.841743135423115	nein
2022-03-06	15-44 Jahre	344	324.259472753276	0.980810119332526	nein
2022-03-13	15-44 Jahre	314	324.43116003136	-0.526144713650398	nein
2022-03-20	15-44 Jahre	326	324.601770452021	0.0700752245945779	nein
2022-03-27	15-44 Jahre	334	324.771270197966	0.460556874922966	nein
2022-04-03	15-44 Jahre	303	324.939625396187	-1.11249511881769	nein
2022-04-10	15-44 Jahre	336	325.106802119107	0.542872996443674	nein
2022-04-17	15-44 Jahre	336	325.272766385762	0.534502570976758	nein
2022-04-24	15-44 Jahre	328	325.437484163011	0.128174635251584	nein
2022-05-01	15-44 Jahre	331	325.600921366793	0.269596182779988	nein
2022-05-08	15-44 Jahre	343	325.763043863414	0.855407555801871	nein
2022-05-15	15-44 Jahre	339	325.923817470865	0.650091201451091	nein
2022-05-22	15-44 Jahre	336	326.08320796018	0.493668597720716	nein
2022-05-29	15-44 Jahre	322	326.24118105683	-0.212598661276108	nein
2022-06-05	15-44 Jahre	308	326.397702442152	-0.928848284261098	nein
2022-06-12	15-44 Jahre	347	326.55273775481	1.01182624488543	nein
2022-06-19	15-44 Jahre	344	326.706252592294	0.856883753910227	nein
2022-06-26	15-44 Jahre	336	326.858212512459	0.454684329762848	nein
2022-07-03	15-44 Jahre	325	327.008583035093	-0.100440678312849	nein
2022-07-10	15-44 Jahre	364	327.15732964352	1.80708630101179	nein
2022-07-17	15-44 Jahre	353	327.304417786246	1.2667476659984	nein
2022-07-24	15-44 Jahre	369	327.449812878637	2.03252728356544	nein
2022-07-31	15-44 Jahre	357	327.593480304627	1.4464263165064	nein
2022-08-07	15-44 Jahre	333	327.735385418476	0.261972776094683	nein
2022-08-14	15-44 Jahre	361	327.875493546542	1.62567305158282	nein
2022-08-21	15-44 Jahre	335	328.013769989116	0.347180318860016	nein
2022-08-28	15-44 Jahre	319	328.150180022266	-0.458364346222232	nein
2022-09-04	15-44 Jahre	338	328.284688899737	0.481926437782727	nein
2022-09-11	15-44 Jahre	346	328.417261854873	0.868621176990751	nein
2022-09-18	15-44 Jahre	342	328.547864102583	0.665764678225788	nein
2022-09-25	15-44 Jahre	324	328.676460841344	-0.233511425838043	nein
2022-10-02	15-44 Jahre	326	328.803017255225	-0.139799986170392	nein
2022-10-09	15-44 Jahre	287	328.927498515969	-2.13477634311451	nein
2022-10-16	15-44 Jahre	337	329.049869785091	0.394203727781646	nein
2022-10-23	15-44 Jahre	350	329.17009621602	1.02612326746516	nein
2022-10-30	15-44 Jahre	312	329.288142956279	-0.868014078121927	nein
2022-11-06	15-44 Jahre	331	329.403975149696	0.0793428647972431	nein
2022-11-13	15-44 Jahre	334	329.517557938648	0.222468756453335	nein
2022-11-20	15-44 Jahre	346	329.628856466348	0.807604161335819	nein
2022-11-27	15-44 Jahre	351	329.737835879159	1.04620289229256	nein
2022-12-04	15-44 Jahre	325	329.844461328948	-0.241438124112439	nein
2022-12-11	15-44 Jahre	342	329.948697975475	0.595440750449458	nein
2022-12-18	15-44 Jahre	385	330.050510988815	2.66021685314518	nein
2022-12-25	15-44 Jahre	363	330.149865551813	1.6063691025154	nein
2023-01-01	15-44 Jahre	380	330.246726862577	2.41356334904183	nein
2023-01-08	15-44 Jahre	352	330.341060137009	1.06444259974617	nein
2023-01-15	15-44 Jahre	327	330.432830611357	-0.170789491966822	nein
2023-01-22	15-44 Jahre	321	330.522003544818	-0.475141770799405	nein
2023-01-29	15-44 Jahre	301	330.608544222163	-1.49294211699589	nein
2023-02-05	15-44 Jahre	302	330.6924179564	-1.44582121175267	nein
2023-02-12	15-44 Jahre	348	330.773590091473	0.847801955006603	nein
2023-02-19	15-44 Jahre	373	330.852026004991	2.049721876364	nein
2023-02-26	15-44 Jahre	329	330.927691110995	-0.0957515068379735	nein
2023-03-05	15-44 Jahre	344	331.000550862747	0.640845348706811	nein
2023-03-12	15-44 Jahre	358	331.070570755572	1.3185140323532	nein
2023-03-19	15-44 Jahre	371	331.137716329712	1.93969941128574	nein
2023-03-26	15-44 Jahre	348	331.201953173226	0.826295123876692	nein
2023-04-02	15-44 Jahre	314	331.263246924915	-0.863782361626239	nein
2023-04-09	15-44 Jahre	310	331.32156327729	-1.06901269743701	nein
2023-04-16	15-44 Jahre	337	331.376867979556	0.278041958940654	nein
2023-04-23	15-44 Jahre	315	331.429126840641	-0.821453420485789	nein
2023-04-30	15-44 Jahre	340	331.478305732251	0.420688394528649	nein
2023-05-07	15-44 Jahre	303	331.524370591958	-1.43513097819679	nein
2023-05-14	15-44 Jahre	316	331.567287426317	-0.777828625407543	nein
2023-05-21	15-44 Jahre	322	331.607022314016	-0.478511926228681	nein
2023-05-28	15-44 Jahre	327	331.643541409054	-0.230688713032022	nein
2023-06-04	15-44 Jahre	329	331.676810943954	-0.132842851584879	nein
2023-06-11	15-44 Jahre	331	331.706797232999	-0.0350398771959476	nein
2023-06-18	15-44 Jahre	340	331.733475343714	0.407971654962007	nein
2023-06-25	15-44 Jahre	353	331.756855109687	1.04175652631055	nein
2023-07-02	15-44 Jahre	292	331.776955135444	-2.01268839304533	nein
2023-07-09	15-44 Jahre	342	331.793794127841	0.503171603197351	nein
2023-07-16	15-44 Jahre	326	331.807390894194	-0.288603418312251	nein
2023-07-23	15-44 Jahre	300	331.817764340404	-1.60288862846238	nein
2023-07-30	15-44 Jahre	292	331.824933469103	-2.01502754020222	nein
2023-08-06	15-44 Jahre	314	331.828917377796	-0.891510587843789	nein
2023-08-13	15-44 Jahre	294	331.829735257011	-1.9119805250094	nein
2023-08-20	15-44 Jahre	329	331.827406388459	-0.140296470860249	nein
2023-08-27	15-44 Jahre	338	331.821950143197	0.305181875729454	nein
2023-09-03	15-44 Jahre	332	331.813385979802	0.00924609023809361	nein
2023-09-10	15-44 Jahre	335	331.801733442549	0.158228546657887	nein
2023-09-17	15-44 Jahre	329	331.787012159596	-0.138301677449988	nein
2023-09-24	15-44 Jahre	304	331.769241841179	-1.39607451777321	nein
2023-10-01	15-44 Jahre	311	331.748442277817	-1.03927502765348	nein
2023-10-08	15-44 Jahre	347	331.724633338514	0.7513546536007	nein
2023-10-15	15-44 Jahre	311	331.697834968984	-1.03681591697133	nein
2023-10-22	15-44 Jahre	276	331.668067189873	-2.84279423721678	nein
2023-10-29	15-44 Jahre	346	331.635350094993	0.706991287037718	nein
2023-11-05	15-44 Jahre	308	331.599703849566	-1.18421632534053	nein
2023-11-12	15-44 Jahre	356	331.561148688476	1.19715076648092	nein
2023-11-19	15-44 Jahre	308	331.519704914527	-1.18033123786345	nein
2023-11-26	15-44 Jahre	348	331.475392896715	0.812683758934295	nein
2023-12-03	15-44 Jahre	339	331.428233068505	0.37405051811559	nein
2023-12-10	15-44 Jahre	372	331.378245926116	1.97545592711477	nein
2023-12-17	15-44 Jahre	361	331.325452026826	1.45062807953653	nein
2023-12-24	15-44 Jahre	323	331.269871987269	-0.411927442485133	nein
2023-12-31	15-44 Jahre	308	331.21152648176	-1.16534367208642	nein
2024-01-07	15-44 Jahre	347	331.150436240613	0.780195377355501	nein
2024-01-14	15-44 Jahre	330	331.086622048487	-0.0539458645199185	nein
2024-01-21	15-44 Jahre	366	331.020104742722	1.70663024067674	nein
2024-01-28	15-44 Jahre	335	330.950905211707	0.200550304526355	nein
2024-02-04	15-44 Jahre	344	330.879044393235	0.647050155136894	nein
2024-02-11	15-44 Jahre	319	330.804543272889	-0.58955716359645	nein
2024-02-18	15-44 Jahre	376	330.727422882429	2.19939150403831	nein
2024-02-25	15-44 Jahre	320	330.647704298186	-0.531611622576681	nein
2024-03-03	15-44 Jahre	351	330.565408639478	1.00468731077232	nein
2024-03-10	15-44 Jahre	316	330.480557067027	-0.72462859832121	nein
2024-03-17	15-44 Jahre	321	330.39317078139	-0.468883548316129	nein
2024-03-24	15-44 Jahre	334	330.303271021405	0.183337860864781	nein
2024-03-31	15-44 Jahre	310	330.210879062642	-1.01491040689736	nein
2024-04-07	15-44 Jahre	358	330.116016215871	1.36710399187174	nein
2024-04-14	15-44 Jahre	338	330.018703825537	0.395178302896653	nein
2024-04-21	15-44 Jahre	319	329.91896326825	-0.545928376986803	nein
2024-04-28	15-44 Jahre	309	329.816815951285	-1.04639630948136	nein
2024-05-05	15-44 Jahre	350	329.712283311091	0.998983480870805	nein
2024-05-12	15-44 Jahre	337	329.60538681182	0.366493925690266	nein
2024-05-19	15-44 Jahre	320	329.49614794386	-0.474786494786221	nein
2024-05-26	15-44 Jahre	306	329.384588222379	-1.17795929776214	nein
2024-06-02	15-44 Jahre	304	329.270729185894	-1.2745057529688	nein
2024-06-09	15-44 Jahre	306	329.154592394831	-1.16669259815486	nein
2024-06-16	15-44 Jahre	326	329.036199430122	-0.15141876279378	nein
2024-06-23	15-44 Jahre	317	328.915571891791	-0.597088726336402	nein
2024-06-30	15-44 Jahre	370	328.792731397568	2.01206861450744	nein
2024-07-07	15-44 Jahre	327	328.667699581509	-0.0831632808871195	nein
2024-07-14	15-44 Jahre	348	328.540498092632	0.960440901392475	nein
2024-07-21	15-44 Jahre	333	328.41114859356	0.228206282701956	nein
2024-07-28	15-44 Jahre	294	328.279672759184	-1.74028741607999	nein
2024-08-04	15-44 Jahre	335	328.146092275331	0.34060932550058	nein
2024-08-11	15-44 Jahre	329	328.010428837452	0.0493337277488262	nein
2024-08-18	15-44 Jahre	333	327.872704149316	0.255138000507852	nein
2024-08-25	15-44 Jahre	303	327.732939921724	-1.25027110547018	nein
2024-09-01	15-44 Jahre	279	327.591157871231	-2.48960104103151	nein
2024-09-08	15-44 Jahre	347	327.447379718881	0.966682658577748	nein
2024-09-15	15-44 Jahre	331	327.301627188958	0.184335259637556	nein
2024-09-22	15-44 Jahre	361	327.153922007747	1.6626464243325	nein
2024-09-29	15-44 Jahre	320	327.004285902312	-0.351192060647566	nein
2024-10-06	15-44 Jahre	316	326.852740599279	-0.545374504176929	nein
2024-10-13	15-44 Jahre	296	326.699307823647	-1.55955771512905	nein
2024-10-20	15-44 Jahre	336	326.544009297594	0.470507734128861	nein
2024-10-27	15-44 Jahre	324	326.38686673931	-0.119508863737923	nein
2024-11-03	15-44 Jahre	316	326.22790186184	-0.514317234050682	nein
2024-11-10	15-44 Jahre	345	326.067136371935	0.938332228802705	nein
2024-11-17	15-44 Jahre	330	325.904591968923	0.204530838853558	nein
2024-11-24	15-44 Jahre	324	325.740290343592	-0.087193961618841	nein
2024-12-01	15-44 Jahre	314	325.574253177081	-0.583026066537781	nein
2024-12-08	15-44 Jahre	304	325.406502139791	-1.08423704104883	nein
2024-12-15	15-44 Jahre	342	325.237058890309	0.8327199820933	nein
2024-12-22	15-44 Jahre	309	325.065945074342	-0.811846552792402	nein
2024-12-29	15-44 Jahre	315	324.893182323664	-0.498428472877951	nein
2025-01-05	15-44 Jahre	375	324.718792255081	2.45996464787128	nein
2025-01-12	15-44 Jahre	353	324.542796469408	1.40703241572433	nein
2025-01-19	15-44 Jahre	373	324.365216550457	2.38243009272366	nein
2025-01-26	15-44 Jahre	385	324.186074064037	2.96318640290671	nein
2025-02-02	15-44 Jahre	328	324.00539055698	0.20007799498979	nein
2025-02-09	15-44 Jahre	390	323.82318755616	3.21831763392552	nein
2025-02-16	15-44 Jahre	355	323.639486567548	1.55042090587226	nein
2025-02-23	15-44 Jahre	391	323.454309075258	3.28452957530129	nein
2025-03-02	15-44 Jahre	358	323.267676540629	1.71523777187396	nein
2025-03-09	15-44 Jahre	347	323.079610401302	1.18781010564225	nein
2025-03-16	15-44 Jahre	353	322.890132070321	1.49105634680303	nein
2025-03-23	15-44 Jahre	345	322.699262935246	1.10885458040756	nein
2025-03-30	15-44 Jahre	337	322.507024357274	0.723623121790623	nein
2025-04-06	15-44 Jahre	369	322.313437670384	2.29557748208313	nein
2025-04-13	15-44 Jahre	340	322.118524180484	0.891781024234536	nein
2025-04-20	15-44 Jahre	344	321.92230516458	1.0990631816184	nein
2025-04-27	15-44 Jahre	308	321.724801869955	-0.69610833260101	nein
2025-05-04	15-44 Jahre	323	321.526035513361	0.074183948873184	nein
2025-05-11	15-44 Jahre	322	321.326027280228	0.0339441492778091	nein
2025-05-18	15-44 Jahre	317	321.124798323878	-0.208320180753111	nein
2025-05-25	15-44 Jahre	290	320.922369764769	-1.58495925130762	nein
2025-06-01	15-44 Jahre	330	320.718762689732	0.465766229434826	nein
2025-06-08	15-44 Jahre	296	320.513998151234	-1.25275277340018	nein
2025-06-15	15-44 Jahre	341	320.308097166657	1.03301362013355	nein
2025-06-22	15-44 Jahre	350	320.101080717577	1.48630649694846	nein
2025-06-29	15-44 Jahre	347	319.892969749073	1.34972380767309	nein
2025-07-06	15-44 Jahre	360	319.683785169035	1.99516253253253	nein
2025-07-13	15-44 Jahre	306	319.473547847492	-0.685393248663297	nein
2025-07-20	15-44 Jahre	357	319.262278615955	1.87085987624135	nein
2025-07-27	15-44 Jahre	326	319.049998266771	0.349959961393427	nein
2025-08-03	15-44 Jahre	309	318.836727552485	-0.499835366458952	nein
2025-08-10	15-44 Jahre	293	318.622487185229	-1.31357991001165	nein
2025-08-17	15-44 Jahre	369	318.407297836106	2.49547263979374	nein
2025-08-24	15-44 Jahre	306	318.191180134605	-0.620776183344136	nein
2025-08-31	15-44 Jahre	312	317.974154668014	-0.303278646933074	nein
2025-09-07	15-44 Jahre	351	317.756241980859	1.65471640122597	nein
2025-09-14	15-44 Jahre	285	317.537462574343	-1.67696948934915	nein
2025-09-21	15-44 Jahre	305	317.317836905815	-0.627967143998645	nein
2025-09-28	15-44 Jahre	325	317.097385388229	0.398706779121295	nein
2025-10-05	15-44 Jahre	317	316.87612838964	0.00627671077457993	nein
2025-10-12	15-44 Jahre	260	316.654086232699	-2.96493805538834	nein
2025-10-19	15-44 Jahre	321	316.431279194157	0.231088567526207	nein
2025-10-26	15-44 Jahre	334	316.207727504399	0.894086206412075	nein
2025-11-02	15-44 Jahre	316	315.983451346971	0.000839490592045116	nein
2025-11-09	15-44 Jahre	306	315.758470858137	-0.497756860435386	nein
2025-11-16	15-44 Jahre	305	315.532806126434	-0.537624219018516	nein
2025-11-23	15-44 Jahre	325	315.306477192249	0.489649001394363	nein
2025-11-30	15-44 Jahre	296	315.07950404741	-0.978967662321705	nein
2025-12-07	15-44 Jahre	301	314.851906634777	-0.708890824237242	nein
2025-12-14	15-44 Jahre	301	314.623704847864	-0.697312020089303	nein
2025-12-21	15-44 Jahre	349	314.394918530453	1.72795683824304	nein
2025-12-28	15-44 Jahre	299	314.165567476242	-0.777300942194907	nein
2026-01-04	15-44 Jahre	310	313.935671428486	-0.200547268357859	nein
2026-01-11	15-44 Jahre	347	313.705250079662	1.66483222071222	nein
2026-01-18	15-44 Jahre	340	313.474323071145	1.3311601465218	nein
2026-01-25	15-44 Jahre	324	313.242909992889	0.54432695567702	nein
2026-02-01	15-44 Jahre	280	313.011030383131	-1.71132251883481	nein
2026-02-08	15-44 Jahre	319	312.778703728098	0.31571248061941	nein
2026-02-15	15-44 Jahre	337	312.545949461732	1.22967541579123	nein
2026-02-22	15-44 Jahre	331	312.312786965424	0.942675141822822	nein
2026-03-01	15-44 Jahre	313	312.079235567758	0.0468922264229881	nein
2026-03-08	15-44 Jahre	325	311.845314544276	0.665802525111232	nein
2026-03-15	15-44 Jahre	283	311.61104311724	-1.48180434903401	nein
2026-03-22	15-44 Jahre	335	311.376440455424	1.18982640377887	nein
2026-03-29	15-44 Jahre	267	311.1415256739	-2.30821845661284	nein
2026-04-05	15-44 Jahre	296	310.906317833849	-0.766650271153685	nein
2026-04-12	15-44 Jahre	318	310.670835942376	0.372528823851259	nein
2026-04-19	15-44 Jahre	303	310.435098952338	-0.381010820599886	nein
2026-04-26	15-44 Jahre	299	310.199125762191	-0.575222983419692	nein
2026-05-03	15-44 Jahre	314	309.962935215834	0.205699467522857	nein
2026-05-10	15-44 Jahre	316	309.726546102479	0.319343372744216	nein
2026-05-17	15-44 Jahre	290	309.489977156523	-1.00643036656377	nein
2026-05-24	15-44 Jahre	314	309.253247057434	0.241934587431577	nein
2026-05-31	15-44 Jahre	320	309.016374429652	0.558097694583106	nein
2026-06-07	15-44 Jahre	310	308.779377842493	0.0623588685067381	nein
2026-06-14	15-44 Jahre	314	308.542275810077	0.278252512795718	nein
2026-06-21	15-44 Jahre	313	308.305086791248	0.239512045780439	nein
2026-06-28	15-44 Jahre	433	308.067829189526	6.02229666596463	nein
2026-07-05	15-44 Jahre	424	307.830521353058	5.6217707944118	nein
2026-07-12	15-44 Jahre	337	307.593181574577	1.4819561448559	nein
2026-07-19	15-44 Jahre	314	307.355828091385	0.33889191993633	nein
2026-07-26	15-44 Jahre	260	307.118479085334	-2.47875200047326	nein
2026-08-02	15-44 Jahre	309	306.881152682823	0.108382117210474	nein
2026-08-09	15-44 Jahre	332	306.643866954808	1.28149202717691	nein
2026-08-16	15-44 Jahre	306	306.406639916818	-0.0208373608613926	ja
2026-08-23	15-44 Jahre	276	306.169489528984	-1.57251196607177	ja
2026-08-30	15-44 Jahre	245	305.932433696078	-3.23700019733052	ja
2026-09-06	15-44 Jahre	307	305.695490267566	0.0668250372250978	ja
2026-09-13	15-44 Jahre	287	305.458677037663	-0.956224165767218	ja
2026-09-20	15-44 Jahre	289	305.222011745409	-0.839458891131859	ja
2026-09-27	15-44 Jahre	321	304.985512074744	0.81440137981623	ja
2016-10-09	45-64 Jahre	2261	2181.90274100469	1.13221488791287	nein
2016-10-16	45-64 Jahre	2249	2192.03604811886	0.815049448349182	nein
2016-10-23	45-64 Jahre	2221	2202.92845379181	0.258740214626076	nein
2016-10-30	45-64 Jahre	2281	2214.42760863799	0.947446472017504	nein
2016-11-06	45-64 Jahre	2243	2226.37027034913	0.236956311148449	nein
2016-11-13	45-64 Jahre	2293	2238.58422467087	0.771233383537786	nein
2016-11-20	45-64 Jahre	2294	2250.89047726311	0.609925308984946	nein
2016-11-27	45-64 Jahre	2191	2263.10570589699	-1.02628607043867	nein
2016-12-04	45-64 Jahre	2367	2275.04494983649	1.28994533223169	nein
2016-12-11	45-64 Jahre	2311	2286.52449981673	0.34419114204453	nein
2016-12-18	45-64 Jahre	2266	2297.36493850941	-0.441877100476182	nein
2016-12-25	45-64 Jahre	2369	2307.39426860198	0.86034916998464	nein
2017-01-01	45-64 Jahre	2290	2316.45105450075	-0.371056056747804	nein
2017-01-08	45-64 Jahre	2503	2324.38749507418	2.46587961749758	nein
2017-01-15	45-64 Jahre	2497	2331.07233956386	2.28978940569038	nein
2017-01-22	45-64 Jahre	2488	2336.39355743318	2.09211971771086	nein
2017-01-29	45-64 Jahre	2440	2340.26067589254	1.38033190033191	nein
2017-02-05	45-64 Jahre	2569	2342.60670625428	3.10524847886318	nein
2017-02-12	45-64 Jahre	2511	2343.38959193975	2.30800238936539	nein
2017-02-19	45-64 Jahre	2521	2342.59312638317	2.45564148763192	nein
2017-02-26	45-64 Jahre	2435	2340.22730746416	1.31279933872734	nein
2017-03-05	45-64 Jahre	2373	2336.32811543268	0.510547947441868	nein
2017-03-12	45-64 Jahre	2295	2330.95672239074	-0.503852479123123	nein
2017-03-19	45-64 Jahre	2310	2324.19816202753	-0.198963957368882	nein
2017-03-26	45-64 Jahre	2245	2316.15950726757	-1.0032319371121	nein
2017-04-02	45-64 Jahre	2193	2306.96761971928	-1.61537449416598	nein
2017-04-09	45-64 Jahre	2186	2296.7665474519	-1.57340609493614	nein
2017-04-16	45-64 Jahre	2254	2285.71465610608	-0.449014676453649	nein
2017-04-23	45-64 Jahre	2123	2273.98158239003	-2.16282293608211	nein
2017-04-30	45-64 Jahre	2390	2261.74509867277	1.80490890187393	nein
2017-05-07	45-64 Jahre	2260	2249.18797299156	0.153897688784064	nein
2017-05-14	45-64 Jahre	2257	2236.49490091631	0.292522303594017	nein
2017-05-21	45-64 Jahre	2215	2223.84957511229	-0.126898494949978	nein
2017-05-28	45-64 Jahre	2165	2211.43194597265	-0.669675513826911	nein
2017-06-04	45-64 Jahre	2246	2199.41571324871	0.669069174955505	nein
2017-06-11	45-64 Jahre	2199	2187.96607504838	0.159332933762367	nein
2017-06-18	45-64 Jahre	2146	2177.23774767598	-0.453716335859996	nein
2017-06-25	45-64 Jahre	2287	2167.3732581968	1.72191355684588	nein
2017-07-02	45-64 Jahre	2088	2158.50150181842	-1.03189895961027	nein
2017-07-09	45-64 Jahre	2160	2150.73654852377	0.13500383339413	nein
2017-07-16	45-64 Jahre	2138	2144.17667803812	-0.0902751825373145	nein
2017-07-23	45-64 Jahre	2193	2138.90361919701	0.788045472020709	nein
2017-07-30	45-64 Jahre	2169	2134.98196900606	0.496840478114263	nein
2017-08-06	45-64 Jahre	2210	2132.45876795233	1.1295496538568	nein
2017-08-13	45-64 Jahre	2083	2131.36321116368	-0.71172647302064	nein
2017-08-20	45-64 Jahre	2148	2131.70647948552	0.238577471934485	nein
2017-08-27	45-64 Jahre	2132	2133.48168008248	-0.0217194351446173	nein
2017-09-03	45-64 Jahre	2097	2136.66389237867	-0.58280726091265	nein
2017-09-10	45-64 Jahre	2125	2141.21032161613	-0.237525789085105	nein
2017-09-17	45-64 Jahre	2083	2147.06056862124	-0.941027981358837	nein
2017-09-24	45-64 Jahre	2162	2154.13703011367	0.114679097910438	nein
2017-10-01	45-64 Jahre	2112	2162.34544867112	-0.736272697247786	nein
2017-10-08	45-64 Jahre	2238	2171.57563489989	0.960792807348374	nein
2017-10-15	45-64 Jahre	2193	2181.70238611281	0.163729836944698	nein
2017-10-22	45-64 Jahre	2216	2192.58662559429	0.338186622124365	nein
2017-10-29	45-64 Jahre	2175	2204.07678411876	-0.420586766570767	nein
2017-11-05	45-64 Jahre	2156	2216.0104406641	-0.867762222887717	nein
2017-11-12	45-64 Jahre	2204	2228.2162322208	-0.348265217021198	nein
2017-11-19	45-64 Jahre	2301	2240.51603337843	0.8620477188353	nein
2017-11-26	45-64 Jahre	2256	2252.72739526349	0.0467130951590891	nein
2017-12-03	45-64 Jahre	2279	2264.66622085843	0.203895399757827	nein
2017-12-10	45-64 Jahre	2226	2276.1496403576	-0.714957904402442	nein
2017-12-17	45-64 Jahre	2273	2286.99903675252	-0.198569842041832	nein
2017-12-24	45-64 Jahre	2302	2297.04315912563	0.070059521773955	nein
2017-12-31	45-64 Jahre	2246	2306.12125005496	-0.852108020120338	nein
2018-01-07	45-64 Jahre	2375	2314.08610496108	0.854365238438237	nein
2018-01-14	45-64 Jahre	2393	2320.80697594462	1.01031743326948	nein
2018-01-21	45-64 Jahre	2433	2326.17223128891	1.48973619960523	nein
2018-01-28	45-64 Jahre	2355	2330.0916847343	0.349071748447749	nein
2018-02-04	45-64 Jahre	2407	2332.49851598703	1.03994661815869	nein
2018-02-11	45-64 Jahre	2300	2333.35071551868	-0.469046788205955	nein
2018-02-18	45-64 Jahre	2507	2332.63200204368	2.41744383004264	nein
2018-02-25	45-64 Jahre	2753	2330.35217934876	5.76809476242607	nein
2018-03-04	45-64 Jahre	2869	2326.54691937586	7.35411016008521	nein
2018-03-11	45-64 Jahre	3000	2321.27697945789	9.13621432959122	nein
2018-03-18	45-64 Jahre	2749	2314.62688214501	5.94387457841223	nein
2018-03-25	45-64 Jahre	2634	2306.7031049412	4.51739683850833	nein
2018-04-01	45-64 Jahre	2405	2297.63184343606	1.50716506924595	nein
2018-04-08	45-64 Jahre	2502	2287.55642391542	2.99461241291702	nein
2018-04-15	45-64 Jahre	2332	2276.63444999262	0.783707608822275	nein
2018-04-22	45-64 Jahre	2327	2265.03477185162	0.878981166495164	nein
2018-04-29	45-64 Jahre	2225	2252.93436637658	-0.39996058731628	nein
2018-05-06	45-64 Jahre	2211	2240.5152120896	-0.42383794298953	nein
2018-05-13	45-64 Jahre	2191	2227.96123499935	-0.532582161924462	nein
2018-05-20	45-64 Jahre	2149	2215.4553909269	-0.962483866170415	nein
2018-05-27	45-64 Jahre	2191	2203.17693747522	-0.176126839634957	nein
2018-06-03	45-64 Jahre	2213	2191.29893543576	0.313933156299826	nein
2018-06-10	45-64 Jahre	2198	2179.98600593488	0.261346494214904	nein
2018-06-17	45-64 Jahre	2152	2169.39235678641	-0.253634870593084	nein
2018-06-24	45-64 Jahre	2172	2159.66007997732	0.179949949780785	nein
2018-07-01	45-64 Jahre	2234	2150.91771246355	1.20751003865097	nein
2018-07-08	45-64 Jahre	2182	2143.2790448241	0.565674348281034	nein
2018-07-15	45-64 Jahre	2122	2136.84215698736	-0.21806260826685	nein
2018-07-22	45-64 Jahre	2156	2131.68865723498	0.356532357613379	nein
2018-07-29	45-64 Jahre	2279	2127.88309991104	2.19688618570654	nein
2018-08-05	45-64 Jahre	2473	2125.47255852279	4.98378153728203	nein
2018-08-12	45-64 Jahre	2273	2124.48633394078	2.16122295066842	nein
2018-08-19	45-64 Jahre	2148	2124.93578185987	0.338833804152763	nein
2018-08-26	45-64 Jahre	2168	2126.81424919938	0.603947120880967	nein
2018-09-02	45-64 Jahre	2125	2130.09711530618	-0.0749566398385336	nein
2018-09-09	45-64 Jahre	2123	2134.74194027102	-0.172575410743509	nein
2018-09-16	45-64 Jahre	2109	2140.68872896324	-0.465817580568078	nein
2018-09-23	45-64 Jahre	2214	2147.86032512255	0.963294861015145	nein
2018-09-30	45-64 Jahre	2097	2156.16295462058	-0.868380325817587	nein
2018-10-07	45-64 Jahre	2225	2165.48694044286	0.863664938321741	nein
2018-10-14	45-64 Jahre	2150	2175.7076137018	-0.374612477755953	nein
2018-10-21	45-64 Jahre	2169	2186.68644478447	-0.256905228367901	nein
2018-10-28	45-64 Jahre	2149	2198.27241634717	-0.71549993402944	nein
2018-11-04	45-64 Jahre	2169	2210.30365517024	-0.597727829799938	nein
2018-11-11	45-64 Jahre	2234	2222.60933287696	0.163716095874352	nein
2018-11-18	45-64 Jahre	2164	2235.01183633322	-1.02405609128496	nein
2018-11-25	45-64 Jahre	2218	2247.32919746996	-0.420419393492003	nein
2018-12-02	45-64 Jahre	2303	2259.37775975539	0.620229215401075	nein
2018-12-09	45-64 Jahre	2212	2270.97504519447	-0.842648300504816	nein
2018-12-16	45-64 Jahre	2190	2281.94277228606	-1.31363077556147	nein
2018-12-23	45-64 Jahre	2305	2292.10996266093	0.182323586653441	nein
2018-12-30	45-64 Jahre	2183	2301.31606304157	-1.68627594684372	nein
2019-01-06	45-64 Jahre	2293	2309.41400057417	-0.231756881291635	nein
2019-01-13	45-64 Jahre	2382	2316.27308426826	0.92118433735994	nein
2019-01-20	45-64 Jahre	2353	2321.78166386039	0.438072418175453	nein
2019-01-27	45-64 Jahre	2399	2325.84946029417	1.02254246072537	nein
2019-02-03	45-64 Jahre	2429	2328.40948930175	1.40265330407095	nein
2019-02-10	45-64 Jahre	2447	2329.41951109514	1.63729833496217	nein
2019-02-17	45-64 Jahre	2419	2328.8629544376	1.25771412847378	nein
2019-02-24	45-64 Jahre	2388	2326.74928158544	0.856793679320481	nein
2019-03-03	45-64 Jahre	2514	2323.11378075819	2.64853865050251	nein
2019-03-10	45-64 Jahre	2484	2318.01679374562	2.30950458726544	nein
2019-03-17	45-64 Jahre	2363	2311.54240676321	0.722754363380529	nein
2019-03-24	45-64 Jahre	2328	2303.79665153159	0.341202103245994	nein
2019-03-31	45-64 Jahre	2215	2294.90527971815	-1.13733155244046	nein
2019-04-07	45-64 Jahre	2287	2285.01118649129	0.0282002772692078	nein
2019-04-14	45-64 Jahre	2161	2274.27156742439	-1.62390854371331	nein
2019-04-21	45-64 Jahre	2226	2262.85489707574	-0.526701462998543	nein
2019-04-28	45-64 Jahre	2243	2250.937817303	-0.113502622368858	nein
2019-05-05	45-64 Jahre	2146	2238.70201907243	-1.33777012416937	nein
2019-05-12	45-64 Jahre	2111	2226.33119375952	-1.67199296687599	nein
2019-05-19	45-64 Jahre	2172	2214.00811945651	-0.607292190719052	nein
2019-05-26	45-64 Jahre	2165	2201.91193545172	-0.534892453604659	nein
2019-06-02	45-64 Jahre	2149	2190.21564471629	-0.599065076397242	nein
2019-06-09	45-64 Jahre	2185	2179.08387077823	0.0858995840348021	nein
2019-06-16	45-64 Jahre	2165	2168.67088255295	-0.0534667599367906	nein
2019-06-23	45-64 Jahre	2181	2159.11888917744	0.318777129007142	nein
2019-06-30	45-64 Jahre	2313	2150.55659715317	2.34632177591893	nein
2019-07-07	45-64 Jahre	2168	2143.0980144752	0.364047061565839	nein
2019-07-14	45-64 Jahre	2059	2136.84148108533	-1.1488821385002	nein
2019-07-21	45-64 Jahre	2193	2131.8689019696	0.893514225333469	nein
2019-07-28	45-64 Jahre	2291	2128.24515843045	2.36267101809419	nein
2019-08-04	45-64 Jahre	2165	2126.01767431042	0.571515886452861	nein
2019-08-11	45-64 Jahre	2045	2125.21611695381	-1.18736797252021	nein
2019-08-18	45-64 Jahre	1995	2125.85221713739	-1.94454815694041	nein
2019-08-25	45-64 Jahre	2110	2127.91969771245	-0.263754676941357	nein
2019-09-01	45-64 Jahre	2174	2131.39430688465	0.623622694926163	nein
2019-09-08	45-64 Jahre	2051	2136.23395850861	-1.25871042711901	nein
2019-09-15	45-64 Jahre	2077	2142.37898807751	-0.962524768638927	nein
2019-09-22	45-64 Jahre	2134	2149.75253883529	-0.230597198106757	nein
2019-09-29	45-64 Jahre	2209	2158.26109723052	0.737465184017093	nein
2019-10-06	45-64 Jahre	2083	2167.79520038934	-1.24263664805255	nein
2019-10-13	45-64 Jahre	2185	2178.23034006702	0.0982576223939493	nein
2019-10-20	45-64 Jahre	2178	2189.42808735221	-0.165662874520859	nein
2019-10-27	45-64 Jahre	2137	2201.23746002527	-0.932368120558311	nein
2019-11-03	45-64 Jahre	2197	2213.49654978821	-0.237874872947231	nein
2019-11-10	45-64 Jahre	2242	2226.03441958084	0.228986200046577	nein
2019-11-17	45-64 Jahre	2275	2238.67327200908	0.518710243452877	nein
2019-11-24	45-64 Jahre	2174	2251.23087882326	-1.10894582276059	nein
2019-12-01	45-64 Jahre	2204	2263.52324884405	-0.851108973504237	nein
2019-12-08	45-64 Jahre	2366	2275.36749834506	1.27832619282057	nein
2019-12-15	45-64 Jahre	2213	2286.58487440307	-1.04770300738978	nein
2019-12-22	45-64 Jahre	2248	2297.00386895641	-0.694796015686493	nein
2019-12-29	45-64 Jahre	2101	2306.46335015744	-2.94137001861321	nein
2020-01-05	45-64 Jahre	2308	2314.81562893654	-0.0959536860526642	nein
2020-01-12	45-64 Jahre	2346	2321.92937329946	0.337599196226366	nein
2020-01-19	45-64 Jahre	2365	2327.69228138389	0.522110098366782	nein
2020-01-26	45-64 Jahre	2241	2332.01342710737	-1.28436094350924	nein
2020-02-02	45-64 Jahre	2358	2334.82519947393	0.324163894196899	nein
2020-02-09	45-64 Jahre	2313	2336.0847680906	-0.323898452024088	nein
2020-02-16	45-64 Jahre	2367	2335.77499280853	0.436474988205131	nein
2020-02-23	45-64 Jahre	2296	2333.90471381685	-0.532723065015296	nein
2020-03-01	45-64 Jahre	2342	2330.50864789656	0.161062486879791	nein
2020-03-08	45-64 Jahre	2305	2325.6466585949	-0.290381835648348	nein
2020-03-15	45-64 Jahre	2339	2319.40245760327	0.275230039952072	nein
2020-03-22	45-64 Jahre	2395	2311.88181385934	1.16408078246252	nein
2020-03-29	45-64 Jahre	2336	2303.21033329011	0.461776493067714	nein
2020-04-05	45-64 Jahre	2352	2293.53088483031	0.823720575442939	nein
2020-04-12	45-64 Jahre	2386	2283.00075694226	1.44993146039823	nein
2020-04-19	45-64 Jahre	2206	2271.78863305215	-0.939959343488656	nein
2020-04-26	45-64 Jahre	2227	2260.07147413769	-0.472630586984491	nein
2020-05-03	45-64 Jahre	2208	2248.03139247548	-0.5739826642735	nein
2020-05-10	45-64 Jahre	2238	2235.85259284733	0.0307793231378105	nein
2020-05-17	45-64 Jahre	2188	2223.71844705634	-0.514858569061476	nein
2020-05-24	45-64 Jahre	2164	2211.8087552683	-0.691676228774609	nein
2020-05-31	45-64 Jahre	2228	2200.29723436038	0.399567846446788	nein
2020-06-07	45-64 Jahre	2161	2189.34925998423	-0.411681200191304	nein
2020-06-14	45-64 Jahre	2123	2179.11987620955	-0.818672201449817	nein
2020-06-21	45-64 Jahre	2149	2169.75207505229	-0.302564523748489	nein
2020-06-28	45-64 Jahre	2176	2161.37533840719	0.213064710861852	nein
2020-07-05	45-64 Jahre	2203	2154.10442723327	0.711699350353355	nein
2020-07-12	45-64 Jahre	2080	2148.03839746145	-1.00081009764983	nein
2020-07-19	45-64 Jahre	2156	2143.25981904216	0.186430009092932	nein
2020-07-26	45-64 Jahre	2139	2139.83417373628	-0.012229479664782	nein
2020-08-02	45-64 Jahre	2222	2137.80940848362	1.22683568274956	nein
2020-08-09	45-64 Jahre	2135	2137.21562418916	-0.0325063654186387	nein
2020-08-16	45-64 Jahre	2378	2138.06488421813	3.45616100514299	nein
2020-08-23	45-64 Jahre	2105	2140.35113241923	-0.519619570974328	nein
2020-08-30	45-64 Jahre	2040	2144.05021670475	-1.53645577304119	nein
2020-09-06	45-64 Jahre	2134	2149.12002069885	-0.221434333962092	nein
2020-09-13	45-64 Jahre	2103	2155.50071230493	-0.769967965712698	nein
2020-09-20	45-64 Jahre	2157	2163.11512382687	-0.0891990089855073	nein
2020-09-27	45-64 Jahre	2137	2171.86928310501	-0.508707296111653	nein
2020-10-04	45-64 Jahre	2196	2181.65311861375	0.208037655878551	nein
2020-10-11	45-64 Jahre	2162	2192.34136326736	-0.44036764690713	nein
2020-10-18	45-64 Jahre	2222	2203.7946814983	0.262552394203063	nein
2020-10-25	45-64 Jahre	2271	2215.86104178564	0.790806357218654	nein
2020-11-01	45-64 Jahre	2170	2228.37735209216	-0.84197347065454	nein
2020-11-08	45-64 Jahre	2245	2241.1713686094	0.054799984159622	nein
2020-11-15	45-64 Jahre	2240	2254.06387894146	-0.200972039536137	nein
2020-11-22	45-64 Jahre	2293	2266.87114966853	0.371193229047367	nein
2020-11-29	45-64 Jahre	2374	2279.40761557094	1.33344049975409	nein
2020-12-06	45-64 Jahre	2352	2291.48877427066	0.85278273003551	nein
2020-12-13	45-64 Jahre	2477	2302.934236406	2.42755989557591	nein
2020-12-20	45-64 Jahre	2469	2313.57086854125	2.16541776114071	nein
2020-12-27	45-64 Jahre	2466	2323.23595472338	1.98655146673615	nein
2021-01-03	45-64 Jahre	2579	2331.78029381189	3.40965391034045	nein
2021-01-10	45-64 Jahre	2634	2339.07114422261	4.04873883734862	nein
2021-01-17	45-64 Jahre	2646	2344.99492617491	4.12551591130716	nein
2021-01-24	45-64 Jahre	2570	2349.45959432488	3.03600312899998	nein
2021-01-31	45-64 Jahre	2439	2352.3966009347	1.2023761645457	nein
2021-02-07	45-64 Jahre	2494	2353.76238129037	1.9394393711394	nein
2021-02-14	45-64 Jahre	2460	2353.53930844445	1.47588959675899	nein
2021-02-21	45-64 Jahre	2447	2351.73608274306	1.32229643585022	nein
2021-02-28	45-64 Jahre	2241	2348.38754197999	-1.51342902858218	nein
2021-03-07	45-64 Jahre	2246	2343.55389922681	-1.37543339936543	nein
2021-03-14	45-64 Jahre	2316	2337.31943617227	-0.299364647921428	nein
2021-03-21	45-64 Jahre	2170	2329.7906989586	-2.27068097913534	nein
2021-03-28	45-64 Jahre	2313	2321.09425994647	-0.113973518542279	nein
2021-04-04	45-64 Jahre	2341	2311.37412171041	0.416947552766196	nein
2021-04-11	45-64 Jahre	2358	2300.7888482719	0.805514653621271	nein
2021-04-18	45-64 Jahre	2459	2289.50851283698	2.37363790729032	nein
2021-04-25	45-64 Jahre	2511	2277.71155115307	3.26128284864099	nein
2021-05-02	45-64 Jahre	2591	2265.58160535744	4.53305135996026	nein
2021-05-09	45-64 Jahre	2541	2253.30443542852	4.02852884106595	nein
2021-05-16	45-64 Jahre	2279	2241.06496481925	0.542111889795486	nein
2021-05-23	45-64 Jahre	2341	2229.04451440961	1.59562879734966	nein
2021-05-30	45-64 Jahre	2237	2217.41826546104	0.281726164542752	nein
2021-06-06	45-64 Jahre	2290	2206.35297865408	1.20076813451819	nein
2021-06-13	45-64 Jahre	2294	2196.00498332495	1.40855940155491	nein
2021-06-20	45-64 Jahre	2404	2186.51843933983	3.10577415117385	nein
2021-06-27	45-64 Jahre	2196	2178.0238641607	0.261009351822223	nein
2021-07-04	45-64 Jahre	2249	2170.63690990285	1.13457137959535	nein
2021-07-11	45-64 Jahre	2197	2164.45736974384	0.473472275778381	nein
2021-07-18	45-64 Jahre	2260	2159.56838995123	1.45538731945736	nein
2021-07-25	45-64 Jahre	2247	2156.03586296222	1.32019765812746	nein
2021-08-01	45-64 Jahre	2161	2153.90797817756	0.103639309056725	nein
2021-08-08	45-64 Jahre	2199	2153.21491015243	0.667203557524857	nein
2021-08-15	45-64 Jahre	2155	2153.96862834392	0.0150786923764143	nein
2021-08-22	45-64 Jahre	2152	2156.16281813794	-0.0608533539568977	nein
2021-08-29	45-64 Jahre	2193	2159.77290912661	0.483917584367618	nein
2021-09-05	45-64 Jahre	2251	2164.75621312848	1.24956913145584	nein
2021-09-12	45-64 Jahre	2263	2171.05218081829	1.32969713133297	nein
2021-09-19	45-64 Jahre	2176	2178.58279164385	-0.0375522996538136	nein
2021-09-26	45-64 Jahre	2300	2187.25309654903	1.6218776515118	nein
2021-10-03	45-64 Jahre	2187	2196.95193650895	-0.144153829644228	nein
2021-10-10	45-64 Jahre	2331	2207.5528616686	1.76614882694726	nein
2021-10-17	45-64 Jahre	2383	2218.91527566073	2.33463192742489	nein
2021-10-24	45-64 Jahre	2342	2230.88582724207	1.58265491854813	nein
2021-10-31	45-64 Jahre	2359	2243.30006660088	1.64278170395347	nein
2021-11-07	45-64 Jahre	2357	2255.98437654801	1.43166857838239	nein
2021-11-14	45-64 Jahre	2414	2268.7581794429	2.04613080620006	nein
2021-11-21	45-64 Jahre	2581	2281.43640941882	4.16410221250577	nein
2021-11-28	45-64 Jahre	2688	2293.83222671329	5.43053847866953	nein
2021-12-05	45-64 Jahre	2784	2305.75993729602	6.53684200016198	nein
2021-12-12	45-64 Jahre	2780	2317.03806726971	6.31897405405915	nein
2021-12-19	45-64 Jahre	2656	2327.49252855143	4.51250543385206	nein
2021-12-26	45-64 Jahre	2603	2336.95980102675	3.66198205901664	nein
2022-01-02	45-64 Jahre	2592	2345.29004759161	3.39418778961564	nein
2022-01-09	45-64 Jahre	2559	2352.35007305543	2.84632910094567	nein
2022-01-16	45-64 Jahre	2401	2358.02603641061	0.597824114222452	nein
2022-01-23	45-64 Jahre	2376	2362.2258288846	0.191835813174012	nein
2022-01-30	45-64 Jahre	2429	2364.88103760742	0.889374737273921	nein
2022-02-06	45-64 Jahre	2373	2365.94842646315	0.0981797043041732	nein
2022-02-13	45-64 Jahre	2420	2365.4108812459	0.75764113900281	nein
2022-02-20	45-64 Jahre	2318	2363.27778481573	-0.633156283740029	nein
2022-02-27	45-64 Jahre	2310	2359.58480851791	-0.694183235135321	nein
2022-03-06	45-64 Jahre	2275	2354.3931275011	-1.11519938268983	nein
2022-03-13	45-64 Jahre	2322	2347.78808849256	-0.361373120489134	nein
2022-03-20	45-64 Jahre	2290	2339.8773778448	-0.701392578102906	nein
2022-03-27	45-64 Jahre	2341	2330.78875417312	0.143265395252519	nein
2022-04-03	45-64 Jahre	2367	2320.66742279182	0.649840103482864	nein
2022-04-10	45-64 Jahre	2421	2309.67313783801	1.55806441253404	nein
2022-04-17	45-64 Jahre	2323	2297.97712216945	0.353261515026143	nein
2022-04-24	45-64 Jahre	2263	2285.75889487638	-0.3232957890537	nein
2022-05-01	45-64 Jahre	2240	2273.20309188682	-0.473351301325044	nein
2022-05-08	45-64 Jahre	2224	2260.49635725024	-0.521917133821651	nein
2022-05-15	45-64 Jahre	2387	2247.82437201283	1.97055950309425	nein
2022-05-22	45-64 Jahre	2254	2235.3690750188	0.266846188306773	nein
2022-05-29	45-64 Jahre	2036	2223.30611639041	-2.73309629026264	nein
2022-06-05	45-64 Jahre	2155	2211.80257072684	-0.822595474788563	nein
2022-06-12	45-64 Jahre	2192	2201.01492400481	-0.130396302762185	nein
2022-06-19	45-64 Jahre	2230	2191.08733641732	0.562085536534266	nein
2022-06-26	45-64 Jahre	2293	2182.15017345466	1.59587676860953	nein
2022-07-03	45-64 Jahre	2291	2174.31878975165	1.6820704475979	nein
2022-07-10	45-64 Jahre	2178	2167.69254477704	0.150010636828683	nein
2022-07-17	45-64 Jahre	2321	2162.35402635534	2.28612355755791	nein
2022-07-24	45-64 Jahre	2414	2158.36845719482	3.66123925224948	nein
2022-07-31	45-64 Jahre	2311	2155.78326084872	2.24054358344078	nein
2022-08-07	45-64 Jahre	2196	2154.62776658201	0.602467718054245	nein
2022-08-14	45-64 Jahre	2305	2154.91303711665	2.16766122102688	nein
2022-08-21	45-64 Jahre	2329	2156.63180880761	2.48436629461001	nein
2022-08-28	45-64 Jahre	2258	2159.75854005768	1.42269119870456	nein
2022-09-04	45-64 Jahre	2158	2164.24957029635	-0.0911270807404618	nein
2022-09-11	45-64 Jahre	2168	2170.04339820453	-0.0297446526750534	nein
2022-09-18	45-64 Jahre	2167	2177.06109364784	-0.146299628259284	nein
2022-09-25	45-64 Jahre	2206	2185.20686257887	0.301063300444261	nein
2022-10-02	45-64 Jahre	2324	2194.36878760315	1.8578282095531	nein
2022-10-09	45-64 Jahre	2383	2204.41976862647	2.54441946717431	nein
2022-10-16	45-64 Jahre	2382	2215.21868772272	2.37242704502481	nein
2022-10-23	45-64 Jahre	2426	2226.61181986125	2.82235518785778	nein
2022-10-30	45-64 Jahre	2270	2238.43450629266	0.45101685738203	nein
2022-11-06	45-64 Jahre	2229	2250.5131002105	-0.307732588758898	nein
2022-11-13	45-64 Jahre	2259	2262.6671849264	-0.0522400907170019	nein
2022-11-20	45-64 Jahre	2348	2274.71205351548	1.03531923664483	nein
2022-11-27	45-64 Jahre	2377	2286.46142616983	1.27403844328293	nein
2022-12-04	45-64 Jahre	2481	2297.73036795807	2.55583050890646	nein
2022-12-11	45-64 Jahre	2602	2308.33835608213	4.0554682835057	nein
2022-12-18	45-64 Jahre	2742	2318.11243290079	5.79235023698939	nein
2022-12-25	45-64 Jahre	2831	2326.89036985074	6.84111103515148	nein
2023-01-01	45-64 Jahre	2677	2334.52375881992	4.68781369726102	nein
2023-01-08	45-64 Jahre	2683	2340.88094230284	4.6766546096725	nein
2023-01-15	45-64 Jahre	2437	2345.84969241827	1.2656756063659	nein
2023-01-22	45-64 Jahre	2402	2349.33955199019	0.732618714382741	nein
2023-01-29	45-64 Jahre	2270	2351.28375849596	-1.14118635947024	nein
2023-02-05	45-64 Jahre	2447	2351.64068357101	1.32208319147934	nein
2023-02-12	45-64 Jahre	2347	2350.39473641473	-0.0474050388983949	nein
2023-02-19	45-64 Jahre	2311	2347.5566980652	-0.512027411078314	nein
2023-02-26	45-64 Jahre	2281	2343.16347406737	-0.873163845405067	nein
2023-03-05	45-64 Jahre	2375	2337.27727436046	0.526788070408471	nein
2023-03-12	45-64 Jahre	2450	2329.98425000713	1.66909280224936	nein
2023-03-19	45-64 Jahre	2499	2321.39263546925	2.46494894066088	nein
2023-03-26	45-64 Jahre	2287	2311.63046143064	-0.347483056906502	nein
2023-04-02	45-64 Jahre	2342	2300.84291582282	0.579288551189674	nein
2023-04-09	45-64 Jahre	2355	2289.18943915056	0.927062768208452	nein
2023-04-16	45-64 Jahre	2306	2276.84064417819	0.412986005556396	nein
2023-04-23	45-64 Jahre	2282	2263.97514957671	0.25623491269758	nein
2023-04-30	45-64 Jahre	2263	2250.77641258967	0.174359527865058	nein
2023-05-07	45-64 Jahre	2254	2237.42963773687	0.237003182462808	nein
2023-05-14	45-64 Jahre	2162	2224.11882780416	-0.89648204621404	nein
2023-05-21	45-64 Jahre	2267	2211.0240307346	0.803091585257732	nein
2023-05-28	45-64 Jahre	2186	2198.31882244295	-0.178166213349109	nein
2023-06-04	45-64 Jahre	2141	2186.16805189036	-0.65676253679819	nein
2023-06-11	45-64 Jahre	2201	2174.72586175727	0.380963039871591	nein
2023-06-18	45-64 Jahre	2167	2164.13402705516	0.0417326029706123	nein
2023-06-25	45-64 Jahre	2210	2154.52064273541	0.806424009541594	nein
2023-07-02	45-64 Jahre	2069	2145.99882002411	-1.13309629258065	nein
2023-07-09	45-64 Jahre	2128	2138.66569905561	-0.156407205887551	nein
2023-07-16	45-64 Jahre	2119	2132.60171063059	-0.199797042158006	nein
2023-07-23	45-64 Jahre	2049	2127.87002099348	-1.16588627977813	nein
2023-07-30	45-64 Jahre	2006	2124.51613589423	-1.7590372273216	nein
2023-08-06	45-64 Jahre	1998	2122.56764325448	-1.85066786324456	nein
2023-08-13	45-64 Jahre	2046	2122.03407823813	-1.1253264705082	nein
2023-08-20	45-64 Jahre	2119	2122.90690005668	-0.0574807331577932	nein
2023-08-27	45-64 Jahre	2121	2125.15957601899	-0.061167136165984	nein
2023-09-03	45-64 Jahre	2002	2128.74777475104	-1.8806355680744	nein
2023-09-10	45-64 Jahre	2171	2133.60967674898	0.5469611772456	nein
2023-09-17	45-64 Jahre	2175	2139.66641607875	0.516216818727075	nein
2023-09-24	45-64 Jahre	2072	2146.82267170007	-1.10073349795435	nein
2023-10-01	45-64 Jahre	2081	2154.96743020201	-1.08595010050113	nein
2023-10-08	45-64 Jahre	2110	2163.97494335493	-0.789476687803339	nein
2023-10-15	45-64 Jahre	2234	2173.7059035313	0.872189972935813	nein
2023-10-22	45-64 Jahre	2222	2184.00885751882	0.549158724418527	nein
2023-10-29	45-64 Jahre	2238	2194.72187443525	0.623765677729131	nein
2023-11-05	45-64 Jahre	2288	2205.67447636462	1.18010687555706	nein
2023-11-12	45-64 Jahre	2236	2216.68983111829	0.277389653603021	nein
2023-11-19	45-64 Jahre	2269	2227.58719548248	0.592416149801148	nein
2023-11-26	45-64 Jahre	2339	2238.18458490708	1.43244630889024	nein
2023-12-03	45-64 Jahre	2456	2248.30163242825	2.92215325282098	nein
2023-12-10	45-64 Jahre	2472	2257.7625864414	3.00641944298947	nein
2023-12-17	45-64 Jahre	2371	2266.39938458347	1.4763455804777	nein
2023-12-24	45-64 Jahre	2429	2274.05473031852	2.1754414993486	nein
2023-12-31	45-64 Jahre	2379	2280.58509070023	1.38525091662063	nein
2024-01-07	45-64 Jahre	2348	2285.86352896809	0.875848611370996	nein
2024-01-14	45-64 Jahre	2446	2289.78228471535	2.18557483612229	nein
2024-01-21	45-64 Jahre	2443	2292.25501771503	2.108720638033	nein
2024-01-28	45-64 Jahre	2430	2293.21863919483	1.91491161357012	nein
2024-02-04	45-64 Jahre	2494	2292.63466620148	2.80701825621271	nein
2024-02-11	45-64 Jahre	2523	2290.49005016971	3.23598426432988	nein
2024-02-18	45-64 Jahre	2438	2286.79744911584	2.11799950475005	nein
2024-02-25	45-64 Jahre	2315	2281.59493299133	0.472428028997006	nein
2024-03-03	45-64 Jahre	2322	2274.94513249287	0.665847950644444	nein
2024-03-10	45-64 Jahre	2275	2266.93386181505	0.114677938479283	nein
2024-03-17	45-64 Jahre	2217	2257.66826427538	-0.581540514030291	nein
2024-03-24	45-64 Jahre	2188	2247.2745454062	-0.85086777541373	nein
2024-03-31	45-64 Jahre	2205	2235.89537017571	-0.443730792757883	nein
2024-04-07	45-64 Jahre	2149	2223.68700892945	-1.07936326543112	nein
2024-04-14	45-64 Jahre	2017	2210.81632019716	-2.83608114391936	nein
2024-04-21	45-64 Jahre	2162	2197.45765775793	-0.514067653272311	nein
2024-04-28	45-64 Jahre	2135	2183.78978464913	-0.710385795224556	nein
2024-05-05	45-64 Jahre	2216	2169.99286872744	0.667198493375832	nein
2024-05-12	45-64 Jahre	2044	2156.24562369659	-1.65341382089293	nein
2024-05-19	45-64 Jahre	2160	2142.72264706112	0.252736424005813	nein
2024-05-26	45-64 Jahre	2032	2129.59199312818	-1.44519631611277	nein
2024-06-02	45-64 Jahre	1991	2117.01300580476	-1.87617928896393	nein
2024-06-09	45-64 Jahre	2085	2105.13442327761	-0.298082725707801	nein
2024-06-16	45-64 Jahre	2250	2094.09275534161	2.28289200558928	nein
2024-06-23	45-64 Jahre	2102	2084.01092462968	0.266884995924611	nein
2024-06-30	45-64 Jahre	2270	2074.9971556052	2.85994276001953	nein
2024-07-07	45-64 Jahre	1981	2067.1440900604	-1.29427948112807	nein
2024-07-14	45-64 Jahre	2045	2060.52810503595	-0.232336159172066	nein
2024-07-21	45-64 Jahre	2037	2055.20880843025	-0.272867032114313	nein
2024-07-28	45-64 Jahre	2001	2051.22868889677	-0.755437591287057	nein
2024-08-04	45-64 Jahre	2060	2048.61289965481	0.170512413853565	nein
2024-08-11	45-64 Jahre	2001	2047.36916023071	-0.697853843467102	nein
2024-08-18	45-64 Jahre	2147	2047.48776553446	1.48010116555582	nein
2024-08-25	45-64 Jahre	1983	2048.94169767201	-0.993653734086035	nein
2024-09-01	45-64 Jahre	2045	2051.68684209788	-0.100202777401755	nein
2024-09-08	45-64 Jahre	2055	2055.66231572485	-0.0099101795029438	nein
2024-09-15	45-64 Jahre	1934	2060.7909200357	-1.9146182584302	nein
2024-09-22	45-64 Jahre	2090	2066.97973670535	0.342827719075588	nein
2024-09-29	45-64 Jahre	2086	2074.12088638828	0.176752806648987	nein
2024-10-06	45-64 Jahre	2078	2082.09247283725	-0.0608502812565376	nein
2024-10-13	45-64 Jahre	2171	2090.75973413273	1.18263626535665	nein
2024-10-20	45-64 Jahre	2147	2099.97642032647	0.693288675120301	nein
2024-10-27	45-64 Jahre	2111	2109.58641213899	0.0208664161046007	nein
2024-11-03	45-64 Jahre	1977	2119.42558851636	-2.12174688186769	nein
2024-11-10	45-64 Jahre	2189	2129.32394199561	0.872675630286536	nein
2024-11-17	45-64 Jahre	2103	2139.10793024477	-0.530701858955293	nein
2024-11-24	45-64 Jahre	2151	2148.60304028055	0.0350421276320437	nein
2024-12-01	45-64 Jahre	2252	2157.636529311	1.36691564116159	nein
2024-12-08	45-64 Jahre	2166	2166.04029361491	-0.000586686606019795	nein
2024-12-15	45-64 Jahre	2187	2173.65380515052	0.193768435118926	nein
2024-12-22	45-64 Jahre	2205	2180.32704551812	0.3573357422989	nein
2024-12-29	45-64 Jahre	2100	2185.92335929413	-1.25338970204957	nein
2025-01-05	45-64 Jahre	2275	2190.3221443269	1.21798756241205	nein
2025-01-12	45-64 Jahre	2368	2193.42129589627	2.49289415138981	nein
2025-01-19	45-64 Jahre	2324	2195.13932503123	1.84544127948104	nein
2025-01-26	45-64 Jahre	2405	2195.41707882642	2.98394936720271	nein
2025-02-02	45-64 Jahre	2392	2194.21900208468	2.81911368758517	nein
2025-02-09	45-64 Jahre	2459	2191.53389453142	3.79608276584562	nein
2025-02-16	45-64 Jahre	2490	2187.37513542813	4.28874502735502	nein
2025-02-23	45-64 Jahre	2465	2181.78036667649	4.02439527246393	nein
2025-03-02	45-64 Jahre	2470	2174.81064533448	4.19775605130431	nein
2025-03-09	45-64 Jahre	2368	2166.54909569883	2.88942576685736	nein
2025-03-16	45-64 Jahre	2328	2157.09910862684	2.46214963119118	nein
2025-03-23	45-64 Jahre	2289	2146.58215059355	2.06121547458697	nein
2025-03-30	45-64 Jahre	2167	2135.13525633711	0.466324480006756	nein
2025-04-06	45-64 Jahre	2179	2122.90828632897	0.821756224079526	nein
2025-04-13	45-64 Jahre	2137	2110.06103350207	0.396784757712365	nein
2025-04-20	45-64 Jahre	2118	2096.76026275841	0.313992614357749	nein
2025-04-27	45-64 Jahre	1983	2083.1767621021	-1.50055527125881	nein
2025-05-04	45-64 Jahre	2097	2069.48247637336	0.409309359940971	nein
2025-05-11	45-64 Jahre	1974	2055.84778421904	-1.23250288575572	nein
2025-05-18	45-64 Jahre	2055	2042.43896694567	0.188311108588999	nein
2025-05-25	45-64 Jahre	1938	2029.41590510427	-1.38686022740548	nein
2025-06-01	45-64 Jahre	2065	2016.93002585543	0.723115221850809	nein
2025-06-08	45-64 Jahre	2017	2005.12251207626	0.179729500750185	nein
2025-06-15	45-64 Jahre	2056	1994.12277338506	0.935031409206451	nein
2025-06-22	45-64 Jahre	1975	1984.04717022202	-0.137865460964592	nein
2025-06-29	45-64 Jahre	2053	1974.99797512297	1.18272447334292	nein
2025-07-06	45-64 Jahre	2060	1967.06255050131	1.41021894918236	nein
2025-07-13	45-64 Jahre	1889	1960.3127196176	-1.09906859819012	nein
2025-07-20	45-64 Jahre	1968	1954.80430685891	0.202174141039043	nein
2025-07-27	45-64 Jahre	1854	1950.57682477178	-1.49537435509301	nein
2025-08-03	45-64 Jahre	1872	1947.65328822286	-1.17005149249168	nein
2025-08-10	45-64 Jahre	1875	1946.04014028064	-1.09863806151198	nein
2025-08-17	45-64 Jahre	2012	1945.72727956773	1.01290801063426	nein
2025-08-24	45-64 Jahre	2047	1946.68818455538	1.52830905123181	nein
2025-08-31	45-64 Jahre	2001	1948.88013617965	0.796737502683678	nein
2025-09-07	45-64 Jahre	1912	1952.24454587374	-0.619457786210378	nein
2025-09-14	45-64 Jahre	1942	1956.70740125937	-0.225594017033023	nein
2025-09-21	45-64 Jahre	1959	1962.17984596552	-0.0486516602275089	nein
2025-09-28	45-64 Jahre	1938	1968.55891300996	-0.46780611018826	nein
2025-10-05	45-64 Jahre	1939	1975.72843259214	-0.561420831875728	nein
2025-10-12	45-64 Jahre	2009	1983.56013475693	0.385994031202489	nein
2025-10-19	45-64 Jahre	1973	1991.91496502035	-0.28739888793073	nein
2025-10-26	45-64 Jahre	2100	2000.64462661242	1.49144933554747	nein
2025-11-02	45-64 Jahre	2018	2009.59335650614	0.126825294167924	nein
2025-11-09	45-64 Jahre	2070	2018.59993401139	0.770824856610791	nein
2025-11-16	45-64 Jahre	2003	2027.49991070074	-0.368815682370076	nein
2025-11-23	45-64 Jahre	2016	2036.12803922478	-0.302181519826992	nein
2025-11-30	45-64 Jahre	2175	2044.32086672678	1.93403915500631	nein
2025-12-07	45-64 Jahre	2127	2051.91944675457	1.11378223001074	nein
2025-12-14	45-64 Jahre	2046	2058.77211254383	-0.190454323778414	nein
2025-12-21	45-64 Jahre	2207	2064.73724510034	2.09215958836301	nein
2025-12-28	45-64 Jahre	2049	2069.68596240114	-0.307738552177082	nein
2026-01-04	45-64 Jahre	2255	2073.50465194108	2.65483828150456	nein
2026-01-11	45-64 Jahre	2330	2076.09726829748	3.69125342023714	nein
2026-01-18	45-64 Jahre	2274	2077.38732068533	2.86943231122902	nein
2026-01-25	45-64 Jahre	2174	2077.31948269558	1.42170490458118	nein
2026-02-01	45-64 Jahre	2219	2075.8607673381	2.09796337360384	nein
2026-02-08	45-64 Jahre	2191	2073.00122466597	1.73393095505504	nein
2026-02-15	45-64 Jahre	2195	2068.75413590663	1.85576153385731	nein
2026-02-22	45-64 Jahre	2183	2063.15569623842	1.76486639975573	nein
2026-03-01	45-64 Jahre	2094	2056.26419707368	0.560243348024217	nein
2026-03-08	45-64 Jahre	2065	2048.15873684192	0.25095086838928	nein
2026-03-15	45-64 Jahre	1961	2038.93750575696	-1.17313941097956	nein
2026-03-22	45-64 Jahre	1931	2028.7157039768	-1.47711170922264	nein
2026-03-29	45-64 Jahre	1902	2017.62316320103	-1.75543270264716	nein
2026-04-05	45-64 Jahre	1996	2005.80174862644	-0.147927033989842	nein
2026-04-12	45-64 Jahre	2053	1993.40262109877	0.897079633745715	nein
2026-04-19	45-64 Jahre	1997	1980.58343834003	0.248791466825364	nein
2026-04-26	45-64 Jahre	1894	1967.50556962526	-1.12629822734597	nein
2026-05-03	45-64 Jahre	1917	1954.33139077253	-0.572155598311224	nein
2026-05-10	45-64 Jahre	1941	1941.22171648283	-0.00339865817002099	nein
2026-05-17	45-64 Jahre	1859	1928.3334156987	-1.07278788786108	nein
2026-05-24	45-64 Jahre	1910	1915.81724353771	-0.0897979523728699	nein
2026-05-31	45-64 Jahre	1956	1903.81591125698	0.803974316218582	nein
2026-06-07	45-64 Jahre	1863	1892.46240429349	-0.458498722804121	nein
2026-06-14	45-64 Jahre	1833	1881.87854825511	-0.764071264073816	nein
2026-06-21	45-64 Jahre	1933	1872.17381422687	0.943981755143283	nein
2026-06-28	45-64 Jahre	2770	1863.44434817641	13.2217014645744	nein
2026-07-05	45-64 Jahre	2638	1855.77220472249	11.5249148653495	nein
2026-07-12	45-64 Jahre	2005	1849.22476307577	2.41151308676763	nein
2026-07-19	45-64 Jahre	1855	1843.85430246703	0.174962886532145	nein
2026-07-26	45-64 Jahre	1782	1839.69771565391	-0.91231822389798	nein
2026-08-02	45-64 Jahre	1842	1836.77634188802	0.0821722340998322	nein
2026-08-09	45-64 Jahre	1845	1835.09590472563	0.155772969627317	nein
2026-08-16	45-64 Jahre	1768	1834.64654494548	-1.05552323919392	ja
2026-08-23	45-64 Jahre	1719	1835.40294424606	-1.85138696396412	ja
2026-08-30	45-64 Jahre	1726	1837.32454097438	-1.76836738350667	ja
2026-09-06	45-64 Jahre	1777	1840.35584453097	-1.00076277629757	ja
2026-09-13	45-64 Jahre	1814	1844.42685995222	-0.478491527935426	ja
2026-09-20	45-64 Jahre	1825	1849.45363815386	-0.383704627289814	ja
2026-09-27	45-64 Jahre	1781	1855.3389701159	-1.16955698990503	ja
2016-10-09	65-74 Jahre	2498	2520.49399087326	-0.248993644233611	nein
2016-10-16	65-74 Jahre	2646	2539.46820576407	1.16522807790499	nein
2016-10-23	65-74 Jahre	2640	2559.42821072299	0.879481500132924	nein
2016-10-30	65-74 Jahre	2607	2580.09866637925	0.293522647804254	nein
2016-11-06	65-74 Jahre	2628	2601.18736882955	0.29141606671129	nein
2016-11-13	65-74 Jahre	2653	2622.38878930262	0.331325850627187	nein
2016-11-20	65-74 Jahre	2722	2643.38821708863	0.845084341418128	nein
2016-11-27	65-74 Jahre	2580	2663.86647637833	-0.907433713536904	nein
2016-12-04	65-74 Jahre	2651	2683.50515390759	-0.349310346190907	nein
2016-12-11	65-74 Jahre	2770	2701.99223942241	0.723920634130919	nein
2016-12-18	65-74 Jahre	2811	2719.02804721543	0.974671770385904	nein
2016-12-25	65-74 Jahre	2838	2734.33125681422	1.09494329362417	nein
2017-01-01	65-74 Jahre	2926	2747.64488682961	1.87127633218582	nein
2017-01-08	65-74 Jahre	2920	2758.74200031361	1.69041916935673	nein
2017-01-15	65-74 Jahre	3129	2767.43093461252	3.74227503280803	nein
2017-01-22	65-74 Jahre	3030	2773.55985485909	2.66723493398498	nein
2017-01-29	65-74 Jahre	3002	2777.02044832173	2.34304311370103	nein
2017-02-05	65-74 Jahre	3306	2777.75060627884	5.41087686349547	nein
2017-02-12	65-74 Jahre	3128	2775.73597941885	3.64440421518144	nein
2017-02-19	65-74 Jahre	3035	2771.01033963189	2.74723991144904	nein
2017-02-26	65-74 Jahre	3140	2763.6547324304	3.8976302418335	nein
2017-03-05	65-74 Jahre	2924	2753.79545667545	1.78670693510615	nein
2017-03-12	65-74 Jahre	2809	2741.60095825939	0.713475321532255	nein
2017-03-19	65-74 Jahre	2692	2727.27776859156	-0.376821681053771	nein
2017-03-26	65-74 Jahre	2595	2711.06565436868	-1.24999720518447	nein
2017-04-02	65-74 Jahre	2597	2693.23217015521	-1.03872499462877	nein
2017-04-09	65-74 Jahre	2602	2674.06681863469	-0.779625052012771	nein
2017-04-16	65-74 Jahre	2488	2653.87502485602	-1.8126200634414	nein
2017-04-23	65-74 Jahre	2538	2632.9721211328	-1.0373468383394	nein
2017-04-30	65-74 Jahre	2686	2611.67751997144	0.806483354600647	nein
2017-05-07	65-74 Jahre	2588	2590.30922558664	-0.0252869653256069	nein
2017-05-14	65-74 Jahre	2619	2569.17880263175	0.546048539984905	nein
2017-05-21	65-74 Jahre	2578	2548.5868862478	0.324140203000458	nein
2017-05-28	65-74 Jahre	2506	2528.81928282435	-0.253358825432199	nein
2017-06-04	65-74 Jahre	2532	2510.14367808884	0.242884634446124	nein
2017-06-11	65-74 Jahre	2380	2492.80694001077	-1.2696501593477	nein
2017-06-18	65-74 Jahre	2375	2477.03297976801	-1.15139475050267	nein
2017-06-25	65-74 Jahre	2576	2463.02111543789	1.26031385040191	nein
2017-07-02	65-74 Jahre	2480	2450.94487046483	0.326769770735077	nein
2017-07-09	65-74 Jahre	2536	2440.95113225548	1.06655959764487	nein
2017-07-16	65-74 Jahre	2413	2433.15959509506	-0.228376563173991	nein
2017-07-23	65-74 Jahre	2608	2427.66241538558	2.0181916682292	nein
2017-07-30	65-74 Jahre	2435	2424.52401525586	0.118667436055412	nein
2017-08-06	65-74 Jahre	2517	2423.78098209545	1.05033172070217	nein
2017-08-13	65-74 Jahre	2441	2425.44202570198	0.176181310766943	nein
2017-08-20	65-74 Jahre	2531	2429.48797069055	1.14207586100656	nein
2017-08-27	65-74 Jahre	2451	2435.87177879848	0.170991203669621	nein
2017-09-03	65-74 Jahre	2447	2444.51861294243	0.0280240451445624	nein
2017-09-10	65-74 Jahre	2417	2455.32597156954	-0.433135189040047	nein
2017-09-17	65-74 Jahre	2536	2468.16393719954	0.759261851780688	nein
2017-09-24	65-74 Jahre	2504	2482.8755962786	0.236492283370068	nein
2017-10-01	65-74 Jahre	2502	2499.27769774177	0.0304163307719225	nein
2017-10-08	65-74 Jahre	2449	2517.1616241986	-0.762516644116643	nein
2017-10-15	65-74 Jahre	2610	2536.29475164676	0.813818224981122	nein
2017-10-22	65-74 Jahre	2635	2556.42227040748	0.864001328472014	nein
2017-10-29	65-74 Jahre	2580	2577.26953105568	0.0300489841059026	nein
2017-11-05	65-74 Jahre	2526	2598.54496422942	-0.798999150765495	nein
2017-11-12	65-74 Jahre	2595	2619.94360241979	-0.272758053913505	nein
2017-11-19	65-74 Jahre	2629	2641.15120564787	-0.132231877025513	nein
2017-11-26	65-74 Jahre	2725	2661.84896227444	0.681349977230988	nein
2017-12-03	65-74 Jahre	2716	2681.71870248666	0.369161111509195	nein
2017-12-10	65-74 Jahre	2748	2700.44852714143	0.509878284800861	nein
2017-12-17	65-74 Jahre	2674	2717.73872086077	-0.470133117688298	nein
2017-12-24	65-74 Jahre	2683	2733.3077880417	-0.539409686062743	nein
2017-12-31	65-74 Jahre	2715	2746.89842626643	-0.340783820001669	nein
2018-01-07	65-74 Jahre	2788	2758.28323579528	0.315641246379022	nein
2018-01-14	65-74 Jahre	2760	2767.26995828223	-0.0772659847247166	nein
2018-01-21	65-74 Jahre	2802	2773.70604380669	0.299726667450461	nein
2018-01-28	65-74 Jahre	2740	2777.4823631746	-0.39837212667664	nein
2018-02-04	65-74 Jahre	2845	2778.53591167728	0.701907468050874	nein
2018-02-11	65-74 Jahre	2957	2776.85138963328	1.89058902026608	nein
2018-02-18	65-74 Jahre	3081	2772.46159173968	3.2171886722314	nein
2018-02-25	65-74 Jahre	3372	2765.44658850946	6.23171818871049	nein
2018-03-04	65-74 Jahre	3636	2755.93173544496	8.9319240354852	nein
2018-03-11	65-74 Jahre	3696	2744.0845955602	9.64655524460742	nein
2018-03-18	65-74 Jahre	3448	2730.11090510971	7.37850281882503	nein
2018-03-25	65-74 Jahre	3266	2714.24974811535	5.73659585165652	nein
2018-04-01	65-74 Jahre	2941	2696.76813047019	2.59139989117642	nein
2018-04-08	65-74 Jahre	2902	2677.95515790852	2.38829143516664	nein
2018-04-15	65-74 Jahre	2844	2658.11602378587	1.99333737276644	nein
2018-04-22	65-74 Jahre	2676	2637.56600314193	0.417501655844105	nein
2018-04-29	65-74 Jahre	2594	2616.62463042024	-0.247719619931363	nein
2018-05-06	65-74 Jahre	2504	2595.61021156355	-1.01172120580854	nein
2018-05-13	65-74 Jahre	2593	2574.83478940298	0.200000362201148	nein
2018-05-20	65-74 Jahre	2528	2554.59964682948	-0.294896286031129	nein
2018-05-27	65-74 Jahre	2459	2535.19139758115	-0.850786270216107	nein
2018-06-03	65-74 Jahre	2564	2516.87868172166	0.523819023319471	nein
2018-06-10	65-74 Jahre	2469	2499.90945373941	-0.346567609686273	nein
2018-06-17	65-74 Jahre	2368	2484.50882691463	-1.31816166306846	nein
2018-06-24	65-74 Jahre	2364	2470.87741895306	-1.21180714036513	nein
2018-07-01	65-74 Jahre	2496	2459.19013119806	0.414282391581837	nein
2018-07-08	65-74 Jahre	2494	2449.59528695003	0.500491001898768	nein
2018-07-15	65-74 Jahre	2508	2442.21405318789	0.74154689025129	nein
2018-07-22	65-74 Jahre	2598	2437.14007372507	1.80375401418081	nein
2018-07-29	65-74 Jahre	2645	2434.43924983054	2.35477030156629	nein
2018-08-05	65-74 Jahre	2960	2434.14961581694	5.76761322254345	nein
2018-08-12	65-74 Jahre	2736	2436.28127122901	3.3317259270511	nein
2018-08-19	65-74 Jahre	2542	2440.81634724824	1.13825499645677	nein
2018-08-26	65-74 Jahre	2481	2447.70900196492	0.375680918194744	nein
2018-09-02	65-74 Jahre	2430	2456.88545647475	-0.304065978035591	nein
2018-09-09	65-74 Jahre	2589	2468.24410055042	1.34919441287411	nein
2018-09-16	65-74 Jahre	2448	2481.65571212808	-0.378882612842403	nein
2018-09-23	65-74 Jahre	2505	2496.96384822613	0.089934399044012	nein
2018-09-30	65-74 Jahre	2376	2513.98547535499	-1.55419451489626	nein
2018-10-07	65-74 Jahre	2600	2532.51191416297	0.746997928939561	nein
2018-10-14	65-74 Jahre	2541	2552.31017521252	-0.125336686950955	nein
2018-10-21	65-74 Jahre	2519	2573.12475970657	-0.598999396494633	nein
2018-10-28	65-74 Jahre	2476	2594.67999016338	-1.31340309366207	nein
2018-11-04	65-74 Jahre	2483	2616.68292119688	-1.47445053025571	nein
2018-11-11	65-74 Jahre	2652	2638.8268597565	0.143300807536439	nein
2018-11-18	65-74 Jahre	2586	2660.79549788851	-0.814728113129819	nein
2018-11-25	65-74 Jahre	2535	2682.2676302357	-1.60494304212013	nein
2018-12-02	65-74 Jahre	2573	2702.92239451823	-1.40869486313047	nein
2018-12-09	65-74 Jahre	2706	2722.44493801622	-0.176384420748488	nein
2018-12-16	65-74 Jahre	2726	2740.53237886003	-0.155322878202588	nein
2018-12-23	65-74 Jahre	2795	2756.89990021732	0.404684362900781	nein
2018-12-30	65-74 Jahre	2522	2771.28679077877	-2.68816428033162	nein
2019-01-06	65-74 Jahre	2736	2783.46222863623	-0.504234802045952	nein
2019-01-13	65-74 Jahre	2830	2793.23059964065	0.38796851646001	nein
2019-01-20	65-74 Jahre	2746	2800.43614689584	-0.576745917680138	nein
2019-01-27	65-74 Jahre	2851	2804.9667656273	0.484402747231152	nein
2019-02-03	65-74 Jahre	2829	2806.75678676337	0.234312596194994	nein
2019-02-10	65-74 Jahre	2968	2805.78863171764	1.69521486060962	nein
2019-02-17	65-74 Jahre	3014	2802.09326773774	2.20977504593468	nein
2019-02-24	65-74 Jahre	2987	2795.74944476204	1.99895992757491	nein
2019-03-03	65-74 Jahre	3068	2786.88174755556	2.92805209167145	nein
2019-03-10	65-74 Jahre	2863	2775.65754741791	0.921735573292521	nein
2019-03-17	65-74 Jahre	2882	2762.28298261807	1.26406806827912	nein
2019-03-24	65-74 Jahre	2766	2746.99813308239	0.202408910820581	nein
2019-03-31	65-74 Jahre	2742	2730.07158065956	0.127517048873933	nein
2019-04-07	65-74 Jahre	2733	2711.79456034167	0.227336855521116	nein
2019-04-14	65-74 Jahre	2600	2692.47490992167	-1.00209407276333	nein
2019-04-21	65-74 Jahre	2727	2672.43101642063	0.588160175928005	nein
2019-04-28	65-74 Jahre	2691	2651.98593871015	0.422544874572488	nein
2019-05-05	65-74 Jahre	2484	2631.46185915464	-1.62271895781081	nein
2019-05-12	65-74 Jahre	2645	2611.17498522594	0.369343942205748	nein
2019-05-19	65-74 Jahre	2609	2591.43098743189	0.192775998093891	nein
2019-05-26	65-74 Jahre	2599	2572.52102497851	0.291449044724694	nein
2019-06-02	65-74 Jahre	2591	2554.71837750052	0.40048965648914	nein
2019-06-09	65-74 Jahre	2610	2538.2756716913	0.792472356363373	nein
2019-06-16	65-74 Jahre	2475	2523.42266701853	-0.540846940680722	nein
2019-06-23	65-74 Jahre	2434	2510.36454571967	-0.856799587032769	nein
2019-06-30	65-74 Jahre	2586	2499.2806392808	0.964632951263999	nein
2019-07-07	65-74 Jahre	2536	2490.32351657151	0.510366354480052	nein
2019-07-14	65-74 Jahre	2511	2483.61835739293	0.306731015826429	nein
2019-07-21	65-74 Jahre	2478	2479.26253882769	-0.0141824886039979	nein
2019-07-28	65-74 Jahre	2978	2477.32536975053	5.45162468508937	nein
2019-08-04	65-74 Jahre	2639	2477.84792038079	1.79149246436994	nein
2019-08-11	65-74 Jahre	2504	2480.84290801769	0.259606980937274	nein
2019-08-18	65-74 Jahre	2405	2486.29461628203	-0.916793014771654	nein
2019-08-25	65-74 Jahre	2467	2494.15884248988	-0.304658569086795	nein
2019-09-01	65-74 Jahre	2641	2504.3628854117	1.51320744218071	nein
2019-09-08	65-74 Jahre	2448	2516.80560283006	-0.770416163389378	nein
2019-09-15	65-74 Jahre	2432	2531.35758419319	-1.11149286192632	nein
2019-09-22	65-74 Jahre	2508	2547.86149744347	-0.442663621893155	nein
2019-09-29	65-74 Jahre	2598	2566.13267993276	0.350950659093962	nein
2019-10-06	65-74 Jahre	2544	2585.96005037474	-0.462491669783977	nein
2019-10-13	65-74 Jahre	2605	2607.10742121795	-0.0230721044570828	nein
2019-10-20	65-74 Jahre	2605	2629.31528793331	-0.26542582554849	nein
2019-10-27	65-74 Jahre	2610	2652.30316294397	-0.460246271802826	nein
2019-11-03	65-74 Jahre	2588	2675.77250698136	-0.953360915934275	nein
2019-11-10	65-74 Jahre	2652	2699.41028956586	-0.51131622117935	nein
2019-11-17	65-74 Jahre	2714	2722.89318354196	-0.0952580939428025	nein
2019-11-24	65-74 Jahre	2607	2745.89236708119	-1.49328151893591	nein
2019-12-01	65-74 Jahre	2708	2768.07887173845	-0.640094980150154	nein
2019-12-08	65-74 Jahre	2850	2789.12937891966	0.641342944094099	nein
2019-12-15	65-74 Jahre	2848	2808.73233179291	0.412778221757713	nein
2019-12-22	65-74 Jahre	2874	2826.59419780425	0.496478837795069	nein
2019-12-29	65-74 Jahre	2646	2842.44569114933	-2.08163969902122	nein
2020-01-05	65-74 Jahre	2660	2856.04774723313	-2.0721831058166	nein
2020-01-12	65-74 Jahre	2829	2867.1970343269	-0.399121205012637	nein
2020-01-19	65-74 Jahre	2718	2875.73079265095	-1.65736542009489	nein
2020-01-26	65-74 Jahre	2851	2881.53080847189	-0.318067087783675	nein
2020-02-02	65-74 Jahre	2920	2884.52636003984	0.367967624230047	nein
2020-02-09	65-74 Jahre	2821	2884.69601185381	-0.664528183869488	nein
2020-02-16	65-74 Jahre	2843	2882.06809466598	-0.407207798259684	nein
2020-02-23	65-74 Jahre	2868	2876.71976266287	-0.090815929382295	nein
2020-03-01	65-74 Jahre	2803	2868.77535530925	-0.688346968996504	nein
2020-03-08	65-74 Jahre	2863	2858.40344957085	0.0479965956566841	nein
2020-03-15	65-74 Jahre	2977	2845.81281804649	1.36302510407993	nein
2020-03-22	65-74 Jahre	2962	2831.24754714846	1.36212005388195	nein
2020-03-29	65-74 Jahre	2919	2814.98150973289	1.08848561324348	nein
2020-04-05	65-74 Jahre	3023	2797.31240174633	2.35286975030649	nein
2020-04-12	65-74 Jahre	2977	2778.55555536123	2.07909139330779	nein
2020-04-19	65-74 Jahre	2807	2759.0377323951	0.508748232634272	nein
2020-04-26	65-74 Jahre	2746	2739.09108302673	0.0737398868070362	nein
2020-05-03	65-74 Jahre	2648	2719.04742802876	-0.76484081690247	nein
2020-05-10	65-74 Jahre	2620	2699.23299039325	-0.856635392321308	nein
2020-05-17	65-74 Jahre	2638	2679.96366692483	-0.454306833596739	nein
2020-05-24	65-74 Jahre	2622	2661.54089461361	-0.4295325923881	nein
2020-05-31	65-74 Jahre	2551	2644.24813259292	-1.01986086268163	nein
2020-06-07	65-74 Jahre	2595	2628.34795004979	-0.364455253073152	nein
2020-06-14	65-74 Jahre	2489	2614.07968492524	-1.3790190160221	nein
2020-06-21	65-74 Jahre	2571	2601.65761846296	-0.336750884458571	nein
2020-06-28	65-74 Jahre	2666	2591.26959702423	0.817017124112972	nein
2020-07-05	65-74 Jahre	2540	2583.07602507014	-0.475282415784403	nein
2020-07-12	65-74 Jahre	2421	2577.20915148809	-1.73859912117429	nein
2020-07-19	65-74 Jahre	2507	2573.77257494627	-0.7392612907994	nein
2020-07-26	65-74 Jahre	2565	2572.84090198387	-0.0864917271869315	nein
2020-08-02	65-74 Jahre	2602	2574.45950329037	0.303007634821313	nein
2020-08-09	65-74 Jahre	2686	2578.6443282636	1.17423594165584	nein
2020-08-16	65-74 Jahre	2898	2585.38175462815	3.37248568290387	nein
2020-08-23	65-74 Jahre	2690	2594.62846781665	1.04073406866092	nein
2020-08-30	65-74 Jahre	2481	2606.3113831428	-1.38386670761178	nein
2020-09-06	65-74 Jahre	2613	2620.32764170185	-0.0800849407230339	nein
2020-09-13	65-74 Jahre	2619	2636.54472757589	-0.191274787982986	nein
2020-09-20	65-74 Jahre	2557	2654.80076842838	-1.06796204456381	nein
2020-09-27	65-74 Jahre	2727	2674.90509305069	0.561365844640456	nein
2020-10-04	65-74 Jahre	2606	2696.63912697728	-0.981402437963512	nein
2020-10-11	65-74 Jahre	2727	2719.75771004944	0.0776015656841023	nein
2020-10-18	65-74 Jahre	2753	2743.99091701133	0.0960891023993136	nein
2020-10-25	65-74 Jahre	2867	2769.04645326426	1.03446767233679	nein
2020-11-01	65-74 Jahre	2842	2794.61268244576	0.499618146884837	nein
2020-11-08	65-74 Jahre	2866	2820.36232055372	0.478992937340324	nein
2020-11-15	65-74 Jahre	2979	2845.95680335816	1.38305194087698	nein
2020-11-22	65-74 Jahre	2854	2871.05130079321	-0.178000809628581	nein
2020-11-29	65-74 Jahre	3020	2895.30031539045	1.28579048841568	nein
2020-12-06	65-74 Jahre	3321	2918.363763594	4.07391634710545	nein
2020-12-13	65-74 Jahre	3295	2939.91340140332	3.58878853321006	nein
2020-12-20	65-74 Jahre	3406	2959.63942190482	4.47551355706187	nein
2020-12-27	65-74 Jahre	3457	2977.25702463426	4.78836216276037	nein
2021-01-03	65-74 Jahre	3502	2992.5127379357	5.06523320779696	nein
2021-01-10	65-74 Jahre	3420	3005.19026769126	4.13516110534652	nein
2021-01-17	65-74 Jahre	3457	3015.11565044656	4.39214236437708	nein
2021-01-24	65-74 Jahre	3451	3022.16150661816	4.26056821496632	nein
2021-01-31	65-74 Jahre	3359	3026.25021969845	3.3199608417282	nein
2021-02-07	65-74 Jahre	3228	3027.35590868719	2.01537661115699	nein
2021-02-14	65-74 Jahre	3152	3025.50511093426	1.27604663118374	nein
2021-02-21	65-74 Jahre	3116	3020.7761479676	0.963021302521777	nein
2021-02-28	65-74 Jahre	2949	3013.29720400449	-0.656854744542144	nein
2021-03-07	65-74 Jahre	2896	3003.24320184969	-1.10020811147713	nein
2021-03-14	65-74 Jahre	2959	2990.83161011867	-0.325881988291613	nein
2021-03-21	65-74 Jahre	2964	2976.31735606234	-0.126283586909694	nein
2021-03-28	65-74 Jahre	2951	2959.98704738281	-0.0923861236931496	nein
2021-04-04	65-74 Jahre	2925	2942.15272295794	-0.176963443091103	nein
2021-04-11	65-74 Jahre	3106	2923.14535601225	1.87178919450816	nein
2021-04-18	65-74 Jahre	3155	2903.30832465613	2.57562906481881	nein
2021-04-25	65-74 Jahre	3233	2882.99104539266	3.57537082238454	nein
2021-05-02	65-74 Jahre	3185	2862.54293734205	3.31041780084091	nein
2021-05-09	65-74 Jahre	3209	2842.30785113949	3.76875604217691	nein
2021-05-16	65-74 Jahre	3126	2822.61905944578	3.13951925176365	nein
2021-05-23	65-74 Jahre	3059	2803.79486840772	2.65679739184194	nein
2021-05-30	65-74 Jahre	2858	2786.13487356166	0.758431962866445	nein
2021-06-06	65-74 Jahre	2962	2769.91685151556	2.01896645852199	nein
2021-06-13	65-74 Jahre	2816	2755.3942516997	0.643624704974249	nein
2021-06-20	65-74 Jahre	3026	2742.79423145301	2.97578813724968	nein
2021-06-27	65-74 Jahre	2704	2732.31616313761	-0.303627504711566	nein
2021-07-04	65-74 Jahre	2737	2724.13053384934	0.137858895983462	nein
2021-07-11	65-74 Jahre	2821	2718.3781562838	1.09452663001032	nein
2021-07-18	65-74 Jahre	2908	2715.16961284296	2.04694607414854	nein
2021-07-25	65-74 Jahre	2835	2714.58486338416	1.28385224537345	nein
2021-08-01	65-74 Jahre	2769	2716.67295928629	0.559976951198945	nein
2021-08-08	65-74 Jahre	2748	2721.45182186309	0.284299985620089	nein
2021-08-15	65-74 Jahre	2793	2728.90806071017	0.683857845786147	nein
2021-08-22	65-74 Jahre	2779	2738.9968264548	0.426661957450212	nein
2021-08-29	65-74 Jahre	2715	2751.64171171393	-0.391721115397955	nein
2021-09-05	65-74 Jahre	2711	2766.73473297874	-0.594879282144307	nein
2021-09-12	65-74 Jahre	3013	2784.13644373459	2.39472085567242	nein
2021-09-19	65-74 Jahre	2809	2803.67624446863	0.0562347628809592	nein
2021-09-26	65-74 Jahre	2927	2825.15296736205	1.06566371590002	nein
2021-10-03	65-74 Jahre	2971	2848.33582145561	1.27673017743104	nein
2021-10-10	65-74 Jahre	2885	2872.96578699587	0.125508029053384	nein
2021-10-17	65-74 Jahre	2959	2898.75754469588	0.623731531958078	nein
2021-10-24	65-74 Jahre	3128	2925.40201613824	2.07163998785371	nein
2021-10-31	65-74 Jahre	3174	2952.56957514849	2.25155060871843	nein
2021-11-07	65-74 Jahre	3130	2979.91396668763	1.52494726237092	nein
2021-11-14	65-74 Jahre	3210	3007.07694013772	2.04668836909136	nein
2021-11-21	65-74 Jahre	3426	3033.69356880304	3.90134847986429	nein
2021-11-28	65-74 Jahre	3597	3059.39818860191	5.28631212247168	nein
2021-12-05	65-74 Jahre	3803	3083.83084839883	6.98438027695345	nein
2021-12-12	65-74 Jahre	3700	3106.64412478392	5.77609213171811	nein
2021-12-19	65-74 Jahre	3640	3127.51011819693	4.99187516069314	nein
2021-12-26	65-74 Jahre	3576	3146.12741803923	4.19162491022958	nein
2022-01-02	65-74 Jahre	3519	3162.22780455322	3.48244736621226	nein
2022-01-09	65-74 Jahre	3227	3175.58244704563	0.508579040193184	nein
2022-01-16	65-74 Jahre	3185	3186.00736303209	-0.00997460119835178	nein
2022-01-23	65-74 Jahre	3066	3193.36792168597	-1.26813725989305	nein
2022-01-30	65-74 Jahre	3236	3197.58220711007	0.37892491413707	nein
2022-02-06	65-74 Jahre	3145	3198.62310083662	-0.53136151440568	nein
2022-02-13	65-74 Jahre	3181	3196.51899600499	-0.153525997363229	nein
2022-02-20	65-74 Jahre	3268	3191.35311445914	0.755264117273075	nein
2022-02-27	65-74 Jahre	3095	3183.26145862104	-0.878398692389489	nein
2022-03-06	65-74 Jahre	3177	3172.4294883442	0.0453430979980332	nein
2022-03-13	65-74 Jahre	3213	3159.08766515697	0.534620583118538	nein
2022-03-20	65-74 Jahre	3234	3143.50604905636	0.897919057435646	nein
2022-03-27	65-74 Jahre	3308	3125.98816384228	1.80254649557709	nein
2022-04-03	65-74 Jahre	3221	3106.86436445102	1.13780199346113	nein
2022-04-10	65-74 Jahre	3187	3086.48494352019	1.00605467725327	nein
2022-04-17	65-74 Jahre	3186	3065.2132052117	1.21185164355598	nein
2022-04-24	65-74 Jahre	3068	3043.41871376487	0.248789761287244	nein
2022-05-01	65-74 Jahre	3100	3021.47089466434	0.795364505287884	nein
2022-05-08	65-74 Jahre	3163	2999.73313042926	1.65202199563081	nein
2022-05-15	65-74 Jahre	3045	2978.55745375315	0.678230745873397	nein
2022-05-22	65-74 Jahre	2947	2958.27990084246	-0.116040161276648	nein
2022-05-29	65-74 Jahre	2793	2939.21654980513	-1.5209062043533	nein
2022-06-05	65-74 Jahre	2951	2921.6602348674	0.303024676374555	nein
2022-06-12	65-74 Jahre	2875	2905.87789855913	-0.320882294419132	nein
2022-06-19	65-74 Jahre	3029	2892.10852176551	1.41243067405603	nein
2022-06-26	65-74 Jahre	3050	2880.56155614176	1.74852235695203	nein
2022-07-03	65-74 Jahre	3045	2871.41577482491	1.7936850927472	nein
2022-07-10	65-74 Jahre	2960	2864.81845529184	0.988992353335229	nein
2022-07-17	65-74 Jahre	3062	2860.88481198276	2.07870536727197	nein
2022-07-24	65-74 Jahre	3318	2859.69760514041	4.67270568138466	nein
2022-07-31	65-74 Jahre	3145	2861.30686531687	2.91867904663284	nein
2022-08-07	65-74 Jahre	3128	2865.72968923921	2.69936283765197	nein
2022-08-14	65-74 Jahre	3141	2872.95008126555	2.75455927971883	nein
2022-08-21	65-74 Jahre	3060	2882.91883457102	1.82571405583777	nein
2022-08-28	65-74 Jahre	2984	2895.55346655362	0.914415058366783	nein
2022-09-04	65-74 Jahre	2883	2910.73824281237	-0.287919379608346	nein
2022-09-11	65-74 Jahre	3006	2928.32434247423	0.799021616289995	nein
2022-09-18	65-74 Jahre	3011	2948.13023365676	0.64506397171253	nein
2022-09-25	65-74 Jahre	3082	2969.94234045202	1.14239771963088	nein
2022-10-02	65-74 Jahre	3253	2993.51609100283	2.61428381583502	nein
2022-10-09	65-74 Jahre	3265	3018.57743905969	2.47416794382934	nein
2022-10-16	65-74 Jahre	3376	3044.8249480041	3.29653079886382	nein
2022-10-23	65-74 Jahre	3386	3071.93251604939	3.11532685697813	nein
2022-10-30	65-74 Jahre	3321	3099.55280382269	2.19719817877072	nein
2022-11-06	65-74 Jahre	3180	3127.3214008331	0.524915049494529	nein
2022-11-13	65-74 Jahre	3176	3154.86173597466	0.210042961931507	nein
2022-11-20	65-74 Jahre	3226	3181.79070029688	0.436866352683515	nein
2022-11-27	65-74 Jahre	3420	3207.72490948383	2.07133695316825	nein
2022-12-04	65-74 Jahre	3504	3232.28749105932	2.63351079072649	nein
2022-12-11	65-74 Jahre	3633	3255.11523998138	3.63122489135457	nein
2022-12-18	65-74 Jahre	4010	3275.86594899911	6.91950210379636	nein
2022-12-25	65-74 Jahre	4303	3294.22568997773	9.37213346180641	nein
2023-01-01	65-74 Jahre	4055	3309.91580220133	6.98440403371376	nein
2023-01-08	65-74 Jahre	3831	3322.69933578821	4.80598599051573	nein
2023-01-15	65-74 Jahre	3533	3332.38670437422	1.9213553852555	nein
2023-01-22	65-74 Jahre	3354	3338.84032171579	0.146365059735836	nein
2023-01-29	65-74 Jahre	3333	3341.97803128241	-0.0867430170668812	nein
2023-02-05	65-74 Jahre	3434	3341.77518453999	0.886613355471863	nein
2023-02-12	65-74 Jahre	3198	3338.26527970367	-1.36498844750518	nein
2023-02-19	65-74 Jahre	3250	3331.53913465153	-0.79192527155119	nein
2023-02-26	65-74 Jahre	3325	3321.74263130062	0.0315480841936692	nein
2023-03-05	65-74 Jahre	3399	3309.073129764	0.868878438660895	nein
2023-03-12	65-74 Jahre	3429	3293.77470498194	1.30667378380642	nein
2023-03-19	65-74 Jahre	3435	3276.13240280986	1.53746693618683	nein
2023-03-26	65-74 Jahre	3418	3256.46574420633	1.56777334731546	nein
2023-04-02	65-74 Jahre	3278	3235.12172374112	0.420026433609027	nein
2023-04-09	65-74 Jahre	3225	3212.46755183818	0.123394079346862	nein
2023-04-16	65-74 Jahre	3220	3188.88337978881	0.307220018114105	nein
2023-04-23	65-74 Jahre	3278	3164.75522436988	1.11761254455413	nein
2023-04-30	65-74 Jahre	3183	3140.4682773482	0.422921854271501	nein
2023-05-07	65-74 Jahre	3037	3116.40074714289	-0.797806941565631	nein
2023-05-14	65-74 Jahre	3141	3092.918338497	0.481650815570469	nein
2023-05-21	65-74 Jahre	3098	3070.36943410747	0.278110675024451	nein
2023-05-28	65-74 Jahre	2965	3049.08100237247	-0.854510432310893	nein
2023-06-04	65-74 Jahre	3073	3029.35521985787	0.441897765858338	nein
2023-06-11	65-74 Jahre	3034	3011.46676731461	0.229091858720098	nein
2023-06-18	65-74 Jahre	3045	2995.66083712453	0.502213149162061	nein
2023-06-25	65-74 Jahre	3016	2982.1518705654	0.345613712421757	nein
2023-07-02	65-74 Jahre	2905	2971.12212305459	-0.680237868012754	nein
2023-07-09	65-74 Jahre	2880	2962.72079215315	-0.853044134568403	nein
2023-07-16	65-74 Jahre	2943	2957.06351321917	-0.144603370166203	nein
2023-07-23	65-74 Jahre	2830	2954.23204240249	-1.2861195257788	nein
2023-07-30	65-74 Jahre	2800	2954.27406358439	-1.59995409595519	nein
2023-08-06	65-74 Jahre	2878	2957.20307286874	-0.817434131556722	nein
2023-08-13	65-74 Jahre	2995	2962.99831353723	0.32788964382337	nein
2023-08-20	65-74 Jahre	3085	2971.60475500954	1.15498908099581	nein
2023-08-27	65-74 Jahre	3013	2982.93313033416	0.307075456556358	nein
2023-09-03	65-74 Jahre	2836	2996.86006711171	-1.65685120515217	nein
2023-09-10	65-74 Jahre	3058	3013.22836554109	0.454590731066934	nein
2023-09-17	65-74 Jahre	2963	3031.84749348305	-0.701277906265029	nein
2023-09-24	65-74 Jahre	2853	3052.4943810405	-2.04004575760139	nein
2023-10-01	65-74 Jahre	2879	3074.9146051538	-1.99549790004461	nein
2023-10-08	65-74 Jahre	2981	3098.8240571459	-1.19012143178655	nein
2023-10-15	65-74 Jahre	2963	3123.91118218842	-1.62249810453661	nein
2023-10-22	65-74 Jahre	3138	3149.83986866646	-0.117923998681666	nein
2023-10-29	65-74 Jahre	3181	3176.2530470719	0.0470384632401359	nein
2023-11-05	65-74 Jahre	3200	3202.77703244344	-0.0274131324182947	nein
2023-11-12	65-74 Jahre	3185	3229.02661209048	-0.433732690102188	nein
2023-11-19	65-74 Jahre	3395	3254.61084255536	1.36468271877279	nein
2023-11-26	65-74 Jahre	3333	3279.13947824358	0.523844247322804	nein
2023-12-03	65-74 Jahre	3601	3302.2299112037	2.86123676193745	nein
2023-12-10	65-74 Jahre	3602	3323.5144599364	2.66104614998854	nein
2023-12-17	65-74 Jahre	3565	3342.64780790604	2.12425242519216	nein
2023-12-24	65-74 Jahre	3747	3359.31436270871	3.66623696134061	nein
2023-12-31	65-74 Jahre	3410	3373.23528747402	0.352773474578616	nein
2024-01-07	65-74 Jahre	3475	3384.17494937071	0.86779280656229	nein
2024-01-14	65-74 Jahre	3458	3391.94653756666	0.631138126863349	nein
2024-01-21	65-74 Jahre	3495	3396.4166251597	0.939863645500882	nein
2024-01-28	65-74 Jahre	3542	3397.50848578629	1.37430961350143	nein
2024-02-04	65-74 Jahre	3538	3395.20402400242	1.3587770266116	nein
2024-02-11	65-74 Jahre	3640	3389.54423622197	2.37316985624848	nein
2024-02-18	65-74 Jahre	3462	3380.62818226999	0.778302250598609	nein
2024-02-25	65-74 Jahre	3270	3368.61051222466	-0.953378489961979	nein
2024-03-03	65-74 Jahre	3374	3353.69765482767	0.195570276289329	nein
2024-03-10	65-74 Jahre	3125	3336.14282825547	-2.06363465141534	nein
2024-03-17	65-74 Jahre	3248	3316.24007802552	-0.664114303269238	nein
2024-03-24	65-74 Jahre	3024	3294.31757775932	-2.66795907342267	nein
2024-03-31	65-74 Jahre	3031	3270.73044505191	-2.37113353071374	nein
2024-04-07	65-74 Jahre	3089	3245.8533265997	-1.55072074797206	nein
2024-04-14	65-74 Jahre	2981	3220.07299492577	-2.38399674463035	nein
2024-04-21	65-74 Jahre	2995	3193.78117537303	-1.98635008724568	nein
2024-04-28	65-74 Jahre	3113	3167.36778907595	-0.541382382866169	nein
2024-05-05	65-74 Jahre	3038	3141.21475835042	-1.03489975966287	nein
2024-05-12	65-74 Jahre	3063	3115.6904784658	-0.529078109356795	nein
2024-05-19	65-74 Jahre	3105	3091.1450170493	0.139183771704481	nein
2024-05-26	65-74 Jahre	2921	3067.90606203268	-1.49466346856408	nein
2024-06-02	65-74 Jahre	2931	3046.27560319718	-1.17504953490463	nein
2024-06-09	65-74 Jahre	2995	3026.52730253755	-0.320940346716193	nein
2024-06-16	65-74 Jahre	2948	3008.90448579125	-0.622871950971983	nein
2024-06-23	65-74 Jahre	3087	2993.61867195596	0.949356875889927	nein
2024-06-30	65-74 Jahre	3067	2980.84854936761	0.878099049255755	nein
2024-07-07	65-74 Jahre	2893	2970.73930547746	-0.801052188252503	nein
2024-07-14	65-74 Jahre	3040	2963.40222213184	0.783473048511915	nein
2024-07-21	65-74 Jahre	2986	2958.91445803016	0.278024104288389	nein
2024-07-28	65-74 Jahre	2889	2957.3189541346	-0.705281152981252	nein
2024-08-04	65-74 Jahre	2985	2958.62441511895	0.270774480751355	nein
2024-08-11	65-74 Jahre	2852	2962.80533946514	-1.14565646719462	nein
2024-08-18	65-74 Jahre	3073	2969.80209155889	1.05299933567546	nein
2024-08-25	65-74 Jahre	2864	2979.52103013009	-1.19135322760452	nein
2024-09-01	65-74 Jahre	2909	2991.83472766907	-0.850886667207411	nein
2024-09-08	65-74 Jahre	3157	3006.58233405577	1.5216057004385	nein
2024-09-15	65-74 Jahre	2861	3023.57015358474	-1.66854330099043	nein
2024-09-22	65-74 Jahre	3051	3042.57251685885	0.0853983782854128	nein
2024-09-29	65-74 Jahre	2984	3063.33303667849	-0.805013071753497	nein
2024-10-06	65-74 Jahre	3063	3085.5663391432	-0.227433777426109	nein
2024-10-13	65-74 Jahre	3122	3108.96035690692	0.130664685058865	nein
2024-10-20	65-74 Jahre	3169	3133.17926029	0.357100013733655	nein
2024-10-27	65-74 Jahre	3102	3157.86708346519	-0.55742353789233	nein
2024-11-03	65-74 Jahre	3158	3182.65207732285	-0.244580047826591	nein
2024-11-10	65-74 Jahre	3163	3207.1517885077	-0.436767256823203	nein
2024-11-17	65-74 Jahre	3283	3230.97882668891	0.510121123546169	nein
2024-11-24	65-74 Jahre	3307	3253.74724114788	0.520295184189901	nein
2024-12-01	65-74 Jahre	3350	3275.07938555061	0.728759794987501	nein
2024-12-08	65-74 Jahre	3341	3294.61310906004	0.450480508214463	nein
2024-12-15	65-74 Jahre	3333	3312.00907574567	0.203558090202422	nein
2024-12-22	65-74 Jahre	3383	3326.95798559592	0.541259466452425	nein
2024-12-29	65-74 Jahre	3215	3339.1874521185	-1.20805103034022	nein
2025-01-05	65-74 Jahre	3489	3348.4682857757	1.34720845807378	nein
2025-01-12	65-74 Jahre	3612	3354.6199407846	2.45136101891866	nein
2025-01-19	65-74 Jahre	3536	3357.51490554511	1.70555849625939	nein
2025-01-26	65-74 Jahre	3635	3357.08185342404	2.64339272197779	nein
2025-02-02	65-74 Jahre	3594	3353.30741895757	2.29461735925202	nein
2025-02-09	65-74 Jahre	3655	3346.23652183698	2.93725092422523	nein
2025-02-16	65-74 Jahre	3712	3335.97122360599	3.57141983614716	nein
2025-02-23	65-74 Jahre	3715	3322.66816563256	3.73082394019217	nein
2025-03-02	65-74 Jahre	3603	3306.53469733541	2.83872509322552	nein
2025-03-09	65-74 Jahre	3538	3287.82385684514	2.40760573208874	nein
2025-03-16	65-74 Jahre	3609	3266.82840891922	3.28897568820426	nein
2025-03-23	65-74 Jahre	3429	3243.87417459443	1.79933558852333	nein
2025-03-30	65-74 Jahre	3295	3219.31290244895	0.742531406224516	nein
2025-04-06	65-74 Jahre	3321	3193.51493232037	1.25249173391205	nein
2025-04-13	65-74 Jahre	3157	3166.86188984108	-0.0979954412452423	nein
2025-04-20	65-74 Jahre	3166	3139.73962609241	0.261588951868204	nein
2025-04-27	65-74 Jahre	2968	3112.53158360763	-1.45957236803552	nein
2025-05-04	65-74 Jahre	3068	3085.61273082933	-0.177418912432804	nein
2025-05-11	65-74 Jahre	2941	3059.34416501926	-1.20400481559595	nein
2025-05-18	65-74 Jahre	2990	3034.0684414424	-0.448383415327781	nein
2025-05-25	65-74 Jahre	2880	3010.10564696032	-1.3356096855213	nein
2025-06-01	65-74 Jahre	3118	2987.75020102451	1.32284068886326	nein
2025-06-08	65-74 Jahre	2948	2967.26833793972	-0.19799585169743	nein
2025-06-15	65-74 Jahre	2888	2948.89620206193	-0.629202898975976	nein
2025-06-22	65-74 Jahre	2901	2932.83847266172	-0.329322867749111	nein
2025-06-29	65-74 Jahre	2992	2919.26742740943	0.749593004697835	nein
2025-07-06	65-74 Jahre	3045	2908.322352354	1.40618714730782	nein
2025-07-13	65-74 Jahre	2841	2900.10921114075	-0.615790524979321	nein
2025-07-20	65-74 Jahre	2971	2894.70049615351	0.789423878304738	nein
2025-07-27	65-74 Jahre	2944	2892.13519829656	0.537564400214856	nein
2025-08-03	65-74 Jahre	2815	2892.4188492515	-0.808351815945171	nein
2025-08-10	65-74 Jahre	2968	2895.52360925999	0.749774818297149	nein
2025-08-17	65-74 Jahre	3011	2901.3883938288	1.13033936760652	nein
2025-08-24	65-74 Jahre	2870	2909.91905328012	-0.414519202944521	nein
2025-08-31	65-74 Jahre	2849	2920.98863884222	-0.747400660871094	nein
2025-09-07	65-74 Jahre	2886	2934.43780705483	-0.500979094060351	nein
2025-09-14	65-74 Jahre	2856	2950.07542969816	-0.972803631178645	nein
2025-09-21	65-74 Jahre	3019	2967.67948828807	0.524682990203283	nein
2025-09-28	65-74 Jahre	2915	2986.99833946806	-0.738661444686952	nein
2025-10-05	65-74 Jahre	2942	3007.7524394855	-0.671864953386258	nein
2025-10-12	65-74 Jahre	3098	3029.63661159859	0.690739838964249	nein
2025-10-19	65-74 Jahre	3063	3052.32292916226	0.107794224461116	nein
2025-10-26	65-74 Jahre	3222	3075.46426902465	1.46288311224632	nein
2025-11-02	65-74 Jahre	3043	3098.69856486999	-0.559852786490707	nein
2025-11-09	65-74 Jahre	3036	3121.65375889103	-0.858945055243688	nein
2025-11-16	65-74 Jahre	3124	3143.95341383417	-0.198627465273856	nein
2025-11-23	65-74 Jahre	3037	3165.22290775781	-1.27918718661596	nein
2025-11-30	65-74 Jahre	3237	3185.09609303248	0.511160700517369	nein
2025-12-07	65-74 Jahre	3233	3203.22226185066	0.292697496109605	nein
2025-12-14	65-74 Jahre	3255	3219.27322571964	0.35011543617872	nein
2025-12-21	65-74 Jahre	3126	3232.95028900912	-1.05344958630564	nein
2025-12-28	65-74 Jahre	3241	3243.99087929914	-0.0292450405164217	nein
2026-01-04	65-74 Jahre	3495	3252.17459217465	2.34205209688706	nein
2026-01-11	65-74 Jahre	3546	3257.32841660941	2.77552425198209	nein
2026-01-18	65-74 Jahre	3587	3259.33092954981	3.14327504643043	nein
2026-01-25	65-74 Jahre	3408	3258.11528402417	1.45041617479432	nein
2026-02-01	65-74 Jahre	3578	3253.67086222609	3.11381277163669	nein
2026-02-08	65-74 Jahre	3528	3246.0435207183	2.71547380825045	nein
2026-02-15	65-74 Jahre	3474	3235.33441556907	2.30703480802084	nein
2026-02-22	65-74 Jahre	3452	3221.69745680194	2.23168688528827	nein
2026-03-01	65-74 Jahre	3412	3205.33549986328	2.00998749617689	nein
2026-03-08	65-74 Jahre	3286	3186.49543303207	0.975859374043854	nein
2026-03-15	65-74 Jahre	3167	3165.46236059818	0.0152072974509958	nein
2026-03-22	65-74 Jahre	3130	3142.55310991175	-0.124700950634984	nein
2026-03-29	65-74 Jahre	3040	3118.10930483159	-0.781768805520888	nein
2026-04-05	65-74 Jahre	3083	3092.49024857101	-0.095029686441336	nein
2026-04-12	65-74 Jahre	2956	3066.06584641451	-1.11308846608093	nein
2026-04-19	65-74 Jahre	3130	3039.20977510477	0.912167011772823	nein
2026-04-26	65-74 Jahre	3012	3012.29307337789	-0.00297239554289986	nein
2026-05-03	65-74 Jahre	3111	2985.67829003088	1.26793300405509	nein
2026-05-10	65-74 Jahre	3003	2959.71428501318	0.441834110961331	nein
2026-05-17	65-74 Jahre	2975	2934.73173816116	0.412843207578836	nein
2026-05-24	65-74 Jahre	2931	2911.03938180821	0.205705237623168	nein
2026-05-31	65-74 Jahre	2987	2888.92093957646	1.01008954514851	nein
2026-06-07	65-74 Jahre	2819	2868.63272560585	-0.517310505937601	nein
2026-06-14	65-74 Jahre	2783	2850.40183715174	-0.705470274234594	nein
2026-06-21	65-74 Jahre	3171	2834.42485920675	3.45222971905348	nein
2026-06-28	65-74 Jahre	4238	2820.86699245911	13.8212947818279	nein
2026-07-05	65-74 Jahre	4045	2809.86151501533	12.1638398206978	nein
2026-07-12	65-74 Jahre	3167	2801.50949317742	3.76264453355663	nein
2026-07-19	65-74 Jahre	2973	2795.87966629966	1.84414081245335	nein
2026-07-26	65-74 Jahre	2795	2793.0084444119	0.0209552328621021	nein
2026-08-02	65-74 Jahre	2973	2792.89997391289	1.87508207347206	nein
2026-08-09	65-74 Jahre	3006	2795.52624525	2.18602155937065	nein
2026-08-16	65-74 Jahre	2953	2800.82723617617	1.58387192718041	ja
2026-08-23	65-74 Jahre	2780	2808.7111039987	-0.301509529666531	ja
2026-08-30	65-74 Jahre	2775	2819.05445930807	-0.462067533107943	ja
2026-09-06	65-74 Jahre	2747	2831.70277109593	-0.888279855933158	ja
2026-09-13	65-74 Jahre	2800	2846.47096802821	-0.484787665713792	ja
2026-09-20	65-74 Jahre	2845	2863.1443120141	-0.18834358983637	ja
2026-09-27	65-74 Jahre	2719	2881.47962720019	-1.69495891768924	ja
2016-10-09	75-84 Jahre	5276	5490.93310548953	-1.16139081446475	nein
2016-10-16	75-84 Jahre	5617	5548.51375846669	0.365016835565975	nein
2016-10-23	75-84 Jahre	5754	5608.66862747067	0.768806078401079	nein
2016-10-30	75-84 Jahre	5756	5670.58781709038	0.450215234861919	nein
2016-11-06	75-84 Jahre	5751	5733.40876345547	0.0924092270514328	nein
2016-11-13	75-84 Jahre	5741	5796.22664704398	-0.289174226531242	nein
2016-11-20	75-84 Jahre	6112	5858.10706933913	1.31103745991291	nein
2016-11-27	75-84 Jahre	5892	5918.10090681445	-0.135161914382029	nein
2016-12-04	75-84 Jahre	5904	5975.26111972145	-0.367745549043098	nein
2016-12-11	75-84 Jahre	6119	6028.66115190153	0.462090208270186	nein
2016-12-18	75-84 Jahre	6153	6077.41442118681	0.385265592224659	nein
2016-12-25	75-84 Jahre	6457	6120.69427885288	1.69647369986691	nein
2017-01-01	75-84 Jahre	6372	6157.75372215446	1.08110415827671	nein
2017-01-08	75-84 Jahre	6765	6187.9440863616	2.87810298182623	nein
2017-01-15	75-84 Jahre	7100	6210.7319299052	4.3937661468576	nein
2017-01-22	75-84 Jahre	6808	6225.71336298774	2.89589516698491	nein
2017-01-29	75-84 Jahre	7185	6232.62515700424	4.69164834618763	nein
2017-02-05	75-84 Jahre	7595	6231.35210557551	6.65432042540933	nein
2017-02-12	75-84 Jahre	7389	6221.93027977065	5.72625735583424	nein
2017-02-19	75-84 Jahre	7462	6204.54601829548	6.16575037404846	nein
2017-02-26	75-84 Jahre	7108	6179.5307035032	4.5981739615161	nein
2017-03-05	75-84 Jahre	6879	6147.35158029598	3.6508658733278	nein
2017-03-12	75-84 Jahre	6148	6108.59906197867	0.200842924844637	nein
2017-03-19	75-84 Jahre	6155	6063.97112149311	0.465147744122578	nein
2017-03-26	75-84 Jahre	5810	6014.25547804027	-1.05688621077771	nein
2017-04-02	75-84 Jahre	5885	5960.31035183414	-0.390104683971413	nein
2017-04-09	75-84 Jahre	5528	5903.04457205988	-1.96960893185022	nein
2017-04-16	75-84 Jahre	5576	5843.39778778023	-1.40735670653529	nein
2017-04-23	75-84 Jahre	5456	5782.32145499318	-1.73004553569607	nein
2017-04-30	75-84 Jahre	5708	5720.76116447216	-0.0674056688585303	nein
2017-05-07	75-84 Jahre	5550	5659.64074516583	-0.584033139727486	nein
2017-05-14	75-84 Jahre	5742	5599.84843795286	0.755725314086892	nein
2017-05-21	75-84 Jahre	5565	5542.22529493878	0.122153372011655	nein
2017-05-28	75-84 Jahre	5396	5487.555829264	-0.495302992731526	nein
2017-06-04	75-84 Jahre	5558	5436.56082657296	0.655869016944296	nein
2017-06-11	75-84 Jahre	5126	5389.89213662216	-1.44887707796321	nein
2017-06-18	75-84 Jahre	5271	5348.12919450952	-0.422682609276822	nein
2017-06-25	75-84 Jahre	5477	5311.7769762439	0.901840197236008	nein
2017-07-02	75-84 Jahre	5270	5281.26507179905	-0.0620128482728036	nein
2017-07-09	75-84 Jahre	5374	5256.94755823099	0.643327534235784	nein
2017-07-16	75-84 Jahre	5130	5239.10337299905	-0.605061758692648	nein
2017-07-23	75-84 Jahre	5430	5227.93692013652	1.11092869247481	nein
2017-07-30	75-84 Jahre	5300	5223.57868618544	0.422038475590223	nein
2017-08-06	75-84 Jahre	5342	5226.08569586536	0.639265008986384	nein
2017-08-13	75-84 Jahre	5148	5235.44169661121	-0.484988413486193	nein
2017-08-20	75-84 Jahre	5247	5251.55702401747	-0.0251721134224221	nein
2017-08-27	75-84 Jahre	5068	5274.2681647189	-1.14442268290089	nein
2017-09-03	75-84 Jahre	5274	5303.33709728139	-0.161416911352453	nein
2017-09-10	75-84 Jahre	5133	5338.45055318776	-1.13310104654184	nein
2017-09-17	75-84 Jahre	5398	5379.21939671943	0.102465153142818	nein
2017-09-24	75-84 Jahre	5374	5425.17837191064	-0.278659726347795	nein
2017-10-01	75-84 Jahre	5550	5475.78650392211	0.400700156074369	nein
2017-10-08	75-84 Jahre	5484	5530.4284680075	-0.250364274065281	nein
2017-10-15	75-84 Jahre	5797	5588.41724846667	1.11056188365243	nein
2017-10-22	75-84 Jahre	5564	5648.99839947139	-0.454052993835369	nein
2017-10-29	75-84 Jahre	5522	5711.35618677592	-1.0090951401266	nein
2017-11-05	75-84 Jahre	5458	5774.6218323738	-1.68431752360262	nein
2017-11-12	75-84 Jahre	5721	5837.88400280488	-0.614723738291035	nein
2017-11-19	75-84 Jahre	5772	5900.2015775303	-0.670860065511181	nein
2017-11-26	75-84 Jahre	5682	5960.61861020289	-1.45674716821312	nein
2017-12-03	75-84 Jahre	5875	6018.18125867732	-0.742091317521069	nein
2017-12-10	75-84 Jahre	6027	6071.9563173362	-0.231322853728675	nein
2017-12-17	75-84 Jahre	6290	6121.05084767361	0.86081098768647	nein
2017-12-24	75-84 Jahre	6136	6164.63228110973	-0.146140867962783	nein
2017-12-31	75-84 Jahre	6040	6201.94827290692	-0.827075182388178	nein
2018-01-07	75-84 Jahre	6204	6232.34552804	-0.143882703308148	nein
2018-01-14	75-84 Jahre	6096	6255.28680698223	-0.809909357055515	nein
2018-01-21	75-84 Jahre	6339	6270.36535639146	0.346443553215131	nein
2018-01-28	75-84 Jahre	6318	6277.3160973058	0.205401013562438	nein
2018-02-04	75-84 Jahre	6486	6276.02303788421	1.05557083439378	nein
2018-02-11	75-84 Jahre	6790	6266.5225507445	2.61267436220534	nein
2018-02-18	75-84 Jahre	6916	6249.0023545808	3.32180549722992	nein
2018-02-25	75-84 Jahre	7287	6223.79625133438	5.25477585935611	nein
2018-03-04	75-84 Jahre	8331	6191.37487788424	10.3452468178903	nein
2018-03-11	75-84 Jahre	8671	6152.33291955677	12.1153450743756	nein
2018-03-18	75-84 Jahre	8039	6107.37338822292	9.44261783740048	nein
2018-03-25	75-84 Jahre	7309	6057.28968012298	6.24024893049668	nein
2018-04-01	75-84 Jahre	6962	6002.94619173585	4.83662691897826	nein
2018-04-08	75-84 Jahre	6495	5945.25828441652	2.81491982036896	nein
2018-04-15	75-84 Jahre	6312	5885.1723529314	2.20378315557964	nein
2018-04-22	75-84 Jahre	5925	5823.64667592202	0.530811284553411	nein
2018-04-29	75-84 Jahre	5592	5761.6336169668	-0.90028618938465	nein
2018-05-06	75-84 Jahre	5565	5700.06361411857	-0.720027092067682	nein
2018-05-13	75-84 Jahre	5674	5639.83125480431	0.182225292429707	nein
2018-05-20	75-84 Jahre	5429	5581.78359236152	-0.823698704390535	nein
2018-05-27	75-84 Jahre	5457	5526.7107293327	-0.376776878784899	nein
2018-06-03	75-84 Jahre	5533	5475.33857800591	0.311919241461866	nein
2018-06-10	75-84 Jahre	5574	5428.32361535505	0.789354865583195	nein
2018-06-17	75-84 Jahre	5111	5386.24938004841	-1.51707823471808	nein
2018-06-24	75-84 Jahre	5249	5349.62441411271	-0.55345457870126	nein
2018-07-01	75-84 Jahre	5470	5318.88133011829	0.827091295996432	nein
2018-07-08	75-84 Jahre	5424	5294.37668418425	0.711557929590937	nein
2018-07-15	75-84 Jahre	5175	5276.39135279611	-0.561607296371982	nein
2018-07-22	75-84 Jahre	5348	5265.13114416979	0.456836130286505	nein
2018-07-29	75-84 Jahre	6084	5260.72741948576	4.44115709139734	nein
2018-08-05	75-84 Jahre	6619	5263.23755275302	7.2053428667793	nein
2018-08-12	75-84 Jahre	6094	5272.64511765349	4.42632839210496	nein
2018-08-19	75-84 Jahre	5603	5288.85975306801	1.71572843064123	nein
2018-08-26	75-84 Jahre	5393	5311.71672393819	0.446164078946571	nein
2018-09-02	75-84 Jahre	5192	5340.97625861605	-0.821395367265583	nein
2018-09-09	75-84 Jahre	5386	5376.32280579883	0.0529142253964199	nein
2018-09-16	75-84 Jahre	5383	5417.36441126267	-0.187437709688477	nein
2018-09-23	75-84 Jahre	5436	5463.63246432816	-0.150040742103788	nein
2018-09-30	75-84 Jahre	5309	5514.58210343379	-1.11713354184262	nein
2018-10-07	75-84 Jahre	5363	5569.59359619325	-1.11696478276857	nein
2018-10-14	75-84 Jahre	5617	5627.97501859112	-0.0586746403058402	nein
2018-10-21	75-84 Jahre	5427	5688.96654737846	-1.40333513689307	nein
2018-10-28	75-84 Jahre	5511	5751.74664661417	-1.28155409759493	nein
2018-11-04	75-84 Jahre	5722	5815.44037193581	-0.492455200452492	nein
2018-11-11	75-84 Jahre	5762	5879.12993420267	-0.61428191132032	nein
2018-11-18	75-84 Jahre	5557	5941.86755912479	-2.02303415179564	nein
2018-11-25	75-84 Jahre	6045	6002.69055502603	0.218551070739061	nein
2018-12-02	75-84 Jahre	6164	6060.63836293899	0.530415980466323	nein
2018-12-09	75-84 Jahre	6110	6114.77121996241	-0.0244447777961331	nein
2018-12-16	75-84 Jahre	6011	6164.1899282151	-0.784778495963498	nein
2018-12-23	75-84 Jahre	6314	6208.05609890664	0.536986643569559	nein
2018-12-30	75-84 Jahre	5976	6245.61214528895	-1.37618887805053	nein
2019-01-06	75-84 Jahre	6075	6276.20023984784	-1.02245551962697	nein
2019-01-13	75-84 Jahre	6282	6299.27943813619	-0.0872111267194816	nein
2019-01-20	75-84 Jahre	6321	6314.44020895797	0.0330458501877966	nein
2019-01-27	75-84 Jahre	6390	6321.41569887829	0.344741819574551	nein
2019-02-03	75-84 Jahre	6625	6320.0891944289	1.52347403084029	nein
2019-02-10	75-84 Jahre	6545	6310.49741962936	1.17469347818905	nein
2019-02-17	75-84 Jahre	6801	6292.82950749013	2.53152634486641	nein
2019-02-24	75-84 Jahre	6676	6267.42169724825	2.04465132367596	nein
2019-03-03	75-84 Jahre	6865	6234.74801823736	3.14462897194712	nein
2019-03-10	75-84 Jahre	6861	6195.40741094191	3.32846790008911	nein
2019-03-17	75-84 Jahre	6565	6150.10789233128	2.09568017093691	nein
2019-03-24	75-84 Jahre	6203	6099.64848571219	0.528548820655856	nein
2019-03-31	75-84 Jahre	6207	6044.89969893456	0.83147299824678	nein
2019-04-07	75-84 Jahre	6264	5986.78334725565	1.42445526366432	nein
2019-04-14	75-84 Jahre	5971	5926.25248129966	0.232593744584784	nein
2019-04-21	75-84 Jahre	6015	5864.27210288701	0.785319740372752	nein
2019-04-28	75-84 Jahre	5912	5801.80124136127	0.577922534766292	nein
2019-05-05	75-84 Jahre	5678	5739.77683131647	-0.327365858766995	nein
2019-05-12	75-84 Jahre	5794	5679.09969063812	0.609018518311865	nein
2019-05-19	75-84 Jahre	5810	5620.62275616788	1.00682680027135	nein
2019-05-26	75-84 Jahre	5619	5565.14160222891	0.288913708286304	nein
2019-06-02	75-84 Jahre	5529	5513.38715181523	0.0842436589524375	nein
2019-06-09	75-84 Jahre	5846	5466.02039626643	2.03703377560771	nein
2019-06-16	75-84 Jahre	5403	5423.62886928661	-0.112357129045687	nein
2019-06-23	75-84 Jahre	5563	5386.72457577934	0.957613725128683	nein
2019-06-30	75-84 Jahre	5898	5355.74305410731	2.92231840789603	nein
2019-07-07	75-84 Jahre	5483	5331.04324982581	0.830385561526223	nein
2019-07-14	75-84 Jahre	5378	5312.90789676588	0.357261478784143	nein
2019-07-21	75-84 Jahre	5543	5301.54413432177	1.31945886508931	nein
2019-07-28	75-84 Jahre	6538	5297.08413470516	6.59235221046373	nein
2019-08-04	75-84 Jahre	5529	5299.58556774291	1.25429900613285	nein
2019-08-11	75-84 Jahre	5561	5309.03179080278	1.37541759279648	nein
2019-08-18	75-84 Jahre	5241	5325.33171522526	-0.464439590499889	nein
2019-08-25	75-84 Jahre	5382	5348.31936604102	0.184398158251284	nein
2019-09-01	75-84 Jahre	5785	5377.75321669629	2.19855327006345	nein
2019-09-08	75-84 Jahre	5229	5413.31544287634	-1.00975458181146	nein
2019-09-15	75-84 Jahre	5434	5454.61129702076	-0.11190686867149	nein
2019-09-22	75-84 Jahre	5380	5501.16885517719	-0.657044311832657	nein
2019-09-29	75-84 Jahre	5757	5552.4394275424	1.0932817577814	nein
2019-10-06	75-84 Jahre	5608	5607.79895020655	0.00107558352766741	nein
2019-10-13	75-84 Jahre	5785	5666.55068494262	0.628147477456539	nein
2019-10-20	75-84 Jahre	5853	5727.92954320383	0.659514916393145	nein
2019-10-27	75-84 Jahre	5701	5791.1083171334	-0.47544096446376	nein
2019-11-03	75-84 Jahre	5847	5855.20604262321	-0.0429520802114731	nein
2019-11-10	75-84 Jahre	5846	5919.29863694427	-0.382225130031692	nein
2019-11-17	75-84 Jahre	6011	5982.43184771776	0.147738447989016	nein
2019-11-24	75-84 Jahre	6109	6043.6364246762	0.335923013920606	nein
2019-12-01	75-84 Jahre	6158	6101.94528677512	0.286739551406693	nein
2019-12-08	75-84 Jahre	6168	6156.41231298078	0.0590761121705234	nein
2019-12-15	75-84 Jahre	6320	6206.13224553447	0.576545696184366	nein
2019-12-22	75-84 Jahre	6292	6250.261070866	0.210973012867691	nein
2019-12-29	75-84 Jahre	5966	6288.03614695185	-1.63871465568441	nein
2020-01-05	75-84 Jahre	6078	6318.79528714447	-1.21948777038557	nein
2020-01-12	75-84 Jahre	6208	6341.99399749111	-0.675373132692322	nein
2020-01-19	75-84 Jahre	6125	6357.22010216093	-1.17210724901173	nein
2020-01-26	75-84 Jahre	6152	6364.20508050001	-1.06991814771946	nein
2020-02-02	75-84 Jahre	6542	6362.83157557954	0.894242639889348	nein
2020-02-09	75-84 Jahre	6135	6353.13670956037	-1.10106210009144	nein
2020-02-16	75-84 Jahre	6511	6335.31099468037	0.878955752827656	nein
2020-02-23	75-84 Jahre	6229	6309.69284478894	-0.407283616589527	nein
2020-03-01	75-84 Jahre	6433	6276.75934293963	0.785825783062685	nein
2020-03-08	75-84 Jahre	6288	6237.11332357691	0.257492696572069	nein
2020-03-15	75-84 Jahre	6504	6191.46742970727	1.57656310580684	nein
2020-03-22	75-84 Jahre	6390	6140.62591928026	1.26535583675314	nein
2020-03-29	75-84 Jahre	6461	6085.46500989225	1.90793155205759	nein
2020-04-05	75-84 Jahre	6821	6026.91256349492	4.01053510351797	nein
2020-04-12	75-84 Jahre	6728	5965.92787669548	3.87140044730743	nein
2020-04-19	75-84 Jahre	6350	5903.48226405995	2.29917523214187	nein
2020-04-26	75-84 Jahre	6074	5840.54101095144	1.21564776976508	nein
2020-05-03	75-84 Jahre	5891	5778.04713982721	0.593377772277447	nein
2020-05-10	75-84 Jahre	5676	5716.90729097643	-0.217029221027933	nein
2020-05-17	75-84 Jahre	5461	5657.97987612168	-1.05552029240181	nein
2020-05-24	75-84 Jahre	5430	5602.0655303478	-0.926042263808091	nein
2020-05-31	75-84 Jahre	5336	5549.89977160783	-1.15822960311937	nein
2020-06-07	75-84 Jahre	5465	5502.14768244524	-0.200947797915652	nein
2020-06-14	75-84 Jahre	5328	5459.40035813947	-0.715706874513216	nein
2020-06-21	75-84 Jahre	5215	5422.17281979753	-1.13507903727162	nein
2020-06-28	75-84 Jahre	5489	5390.90306891228	0.53396102058452	nein
2020-07-05	75-84 Jahre	5216	5365.95195935869	-0.824480140651109	nein
2020-07-12	75-84 Jahre	5228	5347.60358075983	-0.658136502788359	nein
2020-07-19	75-84 Jahre	5363	5336.065880373	0.14769132429375	nein
2020-07-26	75-84 Jahre	5458	5331.47129587288	0.691982278529011	nein
2020-08-02	75-84 Jahre	5516	5333.87722560041	0.994114111735134	nein
2020-08-09	75-84 Jahre	5542	5343.26622327023	1.08329300919511	nein
2020-08-16	75-84 Jahre	6368	5359.5458683574	5.36222273714717	nein
2020-08-23	75-84 Jahre	5562	5382.5483292232	0.975197184501418	nein
2020-08-30	75-84 Jahre	5273	5412.02970140421	-0.760882311143716	nein
2020-09-06	75-84 Jahre	5331	5447.66926624707	-0.635934327899262	nein
2020-09-13	75-84 Jahre	5548	5489.0688729146	0.318274673738744	nein
2020-09-20	75-84 Jahre	5665	5535.75269711239	0.693610841974225	nein
2020-09-27	75-84 Jahre	5591	5587.16766976816	0.0205470610844783	nein
2020-10-04	75-84 Jahre	5696	5642.68489513187	0.284006013779466	nein
2020-10-11	75-84 Jahre	5580	5701.60238703001	-0.647689121508609	nein
2020-10-18	75-84 Jahre	5598	5763.14944111847	-0.875935280896807	nein
2020-10-25	75-84 Jahre	5805	5826.49292725214	-0.112887677604115	nein
2020-11-01	75-84 Jahre	6013	5890.74572779177	0.635961430025629	nein
2020-11-08	75-84 Jahre	5992	5954.97746447371	0.191987931984151	nein
2020-11-15	75-84 Jahre	6389	6018.22754990392	1.8952206200938	nein
2020-11-22	75-84 Jahre	6567	6079.52047351757	2.47162373237873	nein
2020-11-29	75-84 Jahre	6887	6137.88309201812	3.75517569424781	nein
2020-12-06	75-84 Jahre	7293	6192.36354916613	5.44655244247896	nein
2020-12-13	75-84 Jahre	7738	6242.05130945573	7.30664824295039	nein
2020-12-20	75-84 Jahre	7991	6286.09766596191	8.26052690507576	nein
2020-12-27	75-84 Jahre	8281	6323.73598588736	9.4045171140244	nein
2021-01-03	75-84 Jahre	8355	6354.30089849921	9.58269752937346	nein
2021-01-10	75-84 Jahre	8045	6377.24561741165	8.03258347822938	nein
2021-01-17	75-84 Jahre	7934	6392.15662739544	7.43883910910678	nein
2021-01-24	75-84 Jahre	7744	6398.76505574986	6.51601122604163	nein
2021-01-31	75-84 Jahre	7263	6396.95418584236	4.24258817209975	nein
2021-02-07	75-84 Jahre	6882	6386.7627472964	2.45001771341199	nein
2021-02-14	75-84 Jahre	6715	6368.38382123445	1.72371285581659	nein
2021-02-21	75-84 Jahre	6551	6342.15941499447	1.04443152147947	nein
2021-02-28	75-84 Jahre	6176	6308.57097263858	-0.670818600229438	nein
2021-03-07	75-84 Jahre	5992	6268.22627958832	-1.40792159935299	nein
2021-03-14	75-84 Jahre	5853	6221.84337808922	-1.89221384972741	nein
2021-03-21	75-84 Jahre	5889	6170.23222450747	-1.44554108846389	nein
2021-03-28	75-84 Jahre	5772	6114.27488350621	-1.77076121331405	nein
2021-04-04	75-84 Jahre	5990	6054.90506636483	-0.334875643956882	nein
2021-04-11	75-84 Jahre	5937	5993.08778395431	-0.290843196269491	nein
2021-04-18	75-84 Jahre	6041	5929.79980582366	0.577067923808404	nein
2021-04-25	75-84 Jahre	6006	5866.01150494806	0.729873402836541	nein
2021-05-02	75-84 Jahre	6295	5802.67053400235	2.55602563000935	nein
2021-05-09	75-84 Jahre	6039	5740.68763502976	1.56538802262019	nein
2021-05-16	75-84 Jahre	5861	5680.92474086399	0.953097525280945	nein
2021-05-23	75-84 Jahre	5498	5624.18539289467	-0.677344075220131	nein
2021-05-30	75-84 Jahre	5271	5571.20738293061	-1.62796451987038	nein
2021-06-06	75-84 Jahre	5555	5522.65743187177	0.17438932780984	nein
2021-06-13	75-84 Jahre	5489	5479.12764723406	0.0534805710319858	nein
2021-06-20	75-84 Jahre	5889	5441.13345582559	2.40321491440896	nein
2021-06-27	75-84 Jahre	5319	5409.1126859625	-0.492862158410019	nein
2021-07-04	75-84 Jahre	5257	5383.42547327498	-0.693934976382045	nein
2021-07-11	75-84 Jahre	5202	5364.35468241447	-0.893773453348813	nein
2021-07-18	75-84 Jahre	5390	5352.10657054375	0.207539945269642	nein
2021-07-25	75-84 Jahre	5367	5346.81146409539	0.110687510812685	nein
2021-08-01	75-84 Jahre	5458	5348.52427484654	0.598473581007291	nein
2021-08-08	75-84 Jahre	5130	5357.2247421251	-1.25434568228192	nein
2021-08-15	75-84 Jahre	5273	5372.81735248305	-0.547984588702295	nein
2021-08-22	75-84 Jahre	5378	5395.13095423891	-0.0936081569786207	nein
2021-08-29	75-84 Jahre	5326	5423.91814980163	-0.534953067420743	nein
2021-09-05	75-84 Jahre	5334	5458.85461150185	-0.680462857754649	nein
2021-09-12	75-84 Jahre	5815	5499.53852445588	1.69036281116942	nein
2021-09-19	75-84 Jahre	5588	5545.49041016401	0.228669939648893	nein
2021-09-26	75-84 Jahre	5518	5596.15362417792	-0.419992926622333	nein
2021-10-03	75-84 Jahre	5544	5650.89584706084	-0.572103434706964	nein
2021-10-10	75-84 Jahre	5572	5709.01189669868	-0.730115705986432	nein
2021-10-17	75-84 Jahre	5789	5769.72817863482	0.101678433102216	nein
2021-10-24	75-84 Jahre	6038	5832.2090568452	1.0741693967011	nein
2021-10-31	75-84 Jahre	6334	5895.56536854358	2.26172611869549	nein
2021-11-07	75-84 Jahre	6313	5958.86522292805	1.82125252032956	nein
2021-11-14	75-84 Jahre	6510	6021.14711682838	2.49215231140332	nein
2021-11-21	75-84 Jahre	6899	6081.43527374863	4.11270772788877	nein
2021-11-28	75-84 Jahre	7252	6138.75697292089	5.53423714896127	nein
2021-12-05	75-84 Jahre	7498	6192.1614900178	6.43506112739571	nein
2021-12-12	75-84 Jahre	7388	6240.74013126625	5.65328281316109	nein
2021-12-19	75-84 Jahre	7171	6283.64671913154	4.38502114139771	nein
2021-12-26	75-84 Jahre	6952	6320.11779190025	3.13304801091232	nein
2022-01-02	75-84 Jahre	6804	6349.49172175404	2.25825431560814	nein
2022-01-09	75-84 Jahre	6410	6371.22594441418	0.194366079892568	nein
2022-01-16	75-84 Jahre	6145	6384.91153291594	-1.21016991624905	nein
2022-01-23	75-84 Jahre	6075	6390.28443911738	-1.59289444840851	nein
2022-01-30	75-84 Jahre	6198	6387.23286514412	-0.953051646441012	nein
2022-02-06	75-84 Jahre	6402	6375.80040462132	0.131324785939858	nein
2022-02-13	75-84 Jahre	6219	6356.18479792461	-0.691693461768554	nein
2022-02-20	75-84 Jahre	6418	6328.73236178044	0.448406967433977	nein
2022-02-27	75-84 Jahre	6283	6293.9283651624	-0.0551948769972713	nein
2022-03-06	75-84 Jahre	6213	6252.38381481244	-0.1997381073738	nein
2022-03-13	75-84 Jahre	6578	6204.81927115749	1.87946830349622	nein
2022-03-20	75-84 Jahre	6567	6152.04642855685	2.09652086228237	nein
2022-03-27	75-84 Jahre	6384	6094.94825660696	1.47206616275507	nein
2022-04-03	75-84 Jahre	6342	6034.45851018308	1.57328920823975	nein
2022-04-10	75-84 Jahre	6326	5971.54137796438	1.82051868939719	nein
2022-04-17	75-84 Jahre	6065	5907.17195911589	0.819388460669054	nein
2022-04-24	75-84 Jahre	5989	5842.31814510251	0.765987944970704	nein
2022-05-01	75-84 Jahre	5757	5777.92434939392	-0.110406000614837	nein
2022-05-08	75-84 Jahre	5732	5714.89738356382	0.0906416378039844	nein
2022-05-15	75-84 Jahre	5758	5654.09463477285	0.552254164048886	nein
2022-05-22	75-84 Jahre	5716	5596.3145660812	0.639106072926893	nein
2022-05-29	75-84 Jahre	5225	5542.28944460586	-1.72533692982407	nein
2022-06-05	75-84 Jahre	5436	5492.68010803079	-0.307133997565503	nein
2022-06-12	75-84 Jahre	5322	5448.07250992109	-0.687439096100978	nein
2022-06-19	75-84 Jahre	5612	5408.97573918121	1.09991737795256	nein
2022-06-26	75-84 Jahre	5717	5375.82118769628	1.84637750264594	nein
2022-07-03	75-84 Jahre	5526	5348.96254040553	0.965198114297628	nein
2022-07-10	75-84 Jahre	5511	5328.67628076906	0.995726254414722	nein
2022-07-17	75-84 Jahre	5791	5315.16243849277	2.57911962100347	nein
2022-07-24	75-84 Jahre	6372	5308.54535217656	5.67188443564365	nein
2022-07-31	75-84 Jahre	6158	5308.87427416187	4.55568165216241	nein
2022-08-07	75-84 Jahre	6045	5316.12370551457	3.92127666992429	nein
2022-08-14	75-84 Jahre	5946	5330.19341333513	3.31946862639629	nein
2022-08-21	75-84 Jahre	5910	5350.90814823358	3.01298141594253	nein
2022-08-28	75-84 Jahre	5572	5378.0171447466	1.05410075367047	nein
2022-09-04	75-84 Jahre	5584	5411.19354958207	0.936742484889254	nein
2022-09-11	75-84 Jahre	5632	5450.03397955346	0.982598952059887	nein
2022-09-18	75-84 Jahre	5413	5494.05846033895	-0.439417126242813	nein
2022-09-25	75-84 Jahre	5783	5542.71103588691	1.28442384326892	nein
2022-10-02	75-84 Jahre	6061	5595.36136324682	2.4613878357478	nein
2022-10-09	75-84 Jahre	6228	5651.30761559095	3.02414363636542	nein
2022-10-16	75-84 Jahre	6553	5709.78100411808	4.36809353460129	nein
2022-10-23	75-84 Jahre	6620	5769.95219483263	4.38025153917218	nein
2022-10-30	75-84 Jahre	6517	5830.93983725431	3.53223697743104	nein
2022-11-06	75-84 Jahre	5915	5891.82133873374	0.120882243127008	nein
2022-11-13	75-84 Jahre	6068	5951.64591186562	0.602128852060135	nein
2022-11-20	75-84 Jahre	6319	6009.44979729748	1.58573711862547	nein
2022-11-27	75-84 Jahre	6409	6064.27342612174	1.75621569394755	nein
2022-12-04	75-84 Jahre	6785	6115.18014328693	3.36972287485925	nein
2022-12-11	75-84 Jahre	7230	6161.27597612414	5.30417633987873	nein
2022-12-18	75-84 Jahre	7827	6201.72981127663	7.93695825041117	nein
2022-12-25	75-84 Jahre	8615	6235.79325025977	11.3992978492822	nein
2023-01-01	75-84 Jahre	8156	6262.81935872129	9.14717610689842	nein
2023-01-08	75-84 Jahre	7593	6282.27951511648	6.40684039101214	nein
2023-01-15	75-84 Jahre	6728	6293.77760551981	2.16585874737051	nein
2023-01-22	75-84 Jahre	6221	6297.06090307098	-0.384329817950632	nein
2023-01-29	75-84 Jahre	6133	6292.02710897519	-0.805655849348365	nein
2023-02-05	75-84 Jahre	6146	6278.72720851654	-0.672659316396	nein
2023-02-12	75-84 Jahre	6092	6257.36399792401	-0.840262282194539	nein
2023-02-19	75-84 Jahre	6288	6228.2863512787	0.302309570958054	nein
2023-02-26	75-84 Jahre	6240	6191.97950496367	0.243909136939141	nein
2023-03-05	75-84 Jahre	6232	6149.05182494179	0.422409606050708	nein
2023-03-12	75-84 Jahre	6512	6100.21867596718	2.08716210359651	nein
2023-03-19	75-84 Jahre	6527	6046.28412162822	2.4429492980269	nein
2023-03-26	75-84 Jahre	6376	5988.12124403056	1.98549917814559	nein
2023-04-02	75-84 Jahre	6269	5926.65188067063	1.76361540962942	nein
2023-04-09	75-84 Jahre	5889	5862.82653670053	0.136759515692307	nein
2023-04-16	75-84 Jahre	5913	5797.60515012353	0.604837220646563	nein
2023-04-23	75-84 Jahre	5846	5731.93927497783	0.601305028444527	nein
2023-04-30	75-84 Jahre	5681	5666.7561142718	0.0757442751366345	nein
2023-05-07	75-84 Jahre	5704	5602.94469167647	0.539079436500423	nein
2023-05-14	75-84 Jahre	5589	5541.34430936638	0.25604226558341	nein
2023-05-21	75-84 Jahre	5406	5482.73530799045	-0.416067359411408	nein
2023-05-28	75-84 Jahre	5501	5427.83203051736	0.396923868577799	nein
2023-06-04	75-84 Jahre	5276	5377.2777993027	-0.555003391544366	nein
2023-06-11	75-84 Jahre	5338	5331.64164756837	0.0348767128237782	nein
2023-06-18	75-84 Jahre	5232	5291.41658730035	-0.327839804892147	nein
2023-06-25	75-84 Jahre	5308	5257.01917113229	0.281239474054923	nein
2023-07-02	75-84 Jahre	5000	5228.78935608935	-1.27704410820661	nein
2023-07-09	75-84 Jahre	5072	5206.99105207471	-0.752784482537675	nein
2023-07-16	75-84 Jahre	5109	5191.81299456596	-0.461717620674179	nein
2023-07-23	75-84 Jahre	4893	5183.36963294262	-1.63144002946351	nein
2023-07-30	75-84 Jahre	5084	5181.70186553349	-0.545552508740348	nein
2023-08-06	75-84 Jahre	4970	5186.77751217915	-1.21462093927962	nein
2023-08-13	75-84 Jahre	5136	5198.49147812462	-0.347989003572335	nein
2023-08-20	75-84 Jahre	5412	5216.66562721419	1.07701367788155	nein
2023-08-27	75-84 Jahre	5369	5241.0484456072	0.705341919713937	nein
2023-09-03	75-84 Jahre	4911	5271.31463749352	-2.01191885664859	nein
2023-09-10	75-84 Jahre	5141	5307.06484933297	-0.918227830000371	nein
2023-09-17	75-84 Jahre	5225	5347.82576648402	-0.675581810830476	nein
2023-09-24	75-84 Jahre	5143	5393.05086295045	-1.37503335496288	nein
2023-10-01	75-84 Jahre	5210	5442.12210834458	-1.2698148491746	nein
2023-10-08	75-84 Jahre	5252	5494.35294294365	-1.31973342447646	nein
2023-10-15	75-84 Jahre	5546	5548.9928189685	-0.0160967737330028	nein
2023-10-22	75-84 Jahre	5699	5605.23357153252	0.500316049243979	nein
2023-10-29	75-84 Jahre	6020	5662.21782461389	1.88502753196387	nein
2023-11-05	75-84 Jahre	5956	5719.04955580062	1.24643633426521	nein
2023-11-12	75-84 Jahre	6049	5774.80684013077	1.43383927674729	nein
2023-11-19	75-84 Jahre	6105	5828.55667187414	1.43880845963221	nein
2023-11-26	75-84 Jahre	6250	5879.37162955683	1.91568875931454	nein
2023-12-03	75-84 Jahre	6317	5926.34801198912	2.01007043107323	nein
2023-12-10	75-84 Jahre	6736	5968.62494127311	3.89591893469479	nein
2023-12-17	75-84 Jahre	6764	6005.40381348483	3.84057697748913	nein
2023-12-24	75-84 Jahre	6884	6035.96738972945	4.27299478713163	nein
2023-12-31	75-84 Jahre	6545	6059.69776927147	2.46327294257142	nein
2024-01-07	75-84 Jahre	6294	6076.09247992595	1.11235933720134	nein
2024-01-14	75-84 Jahre	6314	6084.77796308492	1.16892118172391	nein
2024-01-21	75-84 Jahre	6340	6085.51982183526	1.29677981873505	nein
2024-01-28	75-84 Jahre	6429	6078.22933641361	1.78400072005211	nein
2024-02-04	75-84 Jahre	6355	6062.96592331928	1.48947886268464	nein
2024-02-11	75-84 Jahre	6387	6039.93541077501	1.77098374196541	nein
2024-02-18	75-84 Jahre	6097	6009.48420943443	0.450865662322482	nein
2024-02-25	75-84 Jahre	5919	5972.08965781963	-0.275459799935443	nein
2024-03-03	75-84 Jahre	5604	5928.34700201794	-1.70252179071006	nein
2024-03-10	75-84 Jahre	5606	5878.95361582288	-1.43685455110049	nein
2024-03-17	75-84 Jahre	5553	5824.69117121568	-1.43707200084278	nein
2024-03-24	75-84 Jahre	5332	5766.40652439186	-2.32116960859441	nein
2024-03-31	75-84 Jahre	5487	5704.99208841227	-1.16365649829234	nein
2024-04-07	75-84 Jahre	5389	5641.36642315509	-1.35640228329037	nein
2024-04-14	75-84 Jahre	5328	5576.45569328053	-1.34324322059752	nein
2024-04-21	75-84 Jahre	5171	5511.17653467295	-1.85569641350101	nein
2024-04-28	75-84 Jahre	5359	5446.42073999707	-0.476020956011924	nein
2024-05-05	75-84 Jahre	5369	5383.04203556963	-0.0767442002519339	nein
2024-05-12	75-84 Jahre	5124	5321.8450849224	-1.09395904336968	nein
2024-05-19	75-84 Jahre	5245	5263.57672790058	-0.102706837679722	nein
2024-05-26	75-84 Jahre	5050	5208.91935454238	-0.887326607332371	nein
2024-06-02	75-84 Jahre	4998	5158.48622472313	-0.90059898282689	nein
2024-06-09	75-84 Jahre	4855	5112.8184798344	-1.45816384185642	nein
2024-06-16	75-84 Jahre	5012	5072.38355190049	-0.340648625573011	nein
2024-06-23	75-84 Jahre	5192	5037.57465726716	0.868088149568811	nein
2024-06-30	75-84 Jahre	5489	5008.71106401049	2.67977273007963	nein
2024-07-07	75-84 Jahre	4928	4986.03884153991	-0.330274644643542	nein
2024-07-14	75-84 Jahre	5101	4969.73183428037	0.74353739249908	nein
2024-07-21	75-84 Jahre	5089	4959.89264563071	0.732091423473985	nein
2024-07-28	75-84 Jahre	4888	4956.55347064207	-0.391447837086574	nein
2024-08-04	75-84 Jahre	4946	4959.67667340643	-0.0779274236003911	nein
2024-08-11	75-84 Jahre	4846	4969.15506566173	-0.703661253656388	nein
2024-08-18	75-84 Jahre	5226	4984.81190452962	1.35935828424742	nein
2024-08-25	75-84 Jahre	4892	5006.40068764712	-0.650995072293706	nein
2024-09-01	75-84 Jahre	5081	5033.60488126583	0.267518609125313	nein
2024-09-08	75-84 Jahre	5186	5066.03776905883	0.673349895080492	nein
2024-09-15	75-84 Jahre	4965	5103.2426540453	-0.779678174815346	nein
2024-09-22	75-84 Jahre	5248	5144.693680601	0.575707053943925	nein
2024-09-29	75-84 Jahre	5346	5189.79756513045	0.865228788171828	nein
2024-10-06	75-84 Jahre	5186	5237.89652972596	-0.288021095961085	nein
2024-10-13	75-84 Jahre	5548	5288.27272029069	1.42061983670146	nein
2024-10-20	75-84 Jahre	5658	5340.15435691841	1.72700285845274	nein
2024-10-27	75-84 Jahre	5486	5392.72380846259	0.507752233545233	nein
2024-11-03	75-84 Jahre	5500	5445.12770516443	0.297581118563797	nein
2024-11-10	75-84 Jahre	5418	5496.48910461256	-0.425343556346961	nein
2024-11-17	75-84 Jahre	5672	5545.92161082272	0.675935755405813	nein
2024-11-24	75-84 Jahre	5764	5592.54521958448	0.914077546269475	nein
2024-12-01	75-84 Jahre	5680	5635.50353312081	0.237177080968249	nein
2024-12-08	75-84 Jahre	5855	5673.98186281454	0.957703839374346	nein
2024-12-15	75-84 Jahre	5576	5707.2256304525	-0.698517204793838	nein
2024-12-22	75-84 Jahre	5919	5734.55839630759	0.970424347859205	nein
2024-12-29	75-84 Jahre	5475	5755.39879555711	-1.49262465394278	nein
2025-01-05	75-84 Jahre	5906	5769.27566001317	0.718094056816247	nein
2025-01-12	75-84 Jahre	6074	5775.84064379945	1.55794462643545	nein
2025-01-19	75-84 Jahre	6000	5774.87775949144	1.17878715551296	nein
2025-01-26	75-84 Jahre	6457	5766.30936124906	3.57345307362547	nein
2025-02-02	75-84 Jahre	6266	5750.19827551022	2.68490138805173	nein
2025-02-09	75-84 Jahre	6205	5726.74596643143	2.49706282341455	nein
2025-02-16	75-84 Jahre	6283	5696.28681871349	3.06235667673571	nein
2025-02-23	75-84 Jahre	6461	5659.27881007284	4.17373062093747	nein
2025-03-02	75-84 Jahre	6160	5616.2910153275	2.86121026072749	nein
2025-03-09	75-84 Jahre	6059	5567.98852175848	2.59881004973258	nein
2025-03-16	75-84 Jahre	5879	5515.11543214236	1.94214939049149	nein
2025-03-23	75-84 Jahre	5820	5458.47668259005	1.93964406253628	nein
2025-03-30	75-84 Jahre	5554	5398.91940621849	0.841770317429136	nein
2025-04-06	75-84 Jahre	5436	5337.31453384979	0.539699006739598	nein
2025-04-13	75-84 Jahre	5405	5274.53924583372	0.717038255462772	nein
2025-04-20	75-84 Jahre	5138	5211.4607835965	-0.408853590246409	nein
2025-04-27	75-84 Jahre	4893	5148.92200580712	-1.44182932654952	nein
2025-05-04	75-84 Jahre	5013	5087.72894253178	-0.421042605529928	nein
2025-05-11	75-84 Jahre	4718	5028.64047107501	-1.77485754588882	nein
2025-05-18	75-84 Jahre	4798	4972.36011756703	-0.997273837516285	nein
2025-05-25	75-84 Jahre	4742	4919.52988498547	-1.02105951074922	nein
2025-06-01	75-84 Jahre	4923	4870.7259252965	0.29979388492894	nein
2025-06-08	75-84 Jahre	4878	4826.45581279974	0.296968640468909	nein
2025-06-15	75-84 Jahre	4642	4787.1571377742	-0.845546478725046	nein
2025-06-22	75-84 Jahre	4659	4753.19712292213	-0.54967690794369	nein
2025-06-29	75-84 Jahre	4786	4724.87296764522	0.355810700724013	nein
2025-07-06	75-84 Jahre	4887	4702.41264402394	1.07236628644316	nein
2025-07-13	75-84 Jahre	4568	4685.97590042254	-0.693940041482695	nein
2025-07-20	75-84 Jahre	4802	4675.65527088181	0.737513431649128	nein
2025-07-27	75-84 Jahre	4625	4671.4769380745	-0.273074486739453	nein
2025-08-03	75-84 Jahre	4538	4673.40135208846	-0.797894898181845	nein
2025-08-10	75-84 Jahre	4782	4681.32356447277	0.587739856542006	nein
2025-08-17	75-84 Jahre	4957	4695.07329487419	1.51826214114313	nein
2025-08-24	75-84 Jahre	4486	4714.4148043686	-1.34425730499044	nein
2025-08-31	75-84 Jahre	4663	4739.04670340859	-0.443867980432661	nein
2025-09-07	75-84 Jahre	4595	4768.60187118886	-1.01349545760403	nein
2025-09-14	75-84 Jahre	4558	4802.64770497827	-1.42654415190003	nein
2025-09-21	75-84 Jahre	4832	4840.68695014046	-0.0500264105063106	nein
2025-09-28	75-84 Jahre	4752	4882.1593815186	-0.749367155664942	nein
2025-10-05	75-84 Jahre	4978	4926.44461188424	0.293591481356246	nein
2025-10-12	75-84 Jahre	5063	4972.86629070263	0.510127925849853	nein
2025-10-19	75-84 Jahre	4987	5020.6979244755	-0.190549947648868	nein
2025-10-26	75-84 Jahre	5172	5069.17049716316	0.57595617054333	nein
2025-11-02	75-84 Jahre	5187	5117.48199567079	0.387865918071739	nein
2025-11-09	75-84 Jahre	5202	5164.80885270873	0.206715993513774	nein
2025-11-16	75-84 Jahre	5097	5210.31921095675	-0.629983228873093	nein
2025-11-23	75-84 Jahre	5118	5253.18779377566	-0.748801947501815	nein
2025-11-30	75-84 Jahre	5372	5292.61204595433	0.435003118957648	nein
2025-12-07	75-84 Jahre	5310	5327.82909184773	-0.0976439261230009	nein
2025-12-14	75-84 Jahre	5327	5358.13295728971	-0.170053430098479	nein
2025-12-21	75-84 Jahre	5297	5382.89142537026	-0.468773445576963	nein
2025-12-28	75-84 Jahre	5158	5401.56185307543	-1.3333527088446	nein
2026-01-04	75-84 Jahre	5868	5413.7052723952	2.43163094154205	nein
2026-01-11	75-84 Jahre	6272	5418.99813938378	4.51168338575545	nein
2026-01-18	75-84 Jahre	6172	5417.24117778094	4.00314684194202	nein
2026-01-25	75-84 Jahre	5800	5408.36488626612	2.10037278380424	nein
2026-02-01	75-84 Jahre	5800	5392.43143257455	2.18782520432786	nein
2026-02-08	75-84 Jahre	5797	5369.63283278384	2.29743853906048	nein
2026-02-15	75-84 Jahre	5918	5340.28549718297	3.10029559236996	nein
2026-02-22	75-84 Jahre	5682	5304.8214015286	2.04273105969214	nein
2026-03-01	75-84 Jahre	5614	5263.77630099872	1.90556985725733	nein
2026-03-08	75-84 Jahre	5239	5217.77553248295	0.117179731319679	nein
2026-03-15	75-84 Jahre	5125	5167.51804067814	-0.236378002362823	nein
2026-03-22	75-84 Jahre	5005	5113.75931013812	-0.609191144761825	nein
2026-03-29	75-84 Jahre	5015	5057.29388822428	-0.237717793273832	nein
2026-04-05	75-84 Jahre	4911	4998.93814580749	-0.497950500180591	nein
2026-04-12	75-84 Jahre	4910	4939.51384968223	-0.167807922665231	nein
2026-04-19	75-84 Jahre	5003	4879.83302131611	0.70097579990681	nein
2026-04-26	75-84 Jahre	4875	4820.68444032523	0.311746895220454	nein
2026-05-03	75-84 Jahre	4822	4762.82202768936	0.34166079935528	nein
2026-05-10	75-84 Jahre	4895	4706.95522223918	1.08721551035667	nein
2026-05-17	75-84 Jahre	4698	4653.74135200185	0.258638295234458	nein
2026-05-24	75-84 Jahre	4851	4603.77990539221	1.4420976242864	nein
2026-05-31	75-84 Jahre	4678	4557.60852979338	0.708937408244615	nein
2026-06-07	75-84 Jahre	4436	4515.70052865174	-0.474946453910196	nein
2026-06-14	75-84 Jahre	4398	4478.46359298762	-0.481484222027568	nein
2026-06-21	75-84 Jahre	4797	4446.23948801426	2.07332944548126	nein
2026-06-28	75-84 Jahre	6205	4419.30441824141	10.1060059962412	nein
2026-07-05	75-84 Jahre	5718	4397.86981233749	7.59323031911624	nein
2026-07-12	75-84 Jahre	4881	4382.08329924163	2.9534824743931	nein
2026-07-19	75-84 Jahre	4687	4372.02968671037	1.87866013872131	nein
2026-07-26	75-84 Jahre	4338	4367.73180002044	-0.179687519901311	nein
2026-08-02	75-84 Jahre	4747	4369.15108959032	2.24850926148104	nein
2026-08-09	75-84 Jahre	4825	4376.18796977946	2.6613928916865	nein
2026-08-16	75-84 Jahre	4592	4388.68190524619	1.21440289914279	ja
2026-08-23	75-84 Jahre	4266	4406.41131428485	-0.847680770353067	ja
2026-08-30	75-84 Jahre	4411	4429.09340879818	-0.108411341619504	ja
2026-09-06	75-84 Jahre	4338	4456.38413615776	-0.70961889787846	ja
2026-09-13	75-84 Jahre	4482	4487.87842711631	-0.0349520128747586	ja
2026-09-20	75-84 Jahre	4326	4523.11098389294	-1.17538248530963	ja
2026-09-27	75-84 Jahre	4511	4561.5578610913	-0.298438449058672	ja
2016-10-09	85+ Jahre	5950	6195.4457450268	-0.89818311179317	nein
2016-10-16	85+ Jahre	6509	6274.9602447203	0.84023757553154	nein
2016-10-23	85+ Jahre	6586	6357.59873899097	0.814908008395797	nein
2016-10-30	85+ Jahre	6569	6442.23906576083	0.450521170853157	nein
2016-11-06	85+ Jahre	6540	6527.68402454253	0.0436164865708097	nein
2016-11-13	85+ Jahre	6721	6612.67630035251	0.380265640622816	nein
2016-11-20	85+ Jahre	7053	6695.91705935406	1.23833653055265	nein
2016-11-27	85+ Jahre	6858	6776.08806486665	0.284301622743579	nein
2016-12-04	85+ Jahre	6832	6851.87692850652	-0.0687825033486031	nein
2016-12-11	85+ Jahre	7179	6922.00486961033	0.879045689676379	nein
2016-12-18	85+ Jahre	7256	6985.25612502155	0.921696641842918	nein
2016-12-25	85+ Jahre	7341	7040.50795101955	1.01838374722871	nein
2017-01-01	85+ Jahre	7767	7086.76000988295	2.27867295743386	nein
2017-01-08	85+ Jahre	8324	7123.16185325334	3.96856424499951	nein
2017-01-15	85+ Jahre	8925	7149.03721644878	5.7917445869345	nein
2017-01-22	85+ Jahre	8554	7163.90392885429	4.56483256431824	nein
2017-01-29	85+ Jahre	9057	7167.48842411936	6.14251693013733	nein
2017-02-05	85+ Jahre	9806	7159.73409019109	8.48510046837566	nein
2017-02-12	85+ Jahre	9324	7140.80301529404	7.07125312900956	nein
2017-02-19	85+ Jahre	9251	7111.07103755977	6.95136789071177	nein
2017-02-26	85+ Jahre	9138	7071.11636499104	6.7422720944898	nein
2017-03-05	85+ Jahre	8371	7021.70236988611	4.48117598422243	nein
2017-03-12	85+ Jahre	7456	6963.75545117614	1.67260375530743	nein
2017-03-19	85+ Jahre	7107	6898.33907795688	0.71715950319632	nein
2017-03-26	85+ Jahre	6639	6826.6252637174	-0.654636206420356	nein
2017-04-02	85+ Jahre	6695	6749.86476768628	-0.191923571422598	nein
2017-04-09	85+ Jahre	6362	6669.35728005444	-1.08886972351671	nein
2017-04-16	85+ Jahre	6210	6586.42273178175	-1.34476375108154	nein
2017-04-23	85+ Jahre	6152	6502.37469313455	-1.25930773425931	nein
2017-04-30	85+ Jahre	6463	6418.49660738414	0.159373776860115	nein
2017-05-07	85+ Jahre	6340	6336.02136769846	0.0143582899085177	nein
2017-05-14	85+ Jahre	6327	6256.11450564063	0.257033421208939	nein
2017-05-21	85+ Jahre	6344	6179.86103558192	0.597440914370544	nein
2017-05-28	85+ Jahre	5982	6108.2558036467	-0.465960907521806	nein
2017-06-04	85+ Jahre	6195	6042.19703110112	0.562780252960696	nein
2017-06-11	85+ Jahre	5755	5982.48262467633	-0.851104677310435	nein
2017-06-18	85+ Jahre	5923	5929.80875072332	-0.0254318418440339	nein
2017-06-25	85+ Jahre	6087	5884.77013390114	0.753930169994486	nein
2017-07-02	85+ Jahre	5866	5847.86153983478	0.0681934465226498	nein
2017-07-09	85+ Jahre	5982	5819.47992923676	0.610075076839874	nein
2017-07-16	85+ Jahre	5578	5799.92682242774	-0.8438768011493	nein
2017-07-23	85+ Jahre	6021	5789.4104823541	0.870098924850948	nein
2017-07-30	85+ Jahre	5790	5788.0476060988	0.0073849153592601	nein
2017-08-06	85+ Jahre	6040	5795.86430539499	0.91660401620541	nein
2017-08-13	85+ Jahre	5747	5812.79625251149	-0.248877969791543	nein
2017-08-20	85+ Jahre	5829	5838.68796651734	-0.0365081346661411	nein
2017-08-27	85+ Jahre	5883	5873.29131419167	0.0364612039632716	nein
2017-09-03	85+ Jahre	5884	5916.26339765741	-0.120877683824522	nein
2017-09-10	85+ Jahre	5680	5967.16409484409	-1.0791603711422	nein
2017-09-17	85+ Jahre	5775	6025.45360620815	-0.935638716652862	nein
2017-09-24	85+ Jahre	6071	6090.49043803759	-0.071956685899739	nein
2017-10-01	85+ Jahre	6231	6161.53031452265	0.254390558725669	nein
2017-10-08	85+ Jahre	6155	6237.72655215851	-0.302324972037681	nein
2017-10-15	85+ Jahre	6526	6318.13244501532	0.74907842217411	nein
2017-10-22	85+ Jahre	6340	6401.70619201341	-0.222472518488715	nein
2017-10-29	85+ Jahre	6401	6487.31884233865	-0.309342117658216	nein
2017-11-05	85+ Jahre	6268	6573.76563886852	-1.09472228205245	nein
2017-11-12	85+ Jahre	6505	6659.78100082194	-0.548375515166003	nein
2017-11-19	85+ Jahre	6529	6744.05720808073	-0.758256197878424	nein
2017-11-26	85+ Jahre	6665	6825.26663712887	-0.560888513407201	nein
2017-12-03	85+ Jahre	6650	6902.08716310403	-0.879243549482318	nein
2017-12-10	85+ Jahre	6905	6973.23009903899	-0.235683626284104	nein
2017-12-17	85+ Jahre	6915	7037.46981038175	-0.42163719719554	nein
2017-12-24	85+ Jahre	7041	7093.67394069474	-0.180319248278395	nein
2017-12-31	85+ Jahre	7252	7140.83303343716	0.37784935283313	nein
2018-01-07	85+ Jahre	7569	7178.08825304485	1.31687321534197	nein
2018-01-14	85+ Jahre	7140	7204.75590963147	-0.220019389604717	nein
2018-01-21	85+ Jahre	7234	7220.34758234284	0.0462529144551447	nein
2018-01-28	85+ Jahre	7351	7224.58481540269	0.427062394011723	nein
2018-02-04	85+ Jahre	7446	7217.40761826701	0.770865132492821	nein
2018-02-11	85+ Jahre	7621	7198.9763190893	1.41886529423486	nein
2018-02-18	85+ Jahre	8323	7169.6666744919	3.82478844957443	nein
2018-02-25	85+ Jahre	9119	7130.05850015467	6.5029698956506	nein
2018-03-04	85+ Jahre	10234	7080.91842682939	10.1194676570039	nein
2018-03-11	85+ Jahre	10970	7023.17767828919	12.5381411772032	nein
2018-03-18	85+ Jahre	9742	6957.90598983032	9.06799731435398	nein
2018-03-25	85+ Jahre	9178	6886.28292399234	7.57099139283514	nein
2018-04-01	85+ Jahre	8215	6809.56788832712	4.75295575101246	nein
2018-04-08	85+ Jahre	7730	6729.07012100226	3.43467773346071	nein
2018-04-15	85+ Jahre	7295	6646.11979395306	2.25830108185694	nein
2018-04-22	85+ Jahre	6677	6562.04120614126	0.407881153948339	nein
2018-04-29	85+ Jahre	6305	6478.12882068781	-0.622883220636279	nein
2018-05-06	85+ Jahre	6137	6395.62665982694	-0.938742645231827	nein
2018-05-13	85+ Jahre	6364	6315.71133037616	0.174968255062913	nein
2018-05-20	85+ Jahre	6047	6239.47872660583	-0.706275507469386	nein
2018-05-27	85+ Jahre	6015	6167.93426004791	-0.563872535830153	nein
2018-06-03	85+ Jahre	6381	6101.98630556999	1.02233568724994	nein
2018-06-10	85+ Jahre	6061	6042.44243433658	0.0688137119100134	nein
2018-06-17	85+ Jahre	5610	5990.0079276629	-1.43146901238979	nein
2018-06-24	85+ Jahre	5684	5945.28602883552	-0.984650387333963	nein
2018-07-01	85+ Jahre	5983	5908.77938825158	0.277910508100614	nein
2018-07-08	85+ Jahre	6154	5880.89218509863	1.01942017975984	nein
2018-07-15	85+ Jahre	5868	5861.93246029225	0.0228546675192396	nein
2018-07-22	85+ Jahre	6216	5852.11426482486	1.35822410025835	nein
2018-07-29	85+ Jahre	6912	5851.55931004233	3.88676277573828	nein
2018-08-05	85+ Jahre	7889	5860.29789751591	7.25987115545397	nein
2018-08-12	85+ Jahre	6975	5878.26900283064	4.00750946275582	nein
2018-08-19	85+ Jahre	6213	5905.31948718526	1.14511656056644	nein
2018-08-26	85+ Jahre	6186	5941.2025110258	0.909911858757068	nein
2018-09-02	85+ Jahre	5935	5985.57532293243	-0.188824888883427	nein
2018-09-09	85+ Jahre	5946	6037.99669228879	-0.3423597453714	nein
2018-09-16	85+ Jahre	5984	6097.92434293324	-0.422103550468302	nein
2018-09-23	85+ Jahre	6135	6164.71282325684	-0.109231748952286	nein
2018-09-30	85+ Jahre	5857	6237.6123113863	-1.40436031765678	nein
2018-10-07	85+ Jahre	6076	6315.76889666232	-0.87563866917343	nein
2018-10-14	85+ Jahre	6292	6398.22689454424	-0.384007290473731	nein
2018-10-21	85+ Jahre	6100	6483.93373527469	-1.38869293034405	nein
2018-10-28	85+ Jahre	6123	6571.74791176135	-1.61465073696005	nein
2018-11-04	85+ Jahre	6173	6660.45037540557	-1.74351096379114	nein
2018-11-11	85+ Jahre	6573	6748.75962880977	-0.61939230311701	nein
2018-11-18	85+ Jahre	6178	6835.3505836519	-2.32990924301381	nein
2018-11-25	85+ Jahre	6584	6918.87703690973	-1.16974109253465	nein
2018-12-02	85+ Jahre	6711	6997.99737989902	-0.995428700448774	nein
2018-12-09	85+ Jahre	6935	7071.40290739698	-0.468849451684313	nein
2018-12-16	85+ Jahre	6646	7137.84785707202	-1.69696757826	nein
2018-12-23	85+ Jahre	7183	7196.18010319606	-0.0447679455170526	nein
2018-12-30	85+ Jahre	6936	7245.37127390022	-1.05442925780909	nein
2019-01-06	85+ Jahre	7196	7284.54497651375	-0.299393352664573	nein
2019-01-13	85+ Jahre	7268	7313.00181461078	-0.151704462787072	nein
2019-01-20	85+ Jahre	7367	7330.23997033787	0.123539402475293	nein
2019-01-27	85+ Jahre	7517	7335.9703052658	0.606164692499965	nein
2019-02-03	85+ Jahre	7537	7330.12519250206	0.692574524904684	nein
2019-02-10	85+ Jahre	7601	7312.86061404523	0.964024766386291	nein
2019-02-17	85+ Jahre	7503	7284.55141571536	0.733421654746044	nein
2019-02-24	85+ Jahre	7919	7245.77997881583	2.24375917708184	nein
2019-03-03	85+ Jahre	7934	7197.31891340538	2.46003732460712	nein
2019-03-10	85+ Jahre	7841	7140.10867544559	2.35157324576167	nein
2019-03-17	85+ Jahre	7606	7075.23123711397	1.79558572573096	nein
2019-03-24	85+ Jahre	7364	7003.88108159877	1.22918748821091	nein
2019-03-31	85+ Jahre	6998	6927.33484463907	0.24418596915226	nein
2019-04-07	85+ Jahre	7029	6846.92088747287	0.631217205590846	nein
2019-04-14	85+ Jahre	6732	6763.98996988986	-0.112167455600969	nein
2019-04-21	85+ Jahre	6749	6679.88801380006	0.243260623738563	nein
2019-04-28	85+ Jahre	6710	6595.93172678339	0.40361534204344	nein
2019-05-05	85+ Jahre	6434	6513.387612349	-0.284088526427476	nein
2019-05-12	85+ Jahre	6214	6433.4546490003	-0.793179706116761	nein
2019-05-19	85+ Jahre	6371	6357.25069083798	0.0496896728150789	nein
2019-05-26	85+ Jahre	6325	6285.80244162506	0.142373387262758	nein
2019-06-02	85+ Jahre	6307	6220.03869086339	0.317134801533151	nein
2019-06-09	85+ Jahre	6424	6160.78637902137	0.960026080364127	nein
2019-06-16	85+ Jahre	6073	6108.76898028524	-0.132070819023794	nein
2019-06-23	85+ Jahre	6086	6064.60665271814	0.0791562716339948	nein
2019-06-30	85+ Jahre	6727	6028.8176030272	2.54489954738655	nein
2019-07-07	85+ Jahre	5985	6001.82014060901	-0.0626275059634628	nein
2019-07-14	85+ Jahre	6056	5983.93494715113	0.268063613207207	nein
2019-07-21	85+ Jahre	6285	5975.38715806956	1.14505309113202	nein
2019-07-28	85+ Jahre	7409	5976.30793538913	5.1497230212375	nein
2019-08-04	85+ Jahre	6338	5986.73530413759	1.29639201560871	nein
2019-08-11	85+ Jahre	6047	6006.61412259684	0.150062754976049	nein
2019-08-18	85+ Jahre	5912	6035.79515822335	-0.460955899086715	nein
2019-08-25	85+ Jahre	5951	6074.03334351195	-0.456633962971981	nein
2019-09-01	85+ Jahre	6640	6120.98538741922	1.88622671332277	nein
2019-09-08	85+ Jahre	5882	6176.20701577346	-1.08781539296229	nein
2019-09-15	85+ Jahre	5997	6239.15020536424	-0.889391752923728	nein
2019-09-22	85+ Jahre	6112	6309.16085725645	-0.719129626741387	nein
2019-09-29	85+ Jahre	6494	6385.47742050004	0.390250631279556	nein
2019-10-06	85+ Jahre	6300	6467.23102212767	-0.601788844231823	nein
2019-10-13	85+ Jahre	6723	6553.44767690178	0.600842440871751	nein
2019-10-20	85+ Jahre	6721	6643.05313440556	0.274955699603557	nein
2019-10-27	85+ Jahre	6503	6734.88086618107	-0.818578994823929	nein
2019-11-03	85+ Jahre	6503	6827.68359772915	-1.14078602000164	nein
2019-11-10	85+ Jahre	6738	6920.14864792003	-0.633299110765883	nein
2019-11-17	85+ Jahre	6869	7010.91715387233	-0.48964268629032	nein
2019-11-24	85+ Jahre	7262	7098.60703905409	0.556146920218244	nein
2019-12-01	85+ Jahre	7167	7181.83933726053	-0.0504176723816055	nein
2019-12-08	85+ Jahre	7381	7259.26723067654	0.410048898714581	nein
2019-12-15	85+ Jahre	7321	7329.60691550764	-0.0289349375348105	nein
2019-12-22	85+ Jahre	7287	7391.66919488761	-0.351126368086565	nein
2019-12-29	85+ Jahre	7161	7444.39053731187	-0.951070962521781	nein
2020-01-05	85+ Jahre	7425	7486.86224881108	-0.205965490298968	nein
2020-01-12	85+ Jahre	7625	7518.35640287294	0.352980358347466	nein
2020-01-19	85+ Jahre	7372	7538.34726124885	-0.553192153371849	nein
2020-01-26	85+ Jahre	7230	7546.52710035139	-1.05562157391227	nein
2020-02-02	85+ Jahre	7557	7542.81562206908	0.0469683219710295	nein
2020-02-09	85+ Jahre	7375	7527.36245615775	-0.506931509093168	nein
2020-02-16	85+ Jahre	7533	7500.54247381419	0.107746084086419	nein
2020-02-23	85+ Jahre	7171	7462.9440153681	-0.978810398388715	nein
2020-03-01	85+ Jahre	7551	7415.35188386238	0.451916071110498	nein
2020-03-08	85+ Jahre	7808	7358.7247660202	1.49231728800639	nein
2020-03-15	85+ Jahre	7648	7294.16838813707	1.18300432348084	nein
2020-03-22	85+ Jahre	7608	7222.90586314296	1.29303430307067	nein
2020-03-29	85+ Jahre	7593	7146.24658514878	1.50607864509069	nein
2020-04-05	85+ Jahre	8061	7065.55499257086	3.33452166415457	nein
2020-04-12	85+ Jahre	8047	6982.22040478612	3.58220472118579	nein
2020-04-19	85+ Jahre	7490	6897.62895649902	2.02596794985911	nein
2020-04-26	85+ Jahre	7140	6813.13842867143	1.13175302392989	nein
2020-05-03	85+ Jahre	6802	6730.05652637277	0.252195981378642	nein
2020-05-10	85+ Jahre	6761	6649.62290272209	0.392434455137837	nein
2020-05-17	85+ Jahre	6331	6572.9949919344	-0.865455056943117	nein
2020-05-24	85+ Jahre	6574	6501.2375071339	0.259574010780498	nein
2020-05-31	85+ Jahre	6294	6435.31528932866	-0.509565989412364	nein
2020-06-07	85+ Jahre	6684	6376.08906756794	1.10264840303871	nein
2020-06-14	85+ Jahre	6277	6324.31360767041	-0.171701675221476	nein
2020-06-21	85+ Jahre	6086	6280.63768571782	-0.711653991600879	nein
2020-06-28	85+ Jahre	6601	6245.60531826435	1.28434360224197	nein
2020-07-05	85+ Jahre	6109	6219.65770818722	-0.405699175001476	nein
2020-07-12	85+ Jahre	6034	6203.13541717533	-0.62193282079233	nein
2020-07-19	85+ Jahre	6152	6196.28034715006	-0.162365409621774	nein
2020-07-26	85+ Jahre	6351	6199.23719824937	0.553444198309198	nein
2020-08-02	85+ Jahre	6725	6212.05416608083	1.85132742895309	nein
2020-08-09	85+ Jahre	6750	6234.68274234729	1.85647547098542	nein
2020-08-16	85+ Jahre	7635	6266.97658796941	4.81624578311472	nein
2020-08-23	85+ Jahre	6847	6308.689554201	1.92702567844215	nein
2020-08-30	85+ Jahre	6519	6359.47303275293	0.574287990136226	nein
2020-09-06	85+ Jahre	6366	6418.87291809905	-0.190498222348232	nein
2020-09-13	85+ Jahre	6509	6486.32656077498	0.0811024248655892	nein
2020-09-20	85+ Jahre	6795	6561.16017554678	0.827227910617087	nein
2020-09-27	85+ Jahre	6615	6642.5872377677	-0.0976239865527451	nein
2020-10-04	85+ Jahre	6759	6729.70844908681	0.102828510621893	nein
2020-10-11	85+ Jahre	6670	6821.51387334077	-0.530616853773086	nein
2020-10-18	85+ Jahre	6848	6916.88782830801	-0.239067254027121	nein
2020-10-25	85+ Jahre	7261	7014.6170630958	0.84268618650818	nein
2020-11-01	85+ Jahre	7201	7113.40264999941	0.298599595144381	nein
2020-11-08	85+ Jahre	7552	7211.8758721418	1.14481629197916	nein
2020-11-15	85+ Jahre	7779	7308.61819618783	1.56824247874643	nein
2020-11-22	85+ Jahre	8078	7402.18518949587	2.22913645323008	nein
2020-11-29	85+ Jahre	8694	7491.13398462988	3.90201427118899	nein
2020-12-06	85+ Jahre	9210	7574.05362728024	5.23446912021225	nein
2020-12-13	85+ Jahre	10114	7649.59738624301	7.72977548259305	nein
2020-12-20	85+ Jahre	10480	7716.51587842266	8.58797287515295	nein
2020-12-27	85+ Jahre	10938	7773.68969029654	9.73407468299845	nein
2021-01-03	85+ Jahre	10732	7820.16008007598	8.97108876253148	nein
2021-01-10	85+ Jahre	10477	7855.15633720357	8.10109118965734	nein
2021-01-17	85+ Jahre	10128	7878.11846596336	6.98756076595456	nein
2021-01-24	85+ Jahre	9998	7888.71404718807	6.5632799526326	nein
2021-01-31	85+ Jahre	9227	7886.84840623622	4.22976831118267	nein
2021-02-07	85+ Jahre	8770	7872.66755760427	2.85896972445305	nein
2021-02-14	85+ Jahre	8287	7846.55378055884	1.41857009280913	nein
2021-02-21	85+ Jahre	8041	7809.11407535356	0.75191213583062	nein
2021-02-28	85+ Jahre	7244	7761.1621240732	-1.70990692880248	nein
2021-03-07	85+ Jahre	6905	7703.6947043694	-2.66838558460518	nein
2021-03-14	85+ Jahre	7116	7637.86375421328	-1.74024870819806	nein
2021-03-21	85+ Jahre	6971	7564.94544501949	-1.99396331140665	nein
2021-03-28	85+ Jahre	7058	7486.30768198268	-1.44021962124623	nein
2021-04-04	85+ Jahre	6873	7403.37741638158	-1.79815362500084	nein
2021-04-11	85+ Jahre	7098	7317.60903542377	-0.743611904023462	nein
2021-04-18	85+ Jahre	7067	7230.45490782917	-0.556160291223715	nein
2021-04-25	85+ Jahre	7117	7143.33892871298	-0.0898870480990983	nein
2021-05-02	85+ Jahre	7101	7057.63364781343	0.148663999767131	nein
2021-05-09	85+ Jahre	7093	6974.64130217903	0.407459669831511	nein
2021-05-16	85+ Jahre	6918	6895.57882672518	0.0778108415744947	nein
2021-05-23	85+ Jahre	6512	6821.56669812869	-1.08914635072836	nein
2021-05-30	85+ Jahre	6462	6753.6212891855	-1.03083298634142	nein
2021-06-06	85+ Jahre	6980	6692.65027718015	1.0058593057612	nein
2021-06-13	85+ Jahre	6461	6639.45056199958	-0.634487569529686	nein
2021-06-20	85+ Jahre	7343	6594.70810536306	2.60976415016332	nein
2021-06-27	85+ Jahre	6558	6558.99909700014	-0.00355825988831167	nein
2021-07-04	85+ Jahre	6396	6532.79188094918	-0.489876921152057	nein
2021-07-11	85+ Jahre	6419	6516.44912898223	-0.34907438123856	nein
2021-07-18	85+ Jahre	6690	6510.22982236133	0.639739793084375	nein
2021-07-25	85+ Jahre	6800	6514.29069225977	1.01375168019521	nein
2021-08-01	85+ Jahre	6463	6528.68686873072	-0.234889511473853	nein
2021-08-08	85+ Jahre	6578	6553.37159447644	0.0876996025260502	nein
2021-08-15	85+ Jahre	6944	6588.19497002009	1.25329972353264	nein
2021-08-22	85+ Jahre	6789	6632.90180880046	0.55069488730862	nein
2021-08-29	85+ Jahre	6563	6687.12879186465	-0.439187096293248	nein
2021-09-05	85+ Jahre	6659	6750.40121955881	-0.321590564279979	nein
2021-09-12	85+ Jahre	7380	6822.12975856818	1.92236843462052	nein
2021-09-19	85+ Jahre	7070	6901.6076725432	0.58222606416645	nein
2021-09-26	85+ Jahre	6996	6988.00909801971	0.0275618380484556	nein
2021-10-03	85+ Jahre	7039	7080.38897808322	-0.141979293368501	nein
2021-10-10	85+ Jahre	7052	7177.68528727733	-0.429024437284933	nein
2021-10-17	85+ Jahre	7439	7278.72416558513	0.53968366102882	nein
2021-10-24	85+ Jahre	7813	7382.22852063836	1.4317220775389	nein
2021-10-31	85+ Jahre	8115	7486.83055110532	2.06458942356263	nein
2021-11-07	85+ Jahre	8296	7591.08848879071	2.29739972654085	nein
2021-11-14	85+ Jahre	8541	7693.50765455841	2.73600456303707	nein
2021-11-21	85+ Jahre	9012	7792.56568066997	3.88378427783858	nein
2021-11-28	85+ Jahre	9297	7886.74148154388	4.44937861490525	nein
2021-12-05	85+ Jahre	9647	7974.54727323233	5.22326472957948	nein
2021-12-12	85+ Jahre	9741	8054.56267010003	5.24049537762834	nein
2021-12-19	85+ Jahre	9127	8125.46964874433	3.13834683161172	nein
2021-12-26	85+ Jahre	8932	8186.08698783072	2.34012858404316	nein
2022-01-02	85+ Jahre	8872	8235.40268953182	1.99539508412545	nein
2022-01-09	85+ Jahre	8274	8272.60287982645	0.00442416891097756	nein
2022-01-16	85+ Jahre	7805	8297.0957796422	-1.57178048443987	nein
2022-01-23	85+ Jahre	7936	8308.52953605439	-1.18606404418328	nein
2022-01-30	85+ Jahre	7984	8306.80299186623	-1.02679475941483	nein
2022-02-06	85+ Jahre	8395	8292.06883288762	0.324890587927234	nein
2022-02-13	85+ Jahre	8269	8264.72895748926	0.0135304008203278	nein
2022-02-20	85+ Jahre	8751	8225.42233016504	1.6518938450966	nein
2022-02-27	85+ Jahre	8285	8175.00597625601	0.349642480716385	nein
2022-03-06	85+ Jahre	8737	8114.53011745362	1.96596612557867	nein
2022-03-13	85+ Jahre	8761	8045.20871174445	2.26619759063811	nein
2022-03-20	85+ Jahre	8887	7968.38682987526	2.91060080244292	nein
2022-03-27	85+ Jahre	8812	7885.50636567152	2.95015951848059	nein
2022-04-03	85+ Jahre	8584	7798.07154190003	2.52324301395057	nein
2022-04-10	85+ Jahre	8618	7707.61554785876	2.93224429044236	nein
2022-04-17	85+ Jahre	8271	7615.66944733977	2.13418340697975	nein
2022-04-24	85+ Jahre	7882	7523.73424812409	1.18111825829211	nein
2022-05-01	85+ Jahre	7886	7433.25675036352	1.49852385731115	nein
2022-05-08	85+ Jahre	7708	7345.60951374357	1.20889713551581	nein
2022-05-15	85+ Jahre	7666	7262.07502189039	1.35386345618893	nein
2022-05-22	85+ Jahre	7253	7183.83389244049	0.234847743675376	nein
2022-05-29	85+ Jahre	6796	7111.95679293019	-1.08812381898337	nein
2022-06-05	85+ Jahre	7185	7047.39958164534	0.470963168553156	nein
2022-06-12	85+ Jahre	7164	6991.00109986373	0.594004005788571	nein
2022-06-19	85+ Jahre	7202	6943.48299508941	0.888865492954661	nein
2022-06-26	85+ Jahre	7571	6905.4509490363	2.2731900274313	nein
2022-07-03	85+ Jahre	7309	6877.39671298849	1.48500208796737	nein
2022-07-10	85+ Jahre	7069	6859.7004100067	0.724814923031111	nein
2022-07-17	85+ Jahre	7435	6852.63264178041	2.00027846911925	nein
2022-07-24	85+ Jahre	8439	6856.35603200064	5.31690261564649	nein
2022-07-31	85+ Jahre	8255	6870.92594316783	4.66457486885018	nein
2022-08-07	85+ Jahre	8209	6896.29021594345	4.42301151467227	nein
2022-08-14	85+ Jahre	8006	6932.28789648117	3.62729596653853	nein
2022-08-21	85+ Jahre	8233	6978.64703507116	4.20773404761377	nein
2022-08-28	85+ Jahre	7795	7034.98175642541	2.56684822505343	nein
2022-09-04	85+ Jahre	7267	7100.78891519164	0.566302606010539	nein
2022-09-11	85+ Jahre	7556	7175.44475627392	1.28359487373121	nein
2022-09-18	85+ Jahre	7274	7258.2020937334	0.0534203026898536	nein
2022-09-25	85+ Jahre	7663	7348.18859880799	1.0508920984178	nein
2022-10-02	85+ Jahre	8373	7444.4068402933	3.0400759863751	nein
2022-10-09	85+ Jahre	8400	7545.73674185978	2.78259129688507	nein
2022-10-16	85+ Jahre	9072	7650.9411034894	4.54653601076827	nein
2022-10-23	85+ Jahre	8979	7758.6747715428	3.89315232780583	nein
2022-10-30	85+ Jahre	8962	7867.49792932792	3.47666125206212	nein
2022-11-06	85+ Jahre	8219	7975.89381574625	0.780080190588729	nein
2022-11-13	85+ Jahre	8291	8082.29096606534	0.66571434117541	nein
2022-11-20	85+ Jahre	8510	8185.08981347213	1.02738676930992	nein
2022-11-27	85+ Jahre	8824	8282.69320553552	1.69433630605371	nein
2022-12-04	85+ Jahre	9113	8373.5400939495	2.29338712396704	nein
2022-12-11	85+ Jahre	10224	8456.14137107298	5.35703609355861	nein
2022-12-18	85+ Jahre	10933	8529.11657751144	7.17780150707841	nein
2022-12-25	85+ Jahre	12488	8591.23001617489	11.3313453184475	nein
2023-01-01	85+ Jahre	11940	8641.42470218936	9.65220969117772	nein
2023-01-08	85+ Jahre	10951	8678.85257158509	6.74289526056305	nein
2023-01-15	85+ Jahre	9627	8702.89947369752	2.80203525242795	nein
2023-01-22	85+ Jahre	8877	8713.2036817926	0.503316081233495	nein
2023-01-29	85+ Jahre	8549	8709.66696220707	-0.4968647420023	nein
2023-02-05	85+ Jahre	8684	8692.45762306528	-0.0261043938682471	nein
2023-02-12	85+ Jahre	8465	8662.00539024645	-0.611363551403061	nein
2023-02-19	85+ Jahre	8710	8618.98839663675	0.281571445454208	nein
2023-02-26	85+ Jahre	8660	8564.31298546398	0.296960516330627	nein
2023-03-05	85+ Jahre	8629	8499.08738694868	0.404466710400078	nein
2023-03-12	85+ Jahre	9108	8424.59060298786	2.11466565478865	nein
2023-03-19	85+ Jahre	8923	8342.23800922359	1.80929204884425	nein
2023-03-26	85+ Jahre	8826	8253.54524993174	1.79315905326299	nein
2023-04-02	85+ Jahre	8446	8160.09196128532	0.905733386548743	nein
2023-04-09	85+ Jahre	8141	8063.48672449373	0.248071284012078	nein
2023-04-16	85+ Jahre	8309	7965.33444097736	1.10063244906867	nein
2023-04-23	85+ Jahre	8064	7867.20706041868	0.636085876399226	nein
2023-04-30	85+ Jahre	7788	7770.61830410754	0.0567465283578483	nein
2023-05-07	85+ Jahre	7682	7677.00273427889	0.0164191292532726	nein
2023-05-14	85+ Jahre	7624	7587.69924575752	0.119894015756425	nein
2023-05-21	85+ Jahre	7232	7503.93881523242	-0.909467694110219	nein
2023-05-28	85+ Jahre	7372	7426.8361467003	-0.183451622324624	nein
2023-06-04	85+ Jahre	7158	7357.38470467268	-0.672431562390576	nein
2023-06-11	85+ Jahre	7420	7296.45453064497	0.415340461683115	nein
2023-06-18	85+ Jahre	7015	7244.79234527305	-0.781645401737915	nein
2023-06-25	85+ Jahre	7142	7203.02342663637	-0.207362652404637	nein
2023-07-02	85+ Jahre	6727	7171.65340760045	-1.5282359547768	nein
2023-07-09	85+ Jahre	6688	7151.07068299668	-1.59462400135498	nein
2023-07-16	85+ Jahre	7202	7141.54877447951	0.205731984766153	nein
2023-07-23	85+ Jahre	6652	7143.24811197437	-1.69382939210172	nein
2023-07-30	85+ Jahre	6740	7156.21695827592	-1.4311821690199	nein
2023-08-06	85+ Jahre	6675	7180.39132093023	-1.73861113591743	nein
2023-08-13	85+ Jahre	6943	7215.5938171012	-0.930194957385833	nein
2023-08-20	85+ Jahre	7500	7261.53157998817	0.801657339197361	nein
2023-08-27	85+ Jahre	7259	7317.79341691964	-0.198216929602965	nein
2023-09-03	85+ Jahre	6634	7383.84654655151	-2.55788311193179	nein
2023-09-10	85+ Jahre	7372	7459.03335196447	-0.290802455226926	nein
2023-09-17	85+ Jahre	7178	7542.56868319767	-1.21891925259742	nein
2023-09-24	85+ Jahre	6952	7633.53832105626	-2.2813269263298	nein
2023-10-01	85+ Jahre	7128	7730.89926705688	-2.00124543316273	nein
2023-10-08	85+ Jahre	7467	7833.48254462607	-1.20187123876175	nein
2023-10-15	85+ Jahre	7676	7939.99917662438	-0.857904449778719	nein
2023-10-22	85+ Jahre	8085	8049.04993728118	0.115288222676683	nein
2023-10-29	85+ Jahre	8444	8159.13935799944	0.902737580423879	nein
2023-11-05	85+ Jahre	8577	8268.69429467652	0.97008774588263	nein
2023-11-12	85+ Jahre	8729	8376.08714189755	1.10234078938349	nein
2023-11-19	85+ Jahre	8701	8479.66351441854	0.688852843705877	nein
2023-11-26	85+ Jahre	8764	8577.77392212924	0.576619976062244	nein
2023-12-03	85+ Jahre	9271	8668.80865981777	1.84037537405181	nein
2023-12-10	85+ Jahre	9750	8751.2348405148	3.01655800093081	nein
2023-12-17	85+ Jahre	9580	8823.63424646828	2.28495859937901	nein
2023-12-24	85+ Jahre	9710	8884.74048048756	2.48155560150442	nein
2023-12-31	85+ Jahre	9416	8933.47379531085	1.45585513074102	nein
2024-01-07	85+ Jahre	9325	8968.9719768895	1.07450428188384	nein
2024-01-14	85+ Jahre	8813	8990.61576780693	-0.540689350313401	nein
2024-01-21	85+ Jahre	9115	8998.04753810897	0.3539318866963	nein
2024-01-28	85+ Jahre	9323	8991.18223046074	1.00065333427521	nein
2024-02-04	85+ Jahre	9122	8970.21000249922	0.459799716762014	nein
2024-02-11	85+ Jahre	9297	8935.59043115174	1.09274609282054	nein
2024-02-18	85+ Jahre	8776	8888.03859620424	-0.342671178099388	nein
2024-02-25	85+ Jahre	8329	8828.50378704757	-1.54457213720257	nein
2024-03-03	85+ Jahre	8203	8758.14194367298	-1.7257030112512	nein
2024-03-10	85+ Jahre	7935	8678.28322342503	-2.33051999870818	nein
2024-03-17	85+ Jahre	8019	8590.39626065459	-1.7948430382526	nein
2024-03-24	85+ Jahre	7792	8496.05074970869	-2.23044013293714	nein
2024-03-31	85+ Jahre	7735	8396.87993573934	-2.10791401333801	nein
2024-04-07	85+ Jahre	8040	8294.54445514806	-0.808945567185714	nein
2024-04-14	85+ Jahre	7690	8190.69874789164	-1.6098835331921	nein
2024-04-21	85+ Jahre	7450	8086.9609916038	-2.06770542368015	nein
2024-04-28	85+ Jahre	7689	7984.88720829088	-0.959735851468711	nein
2024-05-05	85+ Jahre	7934	7885.94989278707	0.155707297657172	nein
2024-05-12	85+ Jahre	7510	7791.52122939734	-0.924420670672918	nein
2024-05-19	85+ Jahre	7832	7702.86071561506	0.422747129430839	nein
2024-05-26	85+ Jahre	7256	7621.10681044182	-1.21486175686751	nein
2024-06-02	85+ Jahre	7247	7547.27207525463	-1.00267027785726	nein
2024-06-09	85+ Jahre	7168	7482.2411782005	-1.05433173254235	nein
2024-06-16	85+ Jahre	7225	7426.77108583048	-0.677816538947854	nein
2024-06-23	85+ Jahre	7457	7381.49276258764	0.252852825232957	nein
2024-06-30	85+ Jahre	7900	7346.91373284846	1.83714026600016	nein
2024-07-07	85+ Jahre	6998	7323.42092404538	-1.10429103151604	nein
2024-07-14	85+ Jahre	7539	7311.2832958542	0.76367650340941	nein
2024-07-21	85+ Jahre	7602	7310.65386322991	0.975754744097188	nein
2024-07-28	85+ Jahre	7049	7321.57083500964	-0.924001261516389	nein
2024-08-04	85+ Jahre	7381	7343.95771072697	0.124491434266438	nein
2024-08-11	85+ Jahre	7366	7377.62230292388	-0.0390142991691992	nein
2024-08-18	85+ Jahre	7586	7422.25477784993	0.545875363280468	nein
2024-08-25	85+ Jahre	7172	7477.42493135103	-1.02519014821466	nein
2024-09-01	85+ Jahre	7597	7542.57903597539	0.180407273203478	nein
2024-09-08	85+ Jahre	7708	7617.03670613282	0.299826930017962	nein
2024-09-15	85+ Jahre	7331	7699.98832578598	-1.22191484493411	nein
2024-09-22	85+ Jahre	7988	7790.49366174333	0.64224876605983	nein
2024-09-29	85+ Jahre	8017	7887.48233825809	0.419156808078986	nein
2024-10-06	85+ Jahre	8132	7989.75686775131	0.457248697779031	nein
2024-10-13	85+ Jahre	8607	8095.9989105116	1.61976599655381	nein
2024-10-20	85+ Jahre	8697	8204.77936651394	1.55049110723142	nein
2024-10-27	85+ Jahre	8540	8314.57278041057	0.709077130143473	nein
2024-11-03	85+ Jahre	8275	8423.77636483541	-0.468350318742886	nein
2024-11-10	85+ Jahre	8299	8530.73372033898	-0.725999114341993	nein
2024-11-17	85+ Jahre	8822	8633.76306062819	0.581356216947179	nein
2024-11-24	85+ Jahre	9023	8731.18945302209	0.894388291297574	nein
2024-12-01	85+ Jahre	9077	8821.38027518329	0.779924558388452	nein
2024-12-08	85+ Jahre	9098	8902.78279360444	0.593520036928978	nein
2024-12-15	85+ Jahre	9003	8973.96251287857	0.0881950961190741	nein
2024-12-22	85+ Jahre	9298	9033.64075335338	0.796783304607763	nein
2024-12-29	85+ Jahre	9061	9080.72981134892	-0.0596158178234233	nein
2025-01-05	85+ Jahre	9357	9114.36405781946	0.728283752323761	nein
2025-01-12	85+ Jahre	9683	9133.92544678079	1.6373602322351	nein
2025-01-19	85+ Jahre	9430	9139.06213232465	0.871295059949705	nein
2025-01-26	85+ Jahre	10239	9129.69921998188	3.2770596473797	nein
2025-02-02	85+ Jahre	9949	9106.04108173809	2.50472715253056	nein
2025-02-09	85+ Jahre	9728	9068.56511316544	1.96968481720895	nein
2025-02-16	85+ Jahre	9927	9018.00726998372	2.71088889455403	nein
2025-02-23	85+ Jahre	10360	8955.34015291966	4.16824908883885	nein
2025-03-02	85+ Jahre	10106	8881.7447800017	3.65872373750074	nein
2025-03-09	85+ Jahre	9743	8798.57746702295	2.84930550677703	nein
2025-03-16	85+ Jahre	9478	8707.33341174019	2.34434518358435	nein
2025-03-23	85+ Jahre	9371	8609.60863810106	2.32951442025909	nein
2025-03-30	85+ Jahre	9078	8507.06190683003	1.76342520620324	nein
2025-04-06	85+ Jahre	8577	8401.37805102767	0.549983674402269	nein
2025-04-13	85+ Jahre	8619	8294.23397030641	1.02065689436393	nein
2025-04-20	85+ Jahre	8565	8187.26823911488	1.19361028042745	nein
2025-04-27	85+ Jahre	7855	8082.05498045777	-0.731132995446111	nein
2025-05-04	85+ Jahre	8270	7980.08235007565	0.929567856077994	nein
2025-05-11	85+ Jahre	7708	7882.73568972074	-0.569241291558307	nein
2025-05-18	85+ Jahre	7806	7791.28515796528	0.0480258918852372	nein
2025-05-25	85+ Jahre	7679	7706.87744398779	-0.0915708760677218	nein
2025-06-01	85+ Jahre	7853	7630.5310195264	0.730467299675185	nein
2025-06-08	85+ Jahre	7565	7563.13428738212	0.00618278193900878	nein
2025-06-15	85+ Jahre	7484	7505.44593841607	-0.0713801935706161	nein
2025-06-22	85+ Jahre	7499	7458.09682721154	0.13638347116295	nein
2025-06-29	85+ Jahre	7559	7421.59271230878	0.458290703899127	nein
2025-07-06	85+ Jahre	7700	7396.31727257027	1.01084782186733	nein
2025-07-13	85+ Jahre	7370	7382.53489956126	-0.0420561394184425	nein
2025-07-20	85+ Jahre	7445	7380.39287044434	0.216410420565852	nein
2025-07-27	85+ Jahre	7359	7389.92262150985	-0.103729918110477	nein
2025-08-03	85+ Jahre	7058	7411.03996490277	-1.19126124215958	nein
2025-08-10	85+ Jahre	7447	7443.54421705266	0.0115398447419722	nein
2025-08-17	85+ Jahre	7991	7487.11633399811	1.65939438043113	nein
2025-08-24	85+ Jahre	7176	7541.31627355091	-1.22179473624434	nein
2025-08-31	85+ Jahre	7558	7605.5799240706	-0.157303137927924	nein
2025-09-07	85+ Jahre	7363	7679.21605077202	-1.04643490936206	nein
2025-09-14	85+ Jahre	7206	7761.40380821239	-1.83757687491312	nein
2025-09-21	85+ Jahre	7744	7851.19144600508	-0.349053855613554	nein
2025-09-28	85+ Jahre	7471	7947.49688696921	-1.55417464690254	nein
2025-10-05	85+ Jahre	7924	8049.11087528597	-0.402322258876615	nein
2025-10-12	85+ Jahre	8304	8154.70336924122	0.474184198730243	nein
2025-10-19	85+ Jahre	8028	8262.83378215644	-0.746589478221934	nein
2025-10-26	85+ Jahre	8753	8371.96555155379	1.18850265245227	nein
2025-11-02	85+ Jahre	8631	8480.48533910182	0.468449244670069	nein
2025-11-09	85+ Jahre	8495	8586.72693544629	-0.284974755256853	nein
2025-11-16	85+ Jahre	8653	8688.99967286155	-0.111028978516599	nein
2025-11-23	85+ Jahre	8612	8785.6208485904	-0.533770474569198	nein
2025-11-30	85+ Jahre	8987	8874.95135194035	0.340792883513412	nein
2025-12-07	85+ Jahre	9084	8955.43339215185	0.389054799917662	nein
2025-12-14	85+ Jahre	9110	9025.62896770971	0.254466001723334	nein
2025-12-21	85+ Jahre	9082	9084.25752706887	-0.00679601261607635	nein
2025-12-28	85+ Jahre	9151	9130.23116870563	0.0623251626479451	nein
2026-01-04	85+ Jahre	10118	9162.6857320318	2.81471733117388	nein
2026-01-11	85+ Jahre	10827	9181.00624851942	4.78943758755035	nein
2026-01-18	85+ Jahre	10824	9184.84545252912	4.76853990960774	nein
2026-01-25	85+ Jahre	10303	9174.13438098139	3.31317484237031	nein
2026-02-01	85+ Jahre	10285	9149.08449710062	3.33767038240446	nein
2026-02-08	85+ Jahre	10328	9110.18122479693	3.58065900993477	nein
2026-02-15	85+ Jahre	10050	9058.16924072383	2.93543438522072	nein
2026-02-22	85+ Jahre	9812	8994.03030355067	2.43657519193301	nein
2026-03-01	85+ Jahre	9651	8918.95477046843	2.19293941561457	nein
2026-03-08	85+ Jahre	8846	8834.308232028	0.0356570483448889	nein
2026-03-15	85+ Jahre	8564	8741.59487008943	-0.546510919296454	nein
2026-03-22	85+ Jahre	8339	8642.41920271683	-0.941501047803336	nein
2026-03-29	85+ Jahre	8385	8538.44782788513	-0.477686546687703	nein
2026-04-05	85+ Jahre	8530	8431.37262802382	0.30747426479762	nein
2026-04-12	85+ Jahre	8467	8322.87667015064	0.451850949186984	nein
2026-04-19	85+ Jahre	8484	8214.60375651354	0.848070557655092	nein
2026-04-26	85+ Jahre	7987	8108.13227454855	-0.386900050814716	nein
2026-05-03	85+ Jahre	8283	8004.95368752907	0.886529481910368	nein
2026-05-10	85+ Jahre	8278	7906.45571997409	1.18968813521239	nein
2026-05-17	85+ Jahre	7915	7813.91004120803	0.327425757793193	nein
2026-05-24	85+ Jahre	8207	7728.46404736801	1.54617489565902	nein
2026-05-31	85+ Jahre	7985	7651.13619210122	1.08734570000983	nein
2026-06-07	85+ Jahre	7516	7582.81421983146	-0.22047078181714	nein
2026-06-14	85+ Jahre	7433	7524.25560964118	-0.302443222455771	nein
2026-06-21	85+ Jahre	8033	7476.08953674164	1.82556279188452	nein
2026-06-28	85+ Jahre	10916	7438.8196949707	10.8117668537971	nein
2026-07-05	85+ Jahre	9698	7412.82739011932	7.26699990744424	nein
2026-07-12	85+ Jahre	7983	7398.37440286706	1.92434994110329	nein
2026-07-19	85+ Jahre	8015	7395.60522529228	2.03729728516035	nein
2026-07-26	85+ Jahre	7540	7404.54839101993	0.449873880231234	nein
2026-08-02	85+ Jahre	8125	7425.11674187775	2.29267389477016	nein
2026-08-09	85+ Jahre	8090	7457.10660014822	2.0712762413844	nein
2026-08-16	85+ Jahre	7911	7500.1959423573	1.3465993662062	ja
2026-08-23	85+ Jahre	7575	7553.94179538075	0.0693458610880421	ja
2026-08-30	85+ Jahre	7574	7617.77719547472	-0.143708952883399	ja
2026-09-06	85+ Jahre	7389	7691.00816192689	-0.991917617710224	ja
2026-09-13	85+ Jahre	7664	7772.81123462533	-0.353823375048487	ja
2026-09-20	85+ Jahre	7687	7862.23220307578	-0.567095041862027	ja
2026-09-27	85+ Jahre	7475	7958.18670635946	-1.56380716468188	ja
2023-12-03	Andere Sterbeorte	7264	6528.3792615263	3.65494037112737	nein
2023-12-10	Andere Sterbeorte	7400	6572.55848455193	4.09087647806436	nein
2023-12-17	Andere Sterbeorte	7406	6609.9416728571	3.92962022731044	nein
2023-12-24	Andere Sterbeorte	7571	6639.84742117453	4.57432084511334	nein
2023-12-31	Andere Sterbeorte	7251	6661.72079347588	2.91451191503184	nein
2024-01-07	Andere Sterbeorte	7037	6675.14827968311	1.79837928577504	nein
2024-01-14	Andere Sterbeorte	6733	6679.86919458582	0.266072306257921	nein
2024-01-21	Andere Sterbeorte	6891	6675.78297152282	1.07425382229299	nein
2024-01-28	Andere Sterbeorte	6876	6662.95199340705	1.06491757696489	nein
2024-02-04	Andere Sterbeorte	6748	6641.59982030048	0.534292335538097	nein
2024-02-11	Andere Sterbeorte	6844	6612.10489999655	1.16385605306588	nein
2024-02-18	Andere Sterbeorte	6567	6574.99006886982	-0.0404693051485823	nein
2024-02-25	Andere Sterbeorte	6317	6530.90834819529	-1.09323980913317	nein
2024-03-03	Andere Sterbeorte	6300	6480.62570211358	-0.926218883199752	nein
2024-03-10	Andere Sterbeorte	6111	6425.00153697736	-1.62337311418111	nein
2024-03-17	Andere Sterbeorte	6174	6364.96778205336	-0.988970064936183	nein
2024-03-24	Andere Sterbeorte	5920	6301.50739742529	-1.99653864245587	nein
2024-03-31	Andere Sterbeorte	5972	6235.63311001555	-1.38280088085082	nein
2024-04-07	Andere Sterbeorte	5955	6168.36709036776	-1.12391191261495	nein
2024-04-14	Andere Sterbeorte	5742	6100.72216145254	-1.90818506601012	nein
2024-04-21	Andere Sterbeorte	5764	6033.68498805196	-1.43911195777889	nein
2024-04-28	Andere Sterbeorte	5873	5968.20154328785	-0.508334844812924	nein
2024-05-05	Andere Sterbeorte	5984	5905.164998776	0.421137899095734	nein
2024-05-12	Andere Sterbeorte	5782	5845.40604620402	-0.341824916312975	nein
2024-05-19	Andere Sterbeorte	5811	5789.68553808785	0.115179890304795	nein
2024-05-26	Andere Sterbeorte	5546	5738.68923885117	-1.05246530895117	nein
2024-06-02	Andere Sterbeorte	5521	5693.02440659415	-0.942812406761948	nein
2024-06-09	Andere Sterbeorte	5576	5653.21788128298	-0.423505083016284	nein
2024-06-16	Andere Sterbeorte	5640	5619.71533524658	0.111262003082318	nein
2024-06-23	Andere Sterbeorte	5697	5592.88134428751	0.571051699929383	nein
2024-06-30	Andere Sterbeorte	6121	5572.99995919113	2.97285175017555	nein
2024-07-07	Andere Sterbeorte	5386	5560.27549446391	-0.966751626098972	nein
2024-07-14	Andere Sterbeorte	5743	5554.83330031099	1.03309652809021	nein
2024-07-21	Andere Sterbeorte	5731	5556.7203419869	0.957149328188199	nein
2024-07-28	Andere Sterbeorte	5420	5565.9054748726	-0.808433473597869	nein
2024-08-04	Andere Sterbeorte	5632	5582.27937143041	0.273499838934557	nein
2024-08-11	Andere Sterbeorte	5502	5605.65412529172	-0.571661521073939	nein
2024-08-18	Andere Sterbeorte	5912	5635.762625972	1.50276381557051	nein
2024-08-25	Andere Sterbeorte	5500	5672.25786285718	-0.946565699110146	nein
2024-09-01	Andere Sterbeorte	5646	5714.71237674339	-0.375055521868002	nein
2024-09-08	Andere Sterbeorte	5887	5762.61812860558	0.672413232424699	nein
2024-09-15	Andere Sterbeorte	5589	5815.38709535244	-1.23087200582075	nein
2024-09-22	Andere Sterbeorte	6052	5872.35292775032	0.960869737823415	nein
2024-09-29	Andere Sterbeorte	5877	5932.77401302015	-0.298791838184777	nein
2024-10-06	Andere Sterbeorte	6089	5995.83827056055	0.494438045839549	nein
2024-10-13	Andere Sterbeorte	6240	6060.66997113596	0.94453364772766	nein
2024-10-20	Andere Sterbeorte	6414	6126.33880603268	1.50279386260835	nein
2024-10-27	Andere Sterbeorte	6145	6191.87134299602	-0.245762192390413	nein
2024-11-03	Andere Sterbeorte	6083	6256.2648920662	-0.906873348714451	nein
2024-11-10	Andere Sterbeorte	6116	6318.50367087745	-1.05543981192127	nein
2024-11-17	Andere Sterbeorte	6483	6377.57701216788	0.542455977858303	nein
2024-11-24	Andere Sterbeorte	6709	6432.49920506005	1.41049240472229	nein
2024-12-01	Andere Sterbeorte	6673	6482.33041685886	0.970996885093643	nein
2024-12-08	Andere Sterbeorte	6657	6526.19801549855	0.664866054784683	nein
2024-12-15	Andere Sterbeorte	6418	6563.31751620798	-0.741732910768475	nein
2024-12-22	Andere Sterbeorte	6741	6593.01232010815	0.748065582532957	nein
2024-12-29	Andere Sterbeorte	6467	6614.73140549034	-0.751130490513787	nein
2025-01-05	Andere Sterbeorte	6768	6628.06417902817	0.705667631046321	nein
2025-01-12	Andere Sterbeorte	6704	6632.75179429122	0.359798322408888	nein
2025-01-19	Andere Sterbeorte	6628	6628.69439397941	-0.00351435259985031	nein
2025-01-26	Andere Sterbeorte	7144	6615.95392097899	2.64093335383974	nein
2025-02-02	Andere Sterbeorte	6870	6594.7523584395	1.38744128513277	nein
2025-02-09	Andere Sterbeorte	6793	6565.46548471946	1.15102331923333	nein
2025-02-16	Andere Sterbeorte	7049	6528.61244829319	2.6214738555597	nein
2025-02-23	Andere Sterbeorte	7196	6484.84166425802	3.57862866846696	nein
2025-03-02	Andere Sterbeorte	6819	6434.91369391835	1.95603595813022	nein
2025-03-09	Andere Sterbeorte	6759	6379.68188168283	1.94067451489028	nein
2025-03-16	Andere Sterbeorte	6778	6320.07158332354	2.34964403412471	nein
2025-03-23	Andere Sterbeorte	6520	6257.05882547653	1.36291701004887	nein
2025-03-30	Andere Sterbeorte	6273	6191.64919165185	0.426006615883646	nein
2025-04-06	Andere Sterbeorte	6318	6124.85764236892	1.0141061112985	nein
2025-04-13	Andere Sterbeorte	6297	6057.68985650857	1.26211477685482	nein
2025-04-20	Andere Sterbeorte	6148	5991.12553927353	0.833917713466532	nein
2025-04-27	Andere Sterbeorte	5611	5926.10399123071	-1.70718277545734	nein
2025-05-04	Andere Sterbeorte	5920	5863.51208388382	0.304467873210929	nein
2025-05-11	Andere Sterbeorte	5673	5804.17464951938	-0.714583711657707	nein
2025-05-18	Andere Sterbeorte	5744	5748.84717387271	-0.0264385936769952	nein
2025-05-25	Andere Sterbeorte	5581	5698.21058423134	-0.644351395015537	nein
2025-06-01	Andere Sterbeorte	5948	5652.86785531469	1.60966324888522	nein
2025-06-08	Andere Sterbeorte	5683	5613.34211094889	0.383758086628223	nein
2025-06-15	Andere Sterbeorte	5555	5580.0758798502	-0.138955639387149	nein
2025-06-22	Andere Sterbeorte	5590	5553.43116623423	0.202760821869944	nein
2025-06-29	Andere Sterbeorte	5790	5533.69001729408	1.41448142473746	nein
2025-07-06	Andere Sterbeorte	5896	5521.05530637502	2.06440442603958	nein
2025-07-13	Andere Sterbeorte	5458	5515.65149950676	-0.321664450706372	nein
2025-07-20	Andere Sterbeorte	5705	5517.52523066784	1.0381446314255	nein
2025-07-27	Andere Sterbeorte	5394	5526.64557492217	-0.740982782609085	nein
2025-08-03	Andere Sterbeorte	5340	5542.90397588925	-1.13414219020654	nein
2025-08-10	Andere Sterbeorte	5722	5566.11385262461	0.860082101930741	nein
2025-08-17	Andere Sterbeorte	5841	5596.00997874525	1.34445628441162	nein
2025-08-24	Andere Sterbeorte	5455	5632.24779132538	-0.981587128341313	nein
2025-08-31	Andere Sterbeorte	5626	5674.40284630501	-0.265965625378302	nein
2025-09-07	Andere Sterbeorte	5499	5721.97068818407	-1.22609429446736	nein
2025-09-14	Andere Sterbeorte	5402	5774.36744157511	-2.04672909924278	nein
2025-09-21	Andere Sterbeorte	5613	5830.93145743286	-1.18605821820944	nein
2025-09-28	Andere Sterbeorte	5684	5890.92635404871	-1.11954690885425	nein
2025-10-05	Andere Sterbeorte	5808	5953.54577894639	-0.781535601863616	nein
2025-10-12	Andere Sterbeorte	5996	6017.92017997014	-0.116606896769092	nein
2025-10-19	Andere Sterbeorte	5858	6083.12581047012	-1.19724895807319	nein
2025-10-26	Andere Sterbeorte	6319	6148.1961044334	0.89328624400439	nein
2025-11-02	Andere Sterbeorte	6137	6212.13544451542	-0.393275888430692	nein
2025-11-09	Andere Sterbeorte	6182	6273.9352133147	-0.478737004107197	nein
2025-11-16	Andere Sterbeorte	6152	6332.59187245354	-0.937629244452713	nein
2025-11-23	Andere Sterbeorte	6272	6387.12666390531	-0.593734844037015	nein
2025-11-30	Andere Sterbeorte	6637	6436.60638421754	1.02048336979843	nein
2025-12-07	Andere Sterbeorte	6642	6480.16455655786	0.821678340937705	nein
2025-12-14	Andere Sterbeorte	6442	6517.02222962925	-0.381913673609672	nein
2025-12-21	Andere Sterbeorte	6519	6546.50757703841	-0.139472258402781	nein
2025-12-28	Andere Sterbeorte	6641	6568.07346378598	0.368045903479532	nein
2026-01-04	Andere Sterbeorte	7160	6581.3121927236	2.88061122732521	nein
2026-01-11	Andere Sterbeorte	7175	6585.9667432307	2.92948800360802	nein
2026-01-18	Andere Sterbeorte	7014	6581.93796236472	2.15709036550248	nein
2026-01-25	Andere Sterbeorte	6837	6569.28735608905	1.34304220231688	nein
2026-02-01	Andere Sterbeorte	7074	6548.23534176376	2.62513342572187	nein
2026-02-08	Andere Sterbeorte	7046	6519.15504714162	2.63631387399382	nein
2026-02-15	Andere Sterbeorte	6966	6482.56195880997	2.42865239278153	nein
2026-02-22	Andere Sterbeorte	6661	6439.09991817868	1.1259794532334	nein
2026-03-01	Andere Sterbeorte	6647	6389.52412182563	1.31068856985248	nein
2026-03-08	Andere Sterbeorte	6323	6334.68189497423	-0.0601595747215099	nein
2026-03-15	Andere Sterbeorte	6150	6275.49206626903	-0.651536188067757	nein
2026-03-22	Andere Sterbeorte	5998	6212.92377780437	-1.1247167574998	nein
2026-03-29	Andere Sterbeorte	6150	6147.97552006509	0.0105922212646542	nein
2026-04-05	Andere Sterbeorte	6096	6081.65509440334	0.0754704786012884	nein
2026-04-12	Andere Sterbeorte	6033	6014.96108600195	0.0954631378930478	nein
2026-04-19	Andere Sterbeorte	6060	5948.86628957475	0.590116616653152	nein
2026-04-26	Andere Sterbeorte	5775	5884.30338019951	-0.587459737803609	nein
2026-05-03	Andere Sterbeorte	6040	5822.15297370656	1.16667793114754	nein
2026-05-10	Andere Sterbeorte	5971	5763.23408431147	1.11902632025397	nein
2026-05-17	Andere Sterbeorte	5734	5708.29686882432	0.13987119701439	nein
2026-05-24	Andere Sterbeorte	5827	5658.01745151584	0.920067673405859	nein
2026-05-31	Andere Sterbeorte	5873	5612.99455393818	1.41789634487768	nein
2026-06-07	Andere Sterbeorte	5607	5573.74760998973	0.183216182482903	nein
2026-06-14	Andere Sterbeorte	5518	5540.71602694794	-0.125764566618229	nein
2026-06-21	Andere Sterbeorte	6101	5514.25925558064	3.19915885312958	nein
2026-06-28	Andere Sterbeorte	8545	5494.65735362121	15.6759858073119	nein
2026-07-05	Andere Sterbeorte	8150	5482.11176341912	13.8414745272161	nein
2026-07-12	Andere Sterbeorte	6142	5476.74607306541	3.63104462406878	nein
2026-07-19	Andere Sterbeorte	5863	5478.60658759926	2.11427384741911	nein
2026-07-26	Andere Sterbeorte	5536	5487.66260021795	0.26824948442008	nein
2026-08-02	Andere Sterbeorte	5993	5503.80632025877	2.67532510916399	nein
2026-08-09	Andere Sterbeorte	5985	5526.85248285228	2.50177337237071	nein
2026-08-16	Andere Sterbeorte	5715	5556.53773242718	0.870164947469055	ja
2026-08-23	Andere Sterbeorte	5537	5592.51993648095	-0.305676996666154	ja
2026-08-30	Andere Sterbeorte	5587	5634.37764482968	-0.259654058111798	ja
2026-09-06	Andere Sterbeorte	5530	5681.60996022136	-0.82942221654488	ja
2026-09-13	Andere Sterbeorte	5596	5733.63712571603	-0.748628957984625	ja
2026-09-20	Andere Sterbeorte	5533	5789.80215930336	-1.39361976478808	ja
2026-09-27	Andere Sterbeorte	5671	5849.37387344703	-0.959855293053311	ja
2023-12-03	Krankenhäuser	9640	9226.93888314355	1.31853769286163	nein
2023-12-10	Krankenhäuser	10090	9302.32560541193	2.48860694931368	nein
2023-12-17	Krankenhäuser	9914	9368.69369477667	1.72413903884106	nein
2023-12-24	Krankenhäuser	10115	9424.78771322154	2.17077623002921	nein
2023-12-31	Krankenhäuser	9748	9469.51612146071	0.880034706668345	nein
2024-01-07	Krankenhäuser	9800	9501.98049532243	0.939954599529877	nein
2024-01-14	Krankenhäuser	9789	9521.50037688414	0.843394810188362	nein
2024-01-21	Krankenhäuser	9782	9527.63256355556	0.802064563015473	nein
2024-01-28	Krankenhäuser	10012	9520.18387487824	1.54550113891352	nein
2024-02-04	Krankenhäuser	10046	9499.21674535146	1.71903048440016	nein
2024-02-11	Krankenhäuser	10027	9465.0473502192	1.77005466726358	nein
2024-02-18	Krankenhäuser	9630	9418.23635277442	0.672970996426404	nein
2024-02-25	Krankenhäuser	9122	9359.57273684503	-0.763794564072916	nein
2024-03-03	Krankenhäuser	8882	9290.05152786611	-1.32164908391114	nein
2024-03-10	Krankenhäuser	8632	9210.84648514064	-1.890094412107	nein
2024-03-17	Krankenhäuser	8563	9123.27904755194	-1.83876758925447	nein
2024-03-24	Krankenhäuser	8348	9028.78492399848	-2.25262706292311	nein
2024-03-31	Krankenhäuser	8288	8928.87973562209	-2.13212062995291	nein
2024-04-07	Krankenhäuser	8610	8825.12504515114	-0.714341318592051	nein
2024-04-14	Krankenhäuser	8205	8719.09596199276	-1.72836890112111	nein
2024-04-21	Krankenhäuser	8104	8612.35130773822	-1.72019502864461	nein
2024-04-28	Krankenhäuser	8254	8506.40708592054	-0.855299007053189	nein
2024-05-05	Krankenhäuser	8530	8402.71374312089	0.430802133891861	nein
2024-05-12	Krankenhäuser	8222	8302.63745528328	-0.275726518606229	nein
2024-05-19	Krankenhäuser	8404	8207.4454397485	0.67224047986925	nein
2024-05-26	Krankenhäuser	7899	8118.29509243576	-0.760556640573534	nein
2024-06-02	Krankenhäuser	7785	8036.22658879484	-0.876328038289604	nein
2024-06-09	Krankenhäuser	7789	7962.1584704179	-0.605785408820448	nein
2024-06-16	Krankenhäuser	7932	7896.88566666667	0.122799921389679	nein
2024-06-23	Krankenhäuser	8166	7841.07936960998	1.13332850110181	nein
2024-06-30	Krankenhäuser	8286	7795.28818628144	1.71057025463231	nein
2024-07-07	Krankenhäuser	7839	7759.94002897766	0.278583460152209	nein
2024-07-14	Krankenhäuser	7945	7735.34426590567	0.737866781739615	nein
2024-07-21	Krankenhäuser	7910	7721.69373506533	0.663624983581556	nein
2024-07-28	Krankenhäuser	7628	7719.06631852236	-0.32294465508152	nein
2024-08-04	Krankenhäuser	7785	7727.42587763339	0.203432293975638	nein
2024-08-11	Krankenhäuser	7661	7746.62245848674	-0.303149182914581	nein
2024-08-18	Krankenhäuser	8010	7776.39178752497	0.820091648537307	nein
2024-08-25	Krankenhäuser	7535	7816.35418699887	-0.996355797527169	nein
2024-09-01	Krankenhäuser	7888	7866.01314552129	0.0771305980220252	nein
2024-09-08	Krankenhäuser	8041	7924.75387716702	0.405599975028694	nein
2024-09-15	Krankenhäuser	7629	7991.84228936604	-1.27388189642923	nein
2024-09-22	Krankenhäuser	8105	8066.42485063911	0.133700110780427	nein
2024-09-29	Krankenhäuser	8354	8147.52989875585	0.709805014396769	nein
2024-10-06	Krankenhäuser	8170	8234.07095245481	-0.220349525268579	nein
2024-10-13	Krankenhäuser	8870	8324.85257974684	1.84264083670454	nein
2024-10-20	Krankenhäuser	8812	8418.57932793781	1.32641055397744	nein
2024-10-27	Krankenhäuser	8659	8513.86813116079	0.488904770185505	nein
2024-11-03	Krankenhäuser	8518	8609.26447895709	-0.307104642663798	nein
2024-11-10	Krankenhäuser	8806	8703.26245594597	0.342486107217264	nein
2024-11-17	Krankenhäuser	8814	8794.32855330435	0.0653208432789317	nein
2024-11-24	Krankenhäuser	9078	8880.92891723768	0.648815510035255	nein
2024-12-01	Krankenhäuser	9228	8961.55945156462	0.871803976652709	nein
2024-12-08	Krankenhäuser	9067	9034.77794818878	0.105409493016629	nein
2024-12-15	Krankenhäuser	9202	9099.23720017488	0.334395695469787	nein
2024-12-22	Krankenhäuser	9305	9153.71787762785	0.490168006285156	nein
2024-12-29	Krankenhäuser	8963	9197.1598354305	-0.761923493996404	nein
2025-01-05	Krankenhäuser	9803	9228.69048932387	1.8381583007019	nein
2025-01-12	Krankenhäuser	10369	9247.64895228955	3.55146484594652	nein
2025-01-19	Krankenhäuser	10001	9253.60476885234	2.38088248857158	nein
2025-01-26	Krankenhäuser	10452	9246.370314689	3.81249984578716	nein
2025-02-02	Krankenhäuser	10408	9226.00622859691	3.74344386827859	nein
2025-02-09	Krankenhäuser	10328	9192.81959218587	3.6049135581518	nein
2025-02-16	Krankenhäuser	10270	9147.35494330272	3.57547699077438	nein
2025-02-23	Krankenhäuser	10493	9090.37857351714	4.46159316537168	nein
2025-03-02	Krankenhäuser	10414	9022.85688996643	4.44393320733018	nein
2025-03-09	Krankenhäuser	10075	8945.92989302438	3.63970575196241	nein
2025-03-16	Krankenhäuser	9815	8860.88101517759	3.10120819683391	nein
2025-03-23	Krankenhäuser	9554	8769.10467236526	2.57342107923641	nein
2025-03-30	Krankenhäuser	9217	8672.07289438412	1.80536919010085	nein
2025-04-06	Krankenhäuser	8826	8571.30233127431	0.853854645673231	nein
2025-04-13	Krankenhäuser	8667	8468.32279013369	0.671168706811065	nein
2025-04-20	Krankenhäuser	8481	8364.64825870417	0.396319436997628	nein
2025-04-27	Krankenhäuser	8217	8261.75113817556	-0.153943666502677	nein
2025-05-04	Krankenhäuser	8423	8161.04015829379	0.901439616309387	nein
2025-05-11	Krankenhäuser	7873	8063.84220190686	-0.667021786044742	nein
2025-05-18	Krankenhäuser	8016	7971.38803944486	0.15609640366728	nein
2025-05-25	Krankenhäuser	7733	7884.80177853115	-0.536377539259762	nein
2025-06-01	Krankenhäuser	8039	7805.09367774133	0.824019650902589	nein
2025-06-08	Krankenhäuser	7859	7733.15586015016	0.446411489004629	nein
2025-06-15	Krankenhäuser	7671	7669.76039185942	0.00442726291195304	nein
2025-06-22	Krankenhäuser	7729	7615.55916053243	0.405589516241987	nein
2025-06-29	Krankenhäuser	7760	7571.08499451125	0.676262362749633	nein
2025-07-06	Krankenhäuser	7877	7536.75349874728	1.21667663326215	nein
2025-07-13	Krankenhäuser	7524	7512.86514359312	0.04016364673392	nein
2025-07-20	Krankenhäuser	7536	7499.60722076298	0.131302586977338	nein
2025-07-27	Krankenhäuser	7494	7497.05537232743	-0.0110343633621183	nein
2025-08-03	Krankenhäuser	7281	7505.17449904011	-0.81313638776984	nein
2025-08-10	Krankenhäuser	7609	7523.81895986971	0.306445412614853	nein
2025-08-17	Krankenhäuser	8078	7552.73208212923	1.86824723780972	nein
2025-08-24	Krankenhäuser	7411	7591.54510812282	-0.650341806099716	nein
2025-08-31	Krankenhäuser	7436	7639.77580681253	-0.73198804141121	nein
2025-09-07	Krankenhäuser	7466	7696.82707436056	-0.82643811090655	nein
2025-09-14	Krankenhäuser	7452	7761.98593170717	-1.10686755708728	nein
2025-09-21	Krankenhäuser	7839	7834.42339611041	0.016151005888322	nein
2025-09-28	Krankenhäuser	7678	7913.19575167982	-0.829837457673426	nein
2025-10-05	Krankenhäuser	7932	7997.24776584685	-0.228074739900385	nein
2025-10-12	Krankenhäuser	8327	8085.41838888778	0.834151978887797	nein
2025-10-19	Krankenhäuser	8299	8176.44942710671	0.421564624128686	nein
2025-10-26	Krankenhäuser	8683	8268.99759351011	1.40708002498262	nein
2025-11-02	Krankenhäuser	8520	8361.65021135725	0.537477567404372	nein
2025-11-09	Krankenhäuser	8430	8452.94467746144	-0.0776661731566588	nein
2025-11-16	Krankenhäuser	8369	8541.39158881902	-0.581638169012616	nein
2025-11-23	Krankenhäuser	8378	8625.50120737664	-0.831302812663333	nein
2025-11-30	Krankenhäuser	8689	8703.81269682438	-0.0492501888670886	nein
2025-12-07	Krankenhäuser	8628	8774.92532895098	-0.487221032965244	nein
2025-12-14	Krankenhäuser	8692	8837.53064434242	-0.480348254785287	nein
2025-12-21	Krankenhäuser	8683	8890.44438270565	-0.682765969927089	nein
2025-12-28	Krankenhäuser	8412	8932.63689015275	-1.71823507658231	nein
2026-01-04	Krankenhäuser	9930	8963.26067914612	3.09694504534275	nein
2026-01-11	Krankenhäuser	10832	8981.67387068548	5.83105207067883	nein
2026-01-18	Krankenhäuser	10600	8987.45838978613	5.09737058739171	nein
2026-01-25	Krankenhäuser	9903	8980.43200845799	2.95059660196049	nein
2026-02-01	Krankenhäuser	9760	8960.65362144337	2.56439765919504	nein
2026-02-08	Krankenhäuser	9822	8928.42147826332	2.86717893195853	nein
2026-02-15	Krankenhäuser	9790	8884.26445510853	2.91326532439843	nein
2026-02-22	Krankenhäuser	9605	8828.92680395093	2.51055409860929	nein
2026-03-01	Krankenhäuser	9348	8763.34713673163	1.90581807694684	nein
2026-03-08	Krankenhäuser	8879	8688.63266584835	0.628170486695601	nein
2026-03-15	Krankenhäuser	8424	8606.02991050711	-0.60835943856454	nein
2026-03-22	Krankenhäuser	8313	8516.89318133006	-0.685895056491981	nein
2026-03-29	Krankenhäuser	8056	8422.65217051579	-1.24556716089888	nein
2026-04-05	Krankenhäuser	8238	8324.77990716679	-0.295133142873486	nein
2026-04-12	Krankenhäuser	8284	8224.76219902823	0.202269130239911	nein
2026-04-19	Krankenhäuser	8404	8124.06948947576	0.958250223270232	nein
2026-04-26	Krankenhäuser	8055	8024.13183141925	0.106943280676662	nein
2026-05-03	Krankenhäuser	8052	7926.31743760284	0.437548080529916	nein
2026-05-10	Krankenhäuser	8006	7831.91502790189	0.609438189703877	nein
2026-05-17	Krankenhäuser	7796	7742.119974099	0.190293917541563	nein
2026-05-24	Krankenhäuser	8029	7658.02405293879	1.30906343088034	nein
2026-05-31	Krankenhäuser	7883	7580.60846657307	1.07433866866113	nein
2026-06-07	Krankenhäuser	7446	7510.739679392	-0.232989984807727	nein
2026-06-14	Krankenhäuser	7277	7449.16755181617	-0.623796354144882	nein
2026-06-21	Krankenhäuser	7846	7396.52522232465	1.61208508777187	nein
2026-06-28	Krankenhäuser	10081	7353.33019438468	9.38055822716811	nein
2026-07-05	Krankenhäuser	9383	7319.98611957868	7.19709463710899	nein
2026-07-12	Krankenhäuser	7809	7296.78482631931	1.84668518792976	nein
2026-07-19	Krankenhäuser	7553	7283.90821955392	0.976069757471416	nein
2026-07-26	Krankenhäuser	7114	7281.42976578326	-0.613367319009986	nein
2026-08-02	Krankenhäuser	7525	7289.31537526349	0.85484199094147	nein
2026-08-09	Krankenhäuser	7543	7307.42359579935	0.853146824245143	nein
2026-08-16	Krankenhäuser	7387	7335.50513696273	0.186838332290805	ja
2026-08-23	Krankenhäuser	6960	7373.20184703546	-1.51081924221591	ja
2026-08-30	Krankenhäuser	7022	7420.04536460639	-1.44946120449301	ja
2026-09-06	Krankenhäuser	7007	7475.45575936393	-1.7011798461561	ja
2026-09-13	Krankenhäuser	7229	7538.74055850512	-1.1151275487207	ja
2026-09-20	Krankenhäuser	7273	7609.09462196989	-1.20407137836434	ja
2026-09-27	Krankenhäuser	7204	7685.60137643259	-1.72067162601311	ja
2023-12-03	Alten- und Pflegeheime	5154	4935.68139899983	1.29744727774586	nein
2023-12-10	Alten- und Pflegeheime	5516	4965.28158541211	3.23066865934281	nein
2023-12-17	Alten- und Pflegeheime	5380	4990.05247196712	2.29471532534533	nein
2023-12-24	Alten- und Pflegeheime	5482	5009.53645178454	2.76913853455407	nein
2023-12-31	Alten- und Pflegeheime	5131	5023.3650444755	0.637649958961331	nein
2024-01-07	Alten- und Pflegeheime	5014	5031.26854630236	-0.102683241923996	nein
2024-01-14	Alten- und Pflegeheime	4916	5033.08323890001	-0.698653787014101	nein
2024-01-21	Alten- und Pflegeheime	5142	5028.75582034587	0.671108001506582	nein
2024-01-28	Alten- und Pflegeheime	5243	5018.34484769366	1.32829486931894	nein
2024-02-04	Alten- und Pflegeheime	5140	5002.01912072791	0.819649523817116	nein
2024-02-11	Alten- und Pflegeheime	5379	4980.0530825336	2.35570019152337	nein
2024-02-18	Alten- und Pflegeheime	5015	4952.81945286614	0.372283580242809	nein
2024-02-25	Alten- und Pflegeheime	4786	4920.77943515163	-0.815157231776527	nein
2024-03-03	Alten- und Pflegeheime	4736	4884.47093866017	-0.901911455907534	nein
2024-03-10	Alten- und Pflegeheime	4590	4844.4953277088	-1.55849657732697	nein
2024-03-17	Alten- und Pflegeheime	4675	4801.50324621269	-0.774769654553069	nein
2024-03-24	Alten- und Pflegeheime	4485	4756.18006804568	-1.67776682288282	nein
2024-03-31	Alten- und Pflegeheime	4582	4709.23149384621	-0.787101969496023	nein
2024-04-07	Alten- und Pflegeheime	4518	4661.36975782386	-0.892135447252166	nein
2024-04-14	Alten- und Pflegeheime	4469	4613.30083019763	-0.902751000824542	nein
2024-04-21	Alten- und Pflegeheime	4293	4565.71290947997	-1.72352207709876	nein
2024-04-28	Alten- und Pflegeheime	4558	4519.26640142794	0.243223943862727	nein
2024-05-05	Alten- und Pflegeheime	4462	4474.58548512964	-0.0795771760826794	nein
2024-05-12	Alten- und Pflegeheime	4154	4432.25127736604	-1.78600493979329	nein
2024-05-19	Alten- und Pflegeheime	4527	4392.79652870876	0.851774866803296	nein
2024-05-26	Alten- und Pflegeheime	4167	4356.70172190688	-1.22411680060796	nein
2024-06-02	Alten- und Pflegeheime	4237	4324.39239662731	-0.563793269302156	nein
2024-06-09	Alten- und Pflegeheime	4106	4296.23749488569	-1.23637769429769	nein
2024-06-16	Alten- und Pflegeheime	4255	4272.54850782378	-0.113590707107119	nein
2024-06-23	Alten- und Pflegeheime	4368	4253.57920537243	0.738509503398798	nein
2024-06-30	Alten- und Pflegeheime	4767	4239.52574383106	3.35803018029423	nein
2024-07-07	Alten- und Pflegeheime	3968	4230.52697031212	-1.72486903793569	nein
2024-07-14	Alten- und Pflegeheime	4436	4226.66477513307	1.35059463587755	nein
2024-07-21	Alten- und Pflegeheime	4456	4227.96438148149	1.47006830183761	nein
2024-07-28	Alten- und Pflegeheime	4126	4234.39450408554	-0.707531075123022	nein
2024-08-04	Alten- und Pflegeheime	4342	4245.8673534141	0.621678581709797	nein
2024-08-11	Alten- und Pflegeheime	4293	4262.23850744961	0.199075863918613	nein
2024-08-18	Alten- und Pflegeheime	4507	4283.30671771538	1.43369873785217	nein
2024-08-25	Alten- und Pflegeheime	4239	4308.81375835132	-0.451240146216689	nein
2024-09-01	Alten- und Pflegeheime	4437	4338.4444648679	0.630833666589771	nein
2024-09-08	Alten- und Pflegeheime	4598	4371.82714086018	1.43560311681396	nein
2024-09-15	Alten- und Pflegeheime	4270	4408.53453437537	-0.887945839467506	nein
2024-09-22	Alten- und Pflegeheime	4635	4448.0855986483	1.17844163319037	nein
2024-09-29	Alten- und Pflegeheime	4590	4489.94825243319	0.629977064509177	nein
2024-10-06	Alten- und Pflegeheime	4572	4533.54334127663	0.241563146051327	nein
2024-10-13	Alten- und Pflegeheime	4680	4578.24997138008	0.634662861876192	nein
2024-10-20	Alten- und Pflegeheime	4837	4623.41234152694	1.32073761246915	nein
2024-10-27	Alten- und Pflegeheime	4815	4668.3481362804	0.904725161640592	nein
2024-11-03	Alten- und Pflegeheime	4685	4712.35846695459	-0.169040471287045	nein
2024-11-10	Alten- und Pflegeheime	4565	4754.73925883254	-1.17394705556901	nein
2024-11-17	Alten- und Pflegeheime	4963	4794.79388832809	1.02350037414927	nein
2024-11-24	Alten- und Pflegeheime	4858	4831.846778174	0.159301692405536	nein
2024-12-01	Alten- und Pflegeheime	4833	4865.25756917295	-0.196198650193632	nein
2024-12-08	Alten- und Pflegeheime	5097	4894.43541096406	1.21865562649874	nein
2024-12-15	Alten- und Pflegeheime	4882	4918.85285884295	-0.222936424291272	nein
2024-12-22	Alten- und Pflegeheime	5144	4938.05883520591	1.23327949556164	nein
2024-12-29	Alten- und Pflegeheime	4793	4951.69011725631	-0.960642366759662	nein
2025-01-05	Alten- und Pflegeheime	4912	4959.48084947292	-0.286094374397031	nein
2025-01-12	Alten- und Pflegeheime	5104	4961.26964947493	0.854374999338712	nein
2025-01-19	Alten- und Pflegeheime	5110	4957.00397586809	0.915869751640138	nein
2025-01-26	Alten- und Pflegeheime	5596	4946.74155019594	3.82951814708158	nein
2025-02-02	Alten- und Pflegeheime	5337	4930.64876375546	2.41893426387825	nein
2025-02-09	Alten- und Pflegeheime	5407	4908.99614379274	2.96234700764407	nein
2025-02-16	Alten- und Pflegeheime	5546	4882.15109198237	3.93904909118239	nein
2025-02-23	Alten- und Pflegeheime	5788	4850.56823115721	5.53357717825617	nein
2025-03-02	Alten- und Pflegeheime	5575	4814.7777955314	4.52846797388622	nein
2025-03-09	Alten- und Pflegeheime	5308	4775.3725689698	3.20888238110967	nein
2025-03-16	Alten- und Pflegeheime	5132	4732.99391179882	2.42534301104902	nein
2025-03-23	Alten- und Pflegeheime	5246	4688.31741876572	3.38842462742798	nein
2025-03-30	Alten- und Pflegeheime	5026	4642.03872135382	2.35831495234521	nein
2025-04-06	Alten- und Pflegeheime	4805	4594.85989139455	1.3052947569828	nein
2025-04-13	Alten- und Pflegeheime	4782	4547.47682610535	1.46331817656928	nein
2025-04-20	Alten- und Pflegeheime	4780	4500.56790456926	1.75009021933199	nein
2025-04-27	Alten- und Pflegeheime	4254	4454.78410966961	-1.28693254658858	nein
2025-05-04	Alten- und Pflegeheime	4500	4410.7407145141	0.568814361741367	nein
2025-05-11	Alten- und Pflegeheime	4183	4369.01054432958	-1.2039297471317	nein
2025-05-18	Alten- und Pflegeheime	4285	4330.11874823765	-0.291795854343124	nein
2025-05-25	Alten- und Pflegeheime	4293	4294.5389533108	-0.00997904236183505	nein
2025-06-01	Alten- und Pflegeheime	4390	4262.69062748426	0.824605371360609	nein
2025-06-08	Alten- und Pflegeheime	4231	4234.93744859482	-0.0257208458995662	nein
2025-06-15	Alten- und Pflegeheime	4244	4211.58646333221	0.212042737667435	nein
2025-06-22	Alten- und Pflegeheime	4133	4192.88782075936	-0.394124946328334	nein
2025-06-29	Alten- und Pflegeheime	4245	4179.0348783569	0.432692138304005	nein
2025-07-06	Alten- und Pflegeheime	4354	4170.16450212371	1.20161290045825	nein
2025-07-13	Alten- und Pflegeheime	4070	4166.35741394085	-0.637163396790418	nein
2025-07-20	Alten- und Pflegeheime	4372	4167.63847710365	1.33509701953397	nein
2025-07-27	Alten- und Pflegeheime	4290	4173.97685272822	0.759982184175703	nein
2025-08-03	Alten- und Pflegeheime	4036	4185.28600389164	-0.98688158541232	nein
2025-08-10	Alten- und Pflegeheime	4110	4201.42356923439	-0.601720082396016	nein
2025-08-17	Alten- und Pflegeheime	4499	4222.19117175534	1.79127372902223	nein
2025-08-24	Alten- und Pflegeheime	4087	4247.33427004089	-1.05209052347668	nein
2025-08-31	Alten- und Pflegeheime	4391	4276.54219646599	0.740297686974319	nein
2025-09-07	Alten- und Pflegeheime	4210	4309.44855810505	-0.645942288960956	nein
2025-09-14	Alten- und Pflegeheime	4067	4345.63219916839	-1.81450026230309	nein
2025-09-21	Alten- und Pflegeheime	4479	4384.61893661496	0.602882677795686	nein
2025-09-28	Alten- und Pflegeheime	4111	4425.88428109887	-2.03300889202377	nein
2025-10-05	Alten- und Pflegeheime	4424	4468.85734172174	-0.285093206715447	nein
2025-10-12	Alten- und Pflegeheime	4488	4512.92608378987	-0.157452463672523	nein
2025-10-19	Alten- und Pflegeheime	4278	4557.44406326142	-1.77247453527072	nein
2025-10-26	Alten- und Pflegeheime	4622	4601.73870018742	0.126403015220499	nein
2025-11-02	Alten- und Pflegeheime	4605	4645.12107784206	-0.249526562306032	nein
2025-11-09	Alten- und Pflegeheime	4586	4686.89716746436	-0.625682188508917	nein
2025-11-16	Alten- und Pflegeheime	4727	4726.3802851091	0.00381052646453309	nein
2025-11-23	Alten- und Pflegeheime	4512	4762.90449285457	-1.54966928305005	nein
2025-11-30	Alten- und Pflegeheime	4824	4795.83856834669	0.171508558542489	nein
2025-12-07	Alten- und Pflegeheime	4856	4824.60009166039	0.190513460390545	nein
2025-12-14	Alten- und Pflegeheime	4977	4848.66914383559	0.773638071858461	nein
2025-12-21	Alten- und Pflegeheime	4931	4867.60108338343	0.382060958863338	nein
2025-12-28	Alten- und Pflegeheime	4909	4881.03787008256	0.168382491649955	nein
2026-01-04	Alten- und Pflegeheime	5026	4888.71744172062	0.822577170955468	nein
2026-01-11	Alten- und Pflegeheime	5410	4890.48071857055	3.0724944667294	nein
2026-01-18	Alten- und Pflegeheime	5660	4886.27590891499	4.53998051193126	nein
2026-01-25	Alten- und Pflegeheime	5361	4876.15991070862	2.87275138110761	nein
2026-02-01	Alten- und Pflegeheime	5405	4860.29674112589	3.22576940173329	nein
2026-02-08	Alten- und Pflegeheime	5363	4838.95306744643	3.1117970734107	nein
2026-02-15	Alten- und Pflegeheime	5308	4812.491049144	2.95286350197636	nein
2026-02-22	Alten- und Pflegeheime	5258	4781.3588223522	2.85138720179986	nein
2026-03-01	Alten- und Pflegeheime	5157	4746.07905573928	2.472874639122	nein
2026-03-08	Alten- und Pflegeheime	4624	4707.23607514644	-0.511712035535037	nein
2026-03-15	Alten- und Pflegeheime	4599	4665.46208977244	-0.410319445729299	nein
2026-03-22	Alten- und Pflegeheime	4511	4621.42305476961	-0.686361728233417	nein
2026-03-29	Alten- und Pflegeheime	4470	4575.80467613594	-0.66114293417427	nein
2026-04-05	Alten- und Pflegeheime	4555	4529.2990083247	0.160722784287165	nein
2026-04-12	Alten- und Pflegeheime	4460	4482.59201927641	-0.142343082102747	nein
2026-04-19	Alten- und Pflegeheime	4521	4436.35240875142	0.534248316911195	nein
2026-04-26	Alten- und Pflegeheime	4300	4391.22187120778	-0.582863940231778	nein
2026-05-03	Alten- und Pflegeheime	4432	4347.80690084607	0.537307002789473	nein
2026-05-10	Alten- und Pflegeheime	4534	4306.67214964551	1.45051439823254	nein
2026-05-17	Alten- und Pflegeheime	4265	4268.33527373748	-0.021575044097395	nein
2026-05-24	Alten- und Pflegeheime	4417	4233.26314233683	1.18533898788307	nein
2026-05-31	Alten- und Pflegeheime	4244	4201.86923828046	0.274407131914736	nein
2026-06-07	Alten- und Pflegeheime	3958	4174.5120503372	-1.43016124464335	nein
2026-06-14	Alten- und Pflegeheime	4051	4151.4942441596	-0.662671336993253	nein
2026-06-21	Alten- und Pflegeheime	4365	4133.06239960633	1.51296333656834	nein
2026-06-28	Alten- und Pflegeheime	6016	4119.40711527365	11.7039899532772	nein
2026-07-05	Alten- und Pflegeheime	5047	4110.66330431399	5.96829195954357	nein
2026-07-12	Alten- und Pflegeheime	4494	4106.91053684365	2.51821251323945	nein
2026-07-19	Alten- und Pflegeheime	4508	4108.17332140075	2.59916209259344	nein
2026-07-26	Alten- und Pflegeheime	4112	4114.42125912013	-0.0159751633413577	nein
2026-08-02	Alten- und Pflegeheime	4551	4125.5690478145	2.7560510942764	nein
2026-08-09	Alten- und Pflegeheime	4626	4141.47635738025	3.12503686917608	nein
2026-08-16	Alten- und Pflegeheime	4506	4161.94764132072	2.22445753362919	ja
2026-08-23	Alten- und Pflegeheime	4182	4186.73199009798	-0.0309044987271154	ja
2026-08-30	Alten- und Pflegeheime	4189	4215.5231687888	-0.172673001840884	ja
2026-09-06	Alten- und Pflegeheime	4071	4247.96001227526	-1.15374753495671	ja
2026-09-13	Alten- und Pflegeheime	4291	4283.62737394883	0.0474802509346927	ja
2026-09-20	Alten- und Pflegeheime	4225	4322.05783655886	-0.624257429877655	ja
2026-09-27	Alten- und Pflegeheime	4020	4362.73439433579	-2.21336788334916	ja
2016-10-09	Deutschland	16352	16789.1816985631	-0.751270879366672	nein
2016-10-16	Deutschland	17426	16957.0724532951	0.794800756590718	nein
2016-10-23	Deutschland	17599	17132.4517814528	0.786870807008646	nein
2016-10-30	Deutschland	17588	17312.9320651257	0.462417399749785	nein
2016-11-06	Deutschland	17579	17495.975513154	0.139112905324993	nein
2016-11-13	Deutschland	17783	17678.9251599584	0.173465193942145	nein
2016-11-20	Deutschland	18589	17859.0422568696	1.20369378138504	nein
2016-11-27	Deutschland	17912	18033.5497742	-0.201051243957743	nein
2016-12-04	Deutschland	18146	18199.681349216	-0.088338246267902	nein
2016-12-11	Deutschland	18792	18354.7346196639	0.713416953889271	nein
2016-12-18	Deutschland	18884	18496.1275021746	0.63075818560496	nein
2016-12-25	Deutschland	19372	18621.4556400898	1.21270272267853	nein
2017-01-01	Deutschland	19736	18728.5489866606	1.61977299686568	nein
2017-01-08	Deutschland	20918	18815.525334889	3.34225355647854	nein
2017-01-15	Deutschland	22070	18880.8385761605	5.01786602003712	nein
2017-01-22	Deutschland	21236	18923.319578844	3.66086938751936	nein
2017-01-29	Deutschland	22083	18942.2078266496	4.9372588516373	nein
2017-02-05	Deutschland	23640	18937.1723338596	7.30660688328646	nein
2017-02-12	Deutschland	22745	18908.3208378134	6.00541700159446	nein
2017-02-19	Deutschland	22684	18856.1968251923	6.0006819635004	nein
2017-02-26	Deutschland	22267	18781.7645375086	5.48939164677839	nein
2017-03-05	Deutschland	20930	18686.3826792504	3.57848097246549	nein
2017-03-12	Deutschland	19102	18571.7680769598	0.860839468480072	nein
2017-03-19	Deutschland	18665	18439.9509720332	0.367728668819447	nein
2017-03-26	Deutschland	17640	18293.2239459634	-1.08050735835654	nein
2017-04-02	Deutschland	17732	18134.0866570784	-0.66659883254217	nein
2017-04-09	Deutschland	17031	17965.1886078396	-1.5642723317076	nein
2017-04-16	Deutschland	16901	17789.2720685934	-1.49446758881543	nein
2017-04-23	Deutschland	16638	17609.1170747205	-1.64397236916729	nein
2017-04-30	Deutschland	17634	17427.490114415	0.347508140728442	nein
2017-05-07	Deutschland	17130	17247.097763418	-0.19872575097519	nein
2017-05-14	Deutschland	17343	17070.5461317631	0.463088821487426	nein
2017-05-21	Deutschland	17079	16900.3065952567	0.305571361531921	nein
2017-05-28	Deutschland	16451	16738.6879163677	-0.496699979995562	nein
2017-06-04	Deutschland	16903	16587.8145354038	0.543440558829141	nein
2017-06-11	Deutschland	15846	16449.6105471109	-1.05506714873727	nein
2017-06-18	Deutschland	16087	16325.7886778182	-0.417455940076024	nein
2017-06-25	Deutschland	16819	16217.8434461396	1.04561402745539	nein
2017-07-02	Deutschland	16076	16127.0476236765	-0.0896421770740985	nein
2017-07-09	Deutschland	16424	16054.4511054916	0.647681841749737	nein
2017-07-16	Deutschland	15603	16000.8813455773	-0.704192528507372	nein
2017-07-23	Deutschland	16590	15966.9446013757	1.09238525753278	nein
2017-07-30	Deutschland	16059	15953.0273546825	0.186891112674348	nein
2017-08-06	Deutschland	16494	15959.297425504	0.938759069567555	nein
2017-08-13	Deutschland	15784	15985.7044628577	-0.356581948265756	nein
2017-08-20	Deutschland	16149	16031.9796750856	0.205910381963677	nein
2017-08-27	Deutschland	15880	16097.6348455693	-0.383540508964569	nein
2017-09-03	Deutschland	16064	16181.9608616047	-0.207143946313688	nein
2017-09-10	Deutschland	15707	16284.026158384	-1.01501218460981	nein
2017-09-17	Deutschland	16147	16402.6756397952	-0.446641560145295	nein
2017-09-24	Deutschland	16505	16536.5307756984	-0.0547360585568846	nein
2017-10-01	Deutschland	16747	16683.9916832516	0.108798865817084	nein
2017-10-08	Deutschland	16664	16843.2420689458	-0.308796280223811	nein
2017-10-15	Deutschland	17470	17012.2579292556	0.779830924867279	nein
2017-10-22	Deutschland	17139	17188.8208727715	-0.0848596296591976	nein
2017-10-29	Deutschland	17059	17370.5368284152	-0.529201580037116	nein
2017-11-05	Deutschland	16762	17554.8607386143	-1.34597924824559	nein
2017-11-12	Deutschland	17371	17739.1276028192	-0.619102979360828	nein
2017-11-19	Deutschland	17595	17920.5899402294	-0.544544318712504	nein
2017-11-26	Deutschland	17677	18096.4613917315	-0.698709342954896	nein
2017-12-03	Deutschland	17877	18263.9657967424	-0.641390931807833	nein
2017-12-10	Deutschland	18295	18420.3906837201	-0.20644484270518	nein
2017-12-17	Deutschland	18504	18563.1437312027	-0.0969393293759752	nein
2017-12-24	Deutschland	18502	18689.8104198433	-0.307132877915588	nein
2017-12-31	Deutschland	18651	18798.2108357596	-0.239951706485775	nein
2018-01-07	Deutschland	19341	18886.4534294953	0.735271242632458	nein
2018-01-14	Deutschland	18770	18952.9835047122	-0.297130432055038	nein
2018-01-21	Deutschland	19187	18996.6243191467	0.307771632580099	nein
2018-01-28	Deutschland	19171	19016.6089288452	0.249550140475198	nein
2018-02-04	Deutschland	19558	19012.6012844326	0.878700944282531	nein
2018-02-11	Deutschland	20086	18984.7055723742	1.76730105324719	nein
2018-02-18	Deutschland	21254	18933.4633517831	3.69162393304283	nein
2018-02-25	Deutschland	22888	18859.838627993	6.33468430379241	nein
2018-03-04	Deutschland	25534	18765.1915842243	10.4567360317053	nein
2018-03-11	Deutschland	26777	18651.242219667	12.4699303572121	nein
2018-03-18	Deutschland	24385	18520.0255789146	9.17595186328228	nein
2018-03-25	Deutschland	22777	18373.8405755104	6.99148387162372	nein
2018-04-01	Deutschland	20906	18215.1945942508	4.3496948287221	nein
2018-04-08	Deutschland	20038	18046.7460980186	3.25264749125771	nein
2018-04-15	Deutschland	19165	17871.2473723807	2.13648281721859	nein
2018-04-22	Deutschland	17992	17691.4893323656	0.503298576469483	nein
2018-04-29	Deutschland	17093	17510.2500158025	-0.707284945042453	nein
2018-05-06	Deutschland	16789	17330.2480259592	-0.923457515411975	nein
2018-05-13	Deutschland	17226	17154.1017939106	0.122573647434246	nein
2018-05-20	Deutschland	16488	16984.2951374869	-0.855158979091188	nein
2018-05-27	Deutschland	16513	16823.1492242403	-0.536015767298099	nein
2018-06-03	Deutschland	17039	16672.8007207122	0.631501922794221	nein
2018-06-10	Deutschland	16714	16535.1856432521	0.310224584089317	nein
2018-06-17	Deutschland	15582	16412.0282244841	-1.46054942389683	nein
2018-06-24	Deutschland	15843	16304.8339764604	-0.812249081599488	nein
2018-07-01	Deutschland	16569	16214.8860642526	0.619327899267425	nein
2018-07-08	Deutschland	16622	16143.2440965765	0.838125243366935	nein
2018-07-15	Deutschland	16071	16090.7444852756	-0.034799278497966	nein
2018-07-22	Deutschland	16702	16058.0016143209	1.12851853366425	nein
2018-07-29	Deutschland	18340	16045.4091825059	3.95833803497454	nein
2018-08-05	Deutschland	20371	16053.1412337062	7.31168962848823	nein
2018-08-12	Deutschland	18478	16081.1525566461	4.12643449216875	nein
2018-08-19	Deutschland	16890	16129.1783155398	1.32880822641505	nein
2018-08-26	Deutschland	16612	16196.7329572874	0.726298409331913	nein
2018-09-02	Deutschland	16000	16283.1086239297	-0.497376422047756	nein
2018-09-09	Deutschland	16390	16387.3734744985	0.00458606714702006	nein
2018-09-16	Deutschland	16292	16508.3704814958	-0.377234404062856	nein
2018-09-23	Deutschland	16651	16644.7174065157	0.0108835034446492	nein
2018-09-30	Deutschland	15969	16794.808768741	-1.43611802559083	nein
2018-10-07	Deutschland	16622	16956.8206902859	-0.576538422436981	nein
2018-10-14	Deutschland	16993	17128.719524546	-0.23204581082798	nein
2018-10-21	Deutschland	16552	17308.2751392809	-1.29405009435903	nein
2018-10-28	Deutschland	16608	17493.0796280641	-1.50808613037563	nein
2018-11-04	Deutschland	16895	17680.5720576402	-1.32987406527695	nein
2018-11-11	Deutschland	17604	17868.0696242568	-0.442398435148573	nein
2018-11-18	Deutschland	16842	18052.805293876	-2.03605530241841	nein
2018-11-25	Deutschland	17785	18231.9716499845	-0.742361613766651	nein
2018-12-02	Deutschland	18091	18402.7702854833	-0.514682697030472	nein
2018-12-09	Deutschland	18342	18562.4656747727	-0.362035114044301	nein
2018-12-16	Deutschland	17943	18708.4420764855	-1.25810672018868	nein
2018-12-23	Deutschland	18990	18838.2616770892	0.246472314605174	nein
2018-12-30	Deutschland	17954	18949.7219217805	-1.62910928490834	nein
2019-01-06	Deutschland	18687	19040.9098199048	-0.574256569465498	nein
2019-01-13	Deutschland	19170	19110.2509795837	0.0964156349189205	nein
2019-01-20	Deutschland	19163	19156.5512332899	0.0103980005794026	nein
2019-01-27	Deutschland	19505	19179.0289644493	0.523825885697367	nein
2019-02-03	Deutschland	19812	19177.3366240436	1.01723540978635	nein
2019-02-10	Deutschland	19981	19151.5704128163	1.32810708174089	nein
2019-02-17	Deutschland	20150	19102.2676658328	1.67674589982657	nein
2019-02-24	Deutschland	20349	19030.3920712632	2.10944222556878	nein
2019-03-03	Deutschland	20790	18937.307440377	2.95797026495122	nein
2019-03-10	Deutschland	20453	18824.7412779406	2.61219874886317	nein
2019-03-17	Deutschland	19795	18694.7398438311	1.77916611594665	nein
2019-03-24	Deutschland	19016	18549.6167189624	0.761306741919553	nein
2019-03-31	Deutschland	18562	18391.8970741044	0.279611756277709	nein
2019-04-07	Deutschland	18671	18224.2598838373	0.735922899777373	nein
2019-04-14	Deutschland	17852	18049.4802366988	-0.328839678867057	nein
2019-04-21	Deutschland	18089	17870.3736839376	0.364491413565189	nein
2019-04-28	Deutschland	17894	17689.7442683227	0.342332441745122	nein
2019-05-05	Deutschland	17090	17510.3375109632	-0.712363502597725	nein
2019-05-12	Deutschland	17118	17334.7992392303	-0.368581768794893	nein
2019-05-19	Deutschland	17315	17165.6407422612	0.254287734346896	nein
2019-05-26	Deutschland	17080	17005.2103678942	0.128028100400317	nein
2019-06-02	Deutschland	16922	16855.6713465144	0.114060354875064	nein
2019-06-09	Deutschland	17491	16718.9853572699	1.32384921778043	nein
2019-06-16	Deutschland	16484	16596.9011483582	-0.196018003483998	nein
2019-06-23	Deutschland	16640	16490.947387884	0.258934949777571	nein
2019-06-30	Deutschland	17917	16402.4288529257	2.60312950270316	nein
2019-07-07	Deutschland	16552	16332.4250562814	0.383021377474573	nein
2019-07-14	Deutschland	16319	16281.7904551456	0.0651285971417266	nein
2019-07-21	Deutschland	16856	16251.1554749146	1.05359533158141	nein
2019-07-28	Deutschland	19630	16240.9277054442	5.75202881232231	nein
2019-08-04	Deutschland	17034	16251.292777848	1.36095719254412	nein
2019-08-11	Deutschland	16540	16282.2145994881	0.450159586608762	nein
2019-08-18	Deutschland	15934	16333.4348060833	-0.701104322217719	nein
2019-08-25	Deutschland	16263	16404.4714763355	-0.247107117335249	nein
2019-09-01	Deutschland	17636	16494.6173399046	1.96300615923073	nein
2019-09-08	Deutschland	15988	16602.9378875786	-1.07270451521688	nein
2019-09-15	Deutschland	16303	16728.2699562467	-0.737548558910118	nein
2019-09-22	Deutschland	16500	16869.2215031958	-0.637230751069583	nein
2019-09-29	Deutschland	17402	17024.1733959297	0.644299877504759	nein
2019-10-06	Deutschland	16899	17191.2841160733	-0.499193832408913	nein
2019-10-13	Deutschland	17666	17368.4982997139	0.502585051397668	nein
2019-10-20	Deutschland	17713	17553.560002968	0.268251803174339	nein
2019-10-27	Deutschland	17327	17744.0314834197	-0.701597906808465	nein
2019-11-03	Deutschland	17488	17937.3181208402	-0.751932026536386	nein
2019-11-10	Deutschland	17859	18130.6998637334	-0.451427935157962	nein
2019-11-17	Deutschland	18242	18321.3692864232	-0.130931595974905	nein
2019-11-24	Deutschland	18535	18506.4759852709	0.0467665915588961	nein
2019-12-01	Deutschland	18581	18683.1766493207	-0.166903134950989	nein
2019-12-08	Deutschland	19143	18848.6897333962	0.476901361856283	nein
2019-12-15	Deutschland	19101	19000.3532686472	0.162694968868134	nein
2019-12-22	Deutschland	19062	19135.6839979579	-0.118856856414462	nein
2019-12-29	Deutschland	18204	19252.4357530703	-1.70050295581051	nein
2020-01-05	Deutschland	18883	19348.6548254794	-0.749417151116808	nein
2020-01-12	Deutschland	19408	19422.7300466938	-0.0235673684312721	nein
2020-01-19	Deutschland	18953	19473.4353987552	-0.8352090729969	nein
2020-01-26	Deutschland	18827	19499.9632249253	-1.08068542322802	nein
2020-02-02	Deutschland	19774	19501.946492558	0.433325771170121	nein
2020-02-09	Deutschland	19038	19479.4690524319	-0.707926011248293	nein
2020-02-16	Deutschland	19648	19433.0631004499	0.34315663243973	nein
2020-02-23	Deutschland	18953	19363.6936607443	-0.660474279781431	nein
2020-03-01	Deutschland	19505	19272.7332677069	0.372369705567965	nein
2020-03-08	Deutschland	19667	19161.925623818	0.810255255608486	nein
2020-03-15	Deutschland	19849	19033.340246503	1.309560996344	nein
2020-03-22	Deutschland	19722	18889.3204482907	1.34188127191937	nein
2020-03-29	Deutschland	19678	18732.4268784133	1.52880790597669	nein
2020-04-05	Deutschland	20662	18565.3789021506	3.372179204301	nein
2020-04-12	Deutschland	20502	18390.9960051574	3.4108541680393	nein
2020-04-19	Deutschland	19261	18212.1412011563	1.71857732595723	nein
2020-04-26	Deutschland	18557	18031.6681180826	0.869160289747651	nein
2020-05-03	Deutschland	17920	17852.3730701822	0.112932680751848	nein
2020-05-10	Deutschland	17651	17676.9530233207	-0.0435972799676231	nein
2020-05-17	Deutschland	17001	17507.9699579848	-0.85979391512267	nein
2020-05-24	Deutschland	17163	17347.8217553679	-0.313946315393012	nein
2020-05-31	Deutschland	16776	17198.7193972763	-0.722910221146359	nein
2020-06-07	Deutschland	17262	17062.6699948269	0.340190891991275	nein
2020-06-14	Deutschland	16601	16941.4649522306	-0.586278648279682	nein
2020-06-21	Deutschland	16401	16836.672432861	-0.753332930969025	nein
2020-06-28	Deutschland	17293	16749.6332231728	0.93293706125658	nein
2020-07-05	Deutschland	16457	16681.4590802349	-0.38913218278398	nein
2020-07-12	Deutschland	16142	16633.0326929191	-0.854859847628065	nein
2020-07-19	Deutschland	16537	16605.0084762535	-0.117993866291683	nein
2020-07-26	Deutschland	16887	16597.8135440471	0.5000621718116	nein
2020-08-02	Deutschland	17433	16611.6483579525	1.41232141363787	nein
2020-08-09	Deutschland	17470	16646.486723699	1.41454842635594	nein
2020-08-16	Deutschland	19720	16702.0749900889	5.07161898573649	nein
2020-08-23	Deutschland	17559	16777.930496871	1.33697293359133	nein
2020-08-30	Deutschland	16656	16873.3395073891	-0.374611423638407	nein
2020-09-06	Deutschland	16789	16987.3550444359	-0.340660152242582	nein
2020-09-13	Deutschland	17155	17118.79521598	0.0617946484711012	nein
2020-09-20	Deutschland	17555	17266.2427635772	0.489534773605972	nein
2020-09-27	Deutschland	17446	17428.0466816631	0.030371982721427	nein
2020-10-04	Deutschland	17614	17602.3268312043	0.0196495945376634	nein
2020-10-11	Deutschland	17501	17786.9824967618	-0.480201563720353	nein
2020-10-18	Deutschland	17754	17979.7058028148	-0.376697056690822	nein
2020-10-25	Deutschland	18588	18178.0008056781	0.676517196062009	nein
2020-11-01	Deutschland	18584	18379.2089067738	0.336659269518961	nein
2020-11-08	Deutschland	19007	18580.5409907184	0.695829533388691	nein
2020-11-15	Deutschland	19727	18779.1163823335	1.53139314909727	nein
2020-11-22	Deutschland	20182	18972.0083511189	1.94055475891648	nein
2020-11-29	Deutschland	21304	19156.2954874457	3.40161135074357	nein
2020-12-06	Deutschland	22604	19329.1178555087	5.11853390678476	nein
2020-12-13	Deutschland	24003	19487.7364228711	6.96429120146849	nein
2020-12-20	Deutschland	24724	19629.5939073571	7.79768525783845	nein
2020-12-27	Deutschland	25554	19752.3749016243	8.8099425890524	nein
2021-01-03	Deutschland	25541	19854.0629636484	8.62197194187362	nein
2021-01-10	Deutschland	24919	19932.9923209714	7.5826011623671	nein
2021-01-17	Deutschland	24532	19987.8919419179	6.92351502457645	nein
2021-01-24	Deutschland	24129	20017.9199803058	6.2790524990124	nein
2021-01-31	Deutschland	22674	20022.6869907887	4.09334078745518	nein
2021-02-07	Deutschland	21773	20002.2668164608	2.75397676665442	nein
2021-02-14	Deutschland	20946	19957.194634387	1.54927446409148	nein
2021-02-21	Deutschland	20493	19888.4522661087	0.951883335695534	nein
2021-02-28	Deutschland	18979	19797.4414730478	-1.30736236486582	nein
2021-03-07	Deutschland	18455	19685.946516065	-1.97932483833525	nein
2021-03-14	Deutschland	18606	19556.0877246222	-1.5292538882561	nein
2021-03-21	Deutschland	18374	19410.2681635531	-1.67582703637124	nein
2021-03-28	Deutschland	18437	19251.1156856635	-1.31963652945411	nein
2021-04-04	Deutschland	18520	19081.4227104738	-0.912178304428199	nein
2021-04-11	Deutschland	18873	18904.0859802212	-0.0505128644298089	nein
2021-04-18	Deutschland	19098	18722.0483314932	0.611730023397512	nein
2021-04-25	Deutschland	19282	18538.2442105624	1.21235289316492	nein
2021-05-02	Deutschland	19555	18355.550283574	1.95711699262105	nein
2021-05-09	Deutschland	19329	18176.7420817137	1.89010518727611	nein
2021-05-16	Deutschland	18579	18004.4572073817	0.951845465653416	nein
2021-05-23	Deutschland	17811	17841.1652372388	-0.0504856188406312	nein
2021-05-30	Deutschland	17193	17689.1441132042	-0.837691011807584	nein
2021-06-06	Deutschland	18191	17550.4625280304	1.07422535532279	nein
2021-06-13	Deutschland	17442	17426.9675964961	0.0254494563689063	nein
2021-06-20	Deutschland	19076	17320.2769591969	2.93384280641002	nein
2021-06-27	Deutschland	17191	17231.7743912611	-0.069462240411771	nein
2021-07-04	Deutschland	17013	17162.6079773716	-0.25565969786837	nein
2021-07-11	Deutschland	16994	17113.6899592722	-0.204770924070512	nein
2021-07-18	Deutschland	17662	17085.6974533826	0.980173662605725	nein
2021-07-25	Deutschland	17613	17079.0733649222	0.908650102437718	nein
2021-08-01	Deutschland	17211	17094.0269821354	0.199781764213468	nein
2021-08-08	Deutschland	17021	17130.5339116148	-0.187289118797654	nein
2021-08-15	Deutschland	17560	17188.3352059017	0.631485705127346	nein
2021-08-22	Deutschland	17501	17266.9357306456	0.397307680145811	nein
2021-08-29	Deutschland	17151	17365.6020140232	-0.364799454299766	nein
2021-09-05	Deutschland	17341	17483.3600090981	-0.241002299580835	nein
2021-09-12	Deutschland	18879	17618.993373082	2.0973622464253	nein
2021-09-19	Deutschland	18057	17771.043017963	0.478195621793612	nein
2021-09-26	Deutschland	18157	17937.8088057529	0.365051288226176	nein
2021-10-03	Deutschland	18129	18117.3543390242	0.0193347723378611	nein
2021-10-10	Deutschland	18209	18307.5158235577	-0.162861765831819	nein
2021-10-17	Deutschland	18949	18505.9159454456	0.72496175296607	nein
2021-10-24	Deutschland	19761	18709.9836021407	1.70118166075536	nein
2021-10-31	Deutschland	20387	18916.9801508329	2.35801255127544	nein
2021-11-07	Deutschland	20426	19124.0325875089	2.08006608528881	nein
2021-11-14	Deutschland	21071	19328.1737509417	2.75972759357203	nein
2021-11-21	Deutschland	22344	19526.3892688925	4.40164866867432	nein
2021-11-28	Deutschland	23273	19715.6705470501	5.50012445461516	nein
2021-12-05	Deutschland	24185	19893.0726692261	6.57156886341966	nein
2021-12-12	Deutschland	24032	20055.7756599387	6.0782590207337	nein
2021-12-19	Deutschland	23009	20201.1471908633	4.31424229429662	nein
2021-12-26	Deutschland	22479	20326.804524234	3.31309748440767	nein
2022-01-02	Deutschland	22174	20430.6733097057	2.68526377463356	nein
2022-01-09	Deutschland	20870	20511.040810504	0.557844047420141	nein
2022-01-16	Deutschland	19921	20566.6012442877	-1.01014862337702	nein
2022-01-23	Deutschland	19845	20596.4911862673	-1.17597533368143	nein
2022-01-30	Deutschland	20224	20600.3133856624	-0.586997361616578	nein
2022-02-06	Deutschland	20698	20578.1478673532	0.186302728472264	nein
2022-02-13	Deutschland	20495	20530.5497931067	-0.0553950570026584	nein
2022-02-20	Deutschland	21165	20458.5341975229	1.09625425761391	nein
2022-02-27	Deutschland	20375	20363.5483455225	0.017912230104468	nein
2022-03-06	Deutschland	20811	20247.4330344076	0.88011884983003	nein
2022-03-13	Deutschland	21251	20112.3746434456	1.77597939910491	nein
2022-03-20	Deutschland	21357	19960.8500862095	2.18142339085814	nein
2022-03-27	Deutschland	21236	19795.5670263165	2.25914880503073	nein
2022-04-03	Deutschland	20883	19619.4017698877	1.99347625691262	nein
2022-04-10	Deutschland	20953	19435.3371551131	2.40056539009102	nein
2022-04-17	Deutschland	20253	19246.4025391264	1.60667568563999	nein
2022-04-24	Deutschland	19579	19055.6176618212	0.843004131765254	nein
2022-05-01	Deutschland	19361	18865.9417772042	0.801587627138123	nein
2022-05-08	Deutschland	19225	18680.2290189345	0.886076724056064	nein
2022-05-15	Deutschland	19265	18501.1905398034	1.24593898742831	nein
2022-05-22	Deutschland	18565	18331.3635629231	0.384677587744369	nein
2022-05-29	Deutschland	17232	18173.0871273549	-1.57333323007377	nein
2022-06-05	Deutschland	18104	18028.4840182103	0.12556003939116	nein
2022-06-12	Deutschland	17960	17899.4481496397	0.101056795849662	nein
2022-06-19	Deutschland	18497	17787.6365212841	1.18051537597688	nein
2022-06-26	Deutschland	19059	17694.464792454	2.26331293438701	nein
2022-07-03	Deutschland	18562	17621.1055076113	1.56980095673697	nein
2022-07-10	Deutschland	18155	17568.4880534006	0.983183264613803	nein
2022-07-17	Deutschland	19019	17537.2995220971	2.46577310732992	nein
2022-07-24	Deutschland	20987	17527.985789273	5.66020086653747	nein
2022-07-31	Deutschland	20297	17540.752275501	4.53543833203529	nein
2022-08-07	Deutschland	19972	17575.5640445497	3.95176965607198	nein
2022-08-14	Deutschland	19832	17632.1450860775	3.62811131496433	nein
2022-08-21	Deutschland	19932	17709.9768322295	3.65612796752189	nein
2022-08-28	Deutschland	18992	17808.2961579589	1.96018359504584	nein
2022-09-04	Deutschland	18294	17926.0933073874	0.611742613974692	nein
2022-09-11	Deutschland	18777	18062.1103656134	1.18048160788093	nein
2022-09-18	Deutschland	18276	18214.8410487896	0.101160498828253	nein
2022-09-25	Deutschland	19121	18382.5327058833	1.20848636262351	nein
2022-10-02	Deutschland	20402	18563.1915034357	2.96642010720682	nein
2022-10-09	Deutschland	20627	18754.5917897709	3.00456436000739	nein
2022-10-16	Deutschland	21790	18954.2905979808	4.49154548764978	nein
2022-10-23	Deutschland	21819	19159.6481397892	4.1960071873331	nein
2022-10-30	Deutschland	21449	19367.8549602394	3.28136590121723	nein
2022-11-06	Deutschland	19933	19575.966165538	0.567900350804134	nein
2022-11-13	Deutschland	20188	19780.9428084485	0.643780091447345	nein
2022-11-20	Deutschland	20825	19979.7001290468	1.3253505954491	nein
2022-11-27	Deutschland	21451	20169.1619220689	1.99328200783869	nein
2022-12-04	Deutschland	22273	20346.3198607586	2.96797718387642	nein
2022-12-11	Deutschland	24125	20508.2961817077	5.48025828584577	nein
2022-12-18	Deutschland	25977	20652.4077595547	7.9450403776855	nein
2022-12-25	Deutschland	28682	20776.2293088084	11.5653803951226	nein
2023-01-01	Deutschland	27291	20877.6532735777	9.4510303539321	nein
2023-01-08	Deutschland	25464	20954.9439290149	6.71843428175255	nein
2023-01-15	Deutschland	22713	21006.7833351937	2.59077640149042	nein
2023-01-22	Deutschland	21253	21032.3070568874	0.338735186747661	nein
2023-01-29	Deutschland	20657	21031.1279795617	-0.57696181301602	nein
2023-02-05	Deutschland	21083	21003.3470877508	0.122473793823278	nein
2023-02-12	Deutschland	20547	20949.5506902945	-0.622155012999026	nein
2023-02-19	Deutschland	20996	20870.7942329748	0.193062478139899	nein
2023-02-26	Deutschland	20901	20768.5734844442	0.204693903237886	nein
2023-03-05	Deutschland	21053	20644.7844686109	0.631508853877756	nein
2023-03-12	Deutschland	21935	20501.6740042732	2.20727147982285	nein
2023-03-19	Deutschland	21828	20341.7830689965	2.29670814011342	nein
2023-03-26	Deutschland	21332	20167.8854096738	1.81123923443859	nein
2023-04-02	Deutschland	20730	19982.9238713131	1.17165963772795	nein
2023-04-09	Deutschland	19974	19789.9468159573	0.29141992835381	nein
2023-04-16	Deutschland	20157	19592.0467744204	0.896206649487605	nein
2023-04-23	Deutschland	19861	19392.3031423947	0.747954949543916	nein
2023-04-30	Deutschland	19310	19193.7303322798	0.18707301065375	nein
2023-05-07	Deutschland	19055	18999.2323571904	0.0902384226760174	nein
2023-05-14	Deutschland	18896	18811.5643866643	0.137278902287532	nein
2023-05-21	Deutschland	18385	18633.3014030381	-0.406857013697327	nein
2023-05-28	Deutschland	18416	18466.8137256423	-0.0834918397246306	nein
2023-06-04	Deutschland	18032	18314.2488724757	-0.46670062718525	nein
2023-06-11	Deutschland	18389	18177.5190045614	0.349431411094121	nein
2023-06-18	Deutschland	17857	18058.2933967593	-0.334976015683083	nein
2023-06-25	Deutschland	18097	17957.9952876479	0.231243108061844	nein
2023-07-02	Deutschland	17059	17877.7993552099	-1.37762773919049	nein
2023-07-09	Deutschland	17168	17818.6316960686	-1.09478444054456	nein
2023-07-16	Deutschland	17758	17781.171090904	-0.0387992612849052	nein
2023-07-23	Deutschland	16779	17765.8504989548	-1.66853172418485	nein
2023-07-30	Deutschland	16976	17772.8582428238	-1.344565626201	nein
2023-08-06	Deutschland	16885	17802.1385312294	-1.54805438975926	nein
2023-08-13	Deutschland	17479	17853.3911663402	-0.627749600851031	nein
2023-08-20	Deutschland	18498	17926.0704866621	0.948661026277067	nein
2023-08-27	Deutschland	18159	18019.3837991556	0.231900116855702	nein
2023-09-03	Deutschland	16772	18132.2897483192	-2.28444226833984	nein
2023-09-10	Deutschland	18151	18263.4972478111	-0.186029707176141	nein
2023-09-17	Deutschland	17928	18411.4657534948	-0.798944042515582	nein
2023-09-24	Deutschland	17392	18574.4077763886	-1.95789545480181	nein
2023-10-01	Deutschland	17670	18750.2946100551	-1.77845400138883	nein
2023-10-08	Deutschland	18216	18936.8662694445	-1.17684005482972	nein
2023-10-15	Deutschland	18803	19131.64659772	-0.531864374014041	nein
2023-10-22	Deutschland	19492	19331.9643864929	0.256535848751765	nein
2023-10-29	Deutschland	20291	19534.9811685497	1.19948994445908	nein
2023-11-05	Deutschland	20392	19737.7260803464	1.03356295122086	nein
2023-11-12	Deutschland	20621	19937.1378597464	1.07459061522563	nein
2023-11-19	Deutschland	20837	20130.1136547223	1.10518509902495	nein
2023-11-26	Deutschland	21099	20313.5638900561	1.22161984278678	nein
2023-12-03	Deutschland	22058	20484.4719970392	2.42208768451504	nein
2023-12-10	Deutschland	23006	20639.9573867029	3.60659489688284	nein
2023-12-17	Deutschland	22700	20777.3396742292	2.93084304792771	nein
2023-12-24	Deutschland	23168	20894.201875139	3.44743169748298	nein
2023-12-31	Deutschland	22130	20988.4501235512	1.74165099418629	nein
2024-01-07	Deutschland	21851	21058.3674333179	1.21052355690113	nein
2024-01-14	Deutschland	21438	21102.6591480612	0.513413257536147	nein
2024-01-21	Deutschland	21815	21120.4880074049	1.0599053605259	nein
2024-01-28	Deutschland	22131	21111.4971816387	1.55235627189939	nein
2024-02-04	Deutschland	21934	21075.8201699112	1.30946637135496	nein
2024-02-11	Deutschland	22250	21014.077080707	1.88322487293798	nein
2024-02-18	Deutschland	21212	20927.3574726771	0.437852095263123	nein
2024-02-25	Deutschland	20225	20817.1905801576	-0.919879241500819	nein
2024-03-03	Deutschland	19918	20685.5043335082	-1.1978720059468	nein
2024-03-10	Deutschland	19333	20534.5750683559	-1.88938626046088	nein
2024-03-17	Deutschland	19412	20366.9701684991	-1.50491453682209	nein
2024-03-24	Deutschland	18753	20185.4860858281	-2.27733161308123	nein
2024-03-31	Deutschland	18842	19993.0842221038	-1.8346623131909	nein
2024-04-07	Deutschland	19083	19792.8270500737	-1.13295084461601	nein
2024-04-14	Deutschland	18416	19587.8166148828	-1.88810012290845	nein
2024-04-21	Deutschland	18161	19381.1372192186	-1.97770809903621	nein
2024-04-28	Deutschland	18685	19175.803690319	-0.794740679773977	nein
2024-05-05	Deutschland	18976	18974.7161884139	0.00208101859963528	nein
2024-05-12	Deutschland	18158	18780.622077128	-1.0202476953987	nein
2024-05-19	Deutschland	18742	18596.0849651408	0.23865315927269	nein
2024-05-26	Deutschland	17612	18423.4606672133	-1.34524158783054	nein
2024-06-02	Deutschland	17543	18264.8795368497	-1.20107043561681	nein
2024-06-09	Deutschland	17471	18122.2344008145	-1.08718942077072	nein
2024-06-16	Deutschland	17827	17997.1731797407	-0.283817985781753	nein
2024-06-23	Deutschland	18231	17891.0952063763	0.5659273691059	nein
2024-06-30	Deutschland	19174	17805.1502471631	2.26347395242254	nein
2024-07-07	Deutschland	17193	17740.2392850394	-0.922748625805329	nein
2024-07-14	Deutschland	18124	17697.0162217128	0.71428972683071	nein
2024-07-21	Deutschland	18097	17675.8897960994	0.704943175354367	nein
2024-07-28	Deutschland	17174	17677.0251826117	-0.849448508436761	nein
2024-08-04	Deutschland	17759	17700.3449197592	0.098458934402485	nein
2024-08-11	Deutschland	17456	17745.5290182063	-0.486992064617891	nein
2024-08-18	Deutschland	18429	17812.0143008095	1.02714445170054	nein
2024-08-25	Deutschland	17274	17898.9932283309	-1.05004965036462	nein
2024-09-01	Deutschland	17971	18005.4126565209	-0.0573244052048537	nein
2024-09-08	Deutschland	18526	18129.9731456523	0.654836623226165	nein
2024-09-15	Deutschland	17488	18271.1295941572	-1.30396148160535	nein
2024-09-22	Deutschland	18792	18427.0940847917	0.598650204382382	nein
2024-09-29	Deutschland	18821	18595.8419050626	0.368152271618277	nein
2024-10-06	Deutschland	18831	18775.1217237244	0.0910601386365474	nein
2024-10-13	Deutschland	19790	18962.470862841	1.33285836214452	nein
2024-10-20	Deutschland	20063	19155.2364928187	1.4537043343529	nein
2024-10-27	Deutschland	19619	19350.6033915751	0.429940546234496	nein
2024-11-03	Deutschland	19286	19545.6286486086	-0.415647831837003	nein
2024-11-10	Deutschland	19487	19737.2833657799	-0.398651467494942	nein
2024-11-17	Deutschland	20260	19922.5010212113	0.532371142993363	nein
2024-11-24	Deutschland	20645	20098.2317397883	0.85714914741522	nein
2024-12-01	Deutschland	20734	20261.5012787003	0.738113741916976	nein
2024-12-08	Deutschland	20821	20409.4731198251	0.640793754176747	nein
2024-12-15	Deutschland	20502	20539.5116960989	-0.058431230116956	nein
2024-12-22	Deutschland	21190	20649.2444999519	0.836128868263401	nein
2024-12-29	Deutschland	20223	20736.6206587221	-0.799193560574178	nein
2025-01-05	Deutschland	21485	20799.9635380931	1.05407152939919	nein
2025-01-12	Deutschland	22178	20838.015063364	2.04949820022075	nein
2025-01-19	Deutschland	21739	20849.9697306551	1.36408140604874	nein
2025-01-26	Deutschland	23192	20835.496703372	3.57692935774193	nein
2025-02-02	Deutschland	22617	20794.7489276308	2.77973283141294	nein
2025-02-09	Deutschland	22528	20728.3588170113	2.75008321837267	nein
2025-02-16	Deutschland	22865	20637.4207072958	3.40049210200259	nein
2025-02-23	Deutschland	23481	20523.4609177145	4.50266131577285	nein
2025-03-02	Deutschland	22808	20388.3968300338	3.71051493107644	nein
2025-03-09	Deutschland	22140	20234.4868700287	2.94465571889927	nein
2025-03-16	Deutschland	21724	20064.2736168328	2.58056514702406	nein
2025-03-23	Deutschland	21322	19880.5224562176	2.25542264989978	nein
2025-03-30	Deutschland	20516	19686.1582294789	1.31130295759042	nein
2025-04-06	Deutschland	19949	19484.2022188211	0.740539362549369	nein
2025-04-13	Deutschland	19746	19277.7115726711	0.750104538158023	nein
2025-04-20	Deutschland	19410	19069.7229382392	0.548650196691849	nein
2025-04-27	Deutschland	18082	18863.2016667237	-1.27924386309703	nein
2025-05-04	Deutschland	18843	18660.9975229487	0.297093383314975	nein
2025-05-11	Deutschland	17732	18465.8073981549	-1.21431436213189	nein
2025-05-18	Deutschland	18044	18280.1451199167	-0.390991072672527	nein
2025-05-25	Deutschland	17607	18106.3180984667	-0.832790577898904	nein
2025-06-01	Deutschland	18377	17946.4102589538	0.715195514582075	nein
2025-06-08	Deutschland	17775	17802.2704924605	-0.0456717588144027	nein
2025-06-15	Deutschland	17471	17675.5057169915	-0.344308081257655	nein
2025-06-22	Deutschland	17452	17567.4775702216	-0.194853037727982	nein
2025-06-29	Deutschland	17799	17479.3017520364	0.538575220642157	nein
2025-07-06	Deutschland	18127	17411.8490880519	1.20259752184028	nein
2025-07-13	Deutschland	17053	17365.7474855145	-0.531766384753604	nein
2025-07-20	Deutschland	17612	17341.3840903212	0.457859162236001	nein
2025-07-27	Deutschland	17177	17338.9071188898	-0.275076824022558	nein
2025-08-03	Deutschland	16657	17358.2270226568	-1.19692288009213	nein
2025-08-10	Deutschland	17443	17399.0168383156	0.0744389236342242	nein
2025-08-17	Deutschland	18414	17460.7117764671	1.59674786933902	nein
2025-08-24	Deutschland	16953	17542.5082983827	-0.999493291597846	nein
2025-08-31	Deutschland	17453	17643.3631182817	-0.32055099310442	nein
2025-09-07	Deutschland	17175	17761.9927396406	-0.988711857217796	nein
2025-09-14	Deutschland	16920	17896.8742806102	-1.64504050852715	nein
2025-09-21	Deutschland	17930	18046.2484568705	-0.193322729674881	nein
2025-09-28	Deutschland	17475	18208.1256608317	-1.2205191314504	nein
2025-10-05	Deutschland	18164	18380.2960945035	-0.356599884663934	nein
2025-10-12	Deutschland	18809	18560.3448707541	0.406161091053887	nein
2025-10-19	Deutschland	18434	18745.6728869497	-0.509000059632316	nein
2025-10-26	Deutschland	19624	18933.5240919261	1.11193707913683	nein
2025-11-02	Deutschland	19262	19121.0195120186	0.226941799477616	nein
2025-11-09	Deutschland	19198	19305.1980800413	-0.172061348185495	nein
2025-11-16	Deutschland	19250	19483.0639345873	-0.372677237617528	nein
2025-11-23	Deutschland	19164	19651.6394443881	-0.77788430823668	nein
2025-11-30	Deutschland	20149	19808.0227885702	0.537846096300643	nein
2025-12-07	Deutschland	20125	19949.4485182959	0.276240854748164	nein
2025-12-14	Deutschland	20113	20073.3491712058	0.062255989108498	nein
2025-12-21	Deutschland	20133	20177.4157400198	-0.0695905775712061	nein
2025-12-28	Deutschland	19962	20259.654640041	-0.466301330332925	nein
2026-01-04	Deutschland	22117	20318.4387997946	2.76626315878301	nein
2026-01-11	Deutschland	23417	20352.5506274253	4.66394744865723	nein
2026-01-18	Deutschland	23273	20361.2148834361	4.43517425619306	nein
2026-01-25	Deutschland	22101	20344.119905346	2.70038088897425	nein
2026-02-01	Deutschland	22236	20301.4261565745	2.97227199669891	nein
2026-02-08	Deutschland	22230	20233.7616742036	3.07040507967345	nein
2026-02-15	Deutschland	22066	20142.2046245959	2.96711073833673	nein
2026-02-22	Deutschland	21524	20028.2537952728	2.3210748771084	nein
2026-03-01	Deutschland	21147	19893.7884106014	1.95495312178046	nein
2026-03-08	Deutschland	19826	19741.0191182457	0.134361280364127	nein
2026-03-15	Deutschland	19175	19572.4323233197	-0.633715286535217	nein
2026-03-22	Deutschland	18822	19390.7302302643	-0.912547011472356	nein
2026-03-29	Deutschland	18676	19198.7689844161	-0.842739269603223	nein
2026-04-05	Deutschland	18890	18999.4971945957	-0.176810906426093	nein
2026-04-12	Deutschland	18775	18795.8968842066	-0.0339014220675308	nein
2026-04-19	Deutschland	18985	18590.9285887631	0.640493609281781	nein
2026-04-26	Deutschland	18133	18387.4819245623	-0.418347882832527	nein
2026-05-03	Deutschland	18525	18188.3325296679	0.553510326081409	nein
2026-05-10	Deutschland	18511	17996.1058558874	0.849653820342008	nein
2026-05-17	Deutschland	17797	17813.2478960174	-0.0270806862829004	nein
2026-05-24	Deutschland	18271	17642.0025854183	1.04711092664911	nein
2026-05-31	Deutschland	17997	17484.3953353513	0.858051643952312	nein
2026-06-07	Deutschland	17012	17342.2219452878	-0.559474128359177	nein
2026-06-14	Deutschland	16846	17217.0420044576	-0.631144570075381	nein
2026-06-21	Deutschland	18312	17110.1758263186	2.01991210258917	nein
2026-06-28	Deutschland	24642	17022.7039569896	12.1699394742518	nein
2026-07-05	Deutschland	22582	16955.4683513739	9.14119191674503	nein
2026-07-12	Deutschland	18443	16909.0744091048	2.58407964398152	nein
2026-07-19	Deutschland	17925	16883.8931968143	1.76296533318483	nein
2026-07-26	Deutschland	16762	16880.0633443726	-0.202165423256503	nein
2026-08-02	Deutschland	18067	16897.4922822477	1.97643947028521	nein
2026-08-09	Deutschland	18154	16935.8566774638	2.05493501203693	nein
2026-08-16	Deutschland	17606	16994.6021199119	1.03529687752811	ja
2026-08-23	Deutschland	16673	17072.9423024364	-0.682177813973322	ja
2026-08-30	Deutschland	16795	17169.8581205995	-0.637215877296873	ja
2026-09-06	Deutschland	16604	17284.0972842594	-1.15531888719839	ja
2026-09-13	Deutschland	17109	17414.1751753856	-0.51437811219524	ja
2026-09-20	Deutschland	17013	17558.3777963753	-0.91721232496232	ja
2026-09-27	Deutschland	16854	17714.7677214607	-1.44497916647403	ja
